Agency,City,Vehicles Involved,Trailers Involved,Number Injured,Number Dead,Number Deer,House Number,Roadway Interchange,Roadway Ramp,Roadway Id,Intersecting Road,Interchange,Feet From,Direction,Latitude,Longitude,Roadway Class,Hit and Run?,Locality,School Zone?,Rumble Strips?,Construction?,Construction Type,Light Condition,Weather Conditions,Surface Condition,Type of Median,Roadway Junction Type,Road Character,Roadway Surface,Primary Factor,Manner of Collision,Unique Location Id,Traffic Control,DateTime,Address Number,Cyclist Involved,Pedestrian Involved
MONROE SD,BLOOMINGTON,1,0.0,0.0,0.0,0.0,,,,W MAY,S LEONARD SPRINGS RD,,450.0,W,39.012068899260775,-86.5491521075492,LOCAL/CITY RD,N,RURAL,N,N,N,,DAWN/DUSK,CLOUDY,SNOW/SLUSH,,NO JUNCTION INVOLVED,STRAIGHT/GRADE,ASPHALT,RAN OFF RD RIGHT,RAN OFF RD,MAYRDSLEONARDSPRINGSRD,NONE,2019-02-20 07:30:00,,,
BLOOMINGTON PD,BLOOMINGTON,3,0.0,2.0,0.0,0.0,,,,S LIBERTY,ST RD 45,,,,39.164561097943064,-86.53367804111583,ST RD,N,URBAN,N,N,N,,DAYLIGHT,CLEAR,DRY,,FOUR-WAY INTERSECTION,STRAIGHT/LEVEL,ASPHALT,FAILURE TO YIELD RIGHT OF WAY,RIGHT ANGLE,LIBERTYDRST RD 45 W,TRAFFIC CONTROL SIGNAL,2019-02-21 10:39:00,,,
BLOOMINGTON PD,BLOOMINGTON,2,0.0,2.0,0.0,0.0,,,,N COLLEGE,W 11TH ST,,100.0,S,39.16457455948439,-86.53367236726501,LOCAL/CITY RD,N,URBAN,N,N,N,,DAYLIGHT,CLEAR,DRY,,NO JUNCTION INVOLVED,STRAIGHT/GRADE,ASPHALT,IMPROPER LN USAGE,REAR END,11THSTNCOLLEGEAVE,NONE,2019-02-21 09:27:00,,,
BLOOMINGTON PD,BLOOMINGTON,1,0.0,0.0,0.0,0.0,,,,N CURRY,W PROFILE PKWY,,,,39.16853936061176,-86.53361788215346,LOCAL/CITY RD,N,URBAN,N,N,N,,DARK (NOT LIGHTED),CLEAR,DRY,,T-INTERSECTION,STRAIGHT/LEVEL,ASPHALT,RAN OFF RD RIGHT,RAN OFF RD,NORTHCURRYPKPROFILEPKWY,TRAFFIC CONTROL SIGNAL,2019-02-21 20:00:00,,,
BLOOMINGTON PD,BLOOMINGTON,2,0.0,2.0,0.0,0.0,,,,E 16TH,N GRANT ST,,,,39.17912953224956,-86.58312400846557,LOCAL/CITY RD,N,URBAN,N,N,N,,DAYLIGHT,CLEAR,DRY,,FOUR-WAY INTERSECTION,STRAIGHT/GRADE,ASPHALT,FAILURE TO YIELD RIGHT OF WAY,RIGHT ANGLE,16THSTGRANTST,STOP SIGN,2019-02-21 08:34:00,,,
MONROE SD,BLOOMINGTON,2,0.0,0.0,0.0,0.0,,,,N PROFILE,W ZENITH DR,,120.0,N,39.1821501968404,-86.5568965846848,LOCAL/CITY RD,N,URBAN,N,N,N,,DAYLIGHT,CLEAR,ICE,,T-INTERSECTION,CURVE/LEVEL,ASPHALT,RDWAY SURFACE CONDITION,OTHER - EXPLAIN IN NARRATIVE,PROFILEPKWYZENITHRD,NONE,2019-02-21 08:46:00,,,
MONROE SD,BLOOMINGTON,1,0.0,1.0,0.0,0.0,,,,S FAIRFAX,S MCCORMICK LN,,1500.0,N,39.13860874,-86.52215,COUNTY RD,N,RURAL,N,N,N,,DARK (NOT LIGHTED),CLEAR,ICE,,NO JUNCTION INVOLVED,CURVE/GRADE,ASPHALT,RAN OFF RD RIGHT,RAN OFF RD,SOUTHFARFAXRDSOUTHMCCORMICKLN,NONE,2019-02-21 06:47:00,,,
MONROE SD,BLOOMINGTON,1,0.0,1.0,0.0,0.0,,,,S ISON,,,1000.0,N,39.17157930234697,-86.51398986737429,LOCAL/CITY RD,N,RURAL,N,N,N,,DAWN/DUSK,CLEAR,ICE,,NO JUNCTION INVOLVED,CURVE/GRADE,ASPHALT,SPEED TOO FAST FOR WEATHER CONDITIONS,RAN OFF RD,SISONRDTOWERRD,NONE,2019-02-21 07:35:00,,,
MONROE SD,BLOOMINGTON,2,0.0,0.0,0.0,0.0,,,,S KENNEDY,E RHORER RD,,,,39.15051,-86.51106,LOCAL/CITY RD,N,RURAL,N,N,N,,DAWN/DUSK,CLEAR,DRY,,T-INTERSECTION,STRAIGHT/HILLCREST,ASPHALT,FAILURE TO YIELD RIGHT OF WAY,RIGHT TURN,KENNEDYDRIVERHORERRD,STOP SIGN,2019-02-21 07:29:00,,,
ISP BLOOMINGTON 33,BLOOMINGTON,1,0.0,0.0,0.0,0.0,,,,ST RD 46,N GETTYS CREEK RD,,2500.0,W,39.16852,-86.52979,ST RD,N,RURAL,N,N,N,,DAYLIGHT,CLEAR,ICE,,NO JUNCTION INVOLVED,CURVE/GRADE,ASPHALT,SPEED TOO FAST FOR WEATHER CONDITIONS,RAN OFF RD,GETTYSCREEKRDST RD 46,LN CONTROL,2019-02-21 08:12:00,,,
MONROE SD,BLOOMINGTON,1,0.0,0.0,0.0,0.0,,,,W ST RD 37,,,600.0,S,39.281580607620114,-86.66313296906867,LOCAL/CITY RD,N,RURAL,N,N,N,,DAYLIGHT,CLEAR,ICE,,NO JUNCTION INVOLVED,CURVE/LEVEL,ASPHALT,SPEED TOO FAST FOR WEATHER CONDITIONS,RAN OFF RD,OLDSTATERD37HWYSAMPLERD,NONE,2019-02-21 08:31:00,,,
MONROE SD,BLOOMINGTON,1,0.0,0.0,0.0,0.0,,,,W REEVES,COUNTY LINE RD 450 E,,1200.0,E,39.076048,-86.674496,LOCAL/CITY RD,N,RURAL,N,N,N,,DAWN/DUSK,CLEAR,ICE,,NO JUNCTION INVOLVED,CURVE/GRADE,ASPHALT,RDWAY SURFACE CONDITION,RAN OFF RD,NCOUNTYLINERDREEVESRD,NONE,2019-02-21 07:23:00,,,
MONROE SD,BLOOMINGTON,4,0.0,0.0,0.0,0.0,,,,N CURRY,W VERNAL PK,,2500.0,N,39.09331801571776,-86.5919777116401,LOCAL/CITY RD,N,URBAN,N,N,N,,DAYLIGHT,CLEAR,DRY,,NO JUNCTION INVOLVED,CURVE/LEVEL,ASPHALT,FOLLOWING TOO CLOSELY,REAR END,NCURRYPKVERNALPK,NONE,2019-02-22 07:47:00,,,
BLOOMINGTON PD,BLOOMINGTON,2,0.0,,0.0,0.0,,,,S WALNUT,W COUNTRY CLUB DR,,,,39.14501,-86.57776,LOCAL/CITY RD,Y,URBAN,N,N,N,,DAYLIGHT,CLEAR,DRY,,FOUR-WAY INTERSECTION,STRAIGHT/GRADE,ASPHALT,FOLLOWING TOO CLOSELY,REAR END,EWINSLOWRDSWALNUTST,TRAFFIC CONTROL SIGNAL,2019-02-22 11:10:00,,,
MONROE SD,BLOOMINGTON,1,0.0,0.0,0.0,0.0,,,,ST RD 45,E MARTIN DR,,100.0,E,39.17328,-86.53481,ST RD,N,URBAN,N,N,N,,DAYLIGHT,CLOUDY,LOOSE MATERIAL ON RD,,NO JUNCTION INVOLVED,CURVE/GRADE,ASPHALT,RDWAY SURFACE CONDITION,RAN OFF RD,EMARTINDRST RD 45E,NONE,2019-02-22 04:17:00,,,
BLOOMINGTON PD,BLOOMINGTON,2,0.0,0.0,0.0,0.0,,,,E 6TH,N GRANT ST,,100.0,E,39.17196394930052,-86.58298734318608,LOCAL/CITY RD,Y,URBAN,N,N,N,,UNKNOWN,,,,NO JUNCTION INVOLVED,STRAIGHT/LEVEL,ASPHALT,IMPROPER TURNING,SAME DIRECTION SIDESWIPE,6THSTGRANTST,NONE,2019-02-22 11:36:00,,,
BLOOMINGTON PD,BLOOMINGTON,2,0.0,0.0,0.0,0.0,,,,E HILLSIDE,S HENDERSON ST,,,,39.177710992518065,-86.52973326071256,LOCAL/CITY RD,N,URBAN,N,N,N,,DAYLIGHT,CLOUDY,DRY,,FOUR-WAY INTERSECTION,STRAIGHT/GRADE,ASPHALT,UNSAFE BACKING,BACKING CRASH,HENDERSONSTHILLSIDEDR,TRAFFIC CONTROL SIGNAL,2019-02-22 12:51:00,,,
BLOOMINGTON PD,BLOOMINGTON,2,0.0,0.0,0.0,0.0,,,,N DUNN,E 14TH,,,,39.17047,-86.59236,LOCAL/CITY RD,N,URBAN,N,N,N,,DAYLIGHT,CLOUDY,DRY,,NO JUNCTION INVOLVED,STRAIGHT/LEVEL,ASPHALT,FAILURE TO YIELD RIGHT OF WAY,RIGHT ANGLE,14THSTDUNNST,NONE,2019-02-22 10:00:00,,,
INDIANA UNIV BLOOMINGTON PD,BLOOMINGTON,2,0.0,0.0,0.0,0.0,160.0,,,N INDIANA,ALLEY,,,,39.07566,-86.50778,UNKNOWN,N,URBAN,N,N,N,,DAYLIGHT,CLOUDY,DRY,,T-INTERSECTION,STRAIGHT/LEVEL,ASPHALT,IMPROPER TURNING,LEFT TURN,INDIANAAVE,NONE,2019-02-22 11:35:00,,,
BLOOMINGTON PD,BLOOMINGTON,2,0.0,1.0,0.0,0.0,,,,S ROGERS,W 1ST,,,,39.10493987614034,-86.61033348171118,LOCAL/CITY RD,N,URBAN,N,Y,N,,DARK (NOT LIGHTED),CLEAR,DRY,,FIVE POINT OR MORE,STRAIGHT/LEVEL,ASPHALT,DISREGARD SIGNAL/REG SIGN,OTHER - EXPLAIN IN NARRATIVE,SROGERSSTW1STST,STOP SIGN,2019-02-22 21:13:00,,,
BLOOMINGTON PD,BLOOMINGTON,2,0.0,0.0,0.0,0.0,,,,W 3RD,I-69,,,,39.12141720131897,-86.52850071469898,LOCAL/CITY RD,N,URBAN,N,N,N,,DAYLIGHT,RAIN,WET,,FOUR-WAY INTERSECTION,STRAIGHT/LEVEL,ASPHALT,FOLLOWING TOO CLOSELY,REAR END,SSTATERD37RDW 3RDST,TRAFFIC CONTROL SIGNAL,2019-02-23 14:05:00,,,
INDIANA UNIV BLOOMINGTON PD,BLOOMINGTON,2,0.0,0.0,0.0,0.0,,,,E 3RD,S SWAIN AVE,,,,39.16296755350173,-86.414508765392,LOCAL/CITY RD,N,URBAN,N,N,N,,DARK (NOT LIGHTED),CLOUDY,WET,,T-INTERSECTION,STRAIGHT/LEVEL,ASPHALT,UNSAFE LN MOVEMENT,LEFT TURN,SWAINAVE 3RDST,LN CONTROL,2019-02-23 19:50:00,,,
BLOOMINGTON PD,BLOOMINGTON,2,0.0,0.0,0.0,0.0,,,,W 2ND,S ROGERS ST,,,,39.18973463718193,-86.5008221606396,LOCAL/CITY RD,Y,URBAN,N,N,N,,DAYLIGHT,RAIN,WET,,FOUR-WAY INTERSECTION,STRAIGHT/LEVEL,ASPHALT,FOLLOWING TOO CLOSELY,REAR END,SROGERSSTW 2NDST,TRAFFIC CONTROL SIGNAL,2019-02-23 13:03:00,,,
INDIANA UNIV BLOOMINGTON PD,BLOOMINGTON,1,0.0,1.0,0.0,0.0,,,,E 10TH,N SUNRISE DR,,,,39.24172,-86.68418,LOCAL/CITY RD,Y,URBAN,N,Y,N,,DAYLIGHT,CLOUDY,WET,,FOUR-WAY INTERSECTION,STRAIGHT/LEVEL,ASPHALT,FAILURE TO YIELD RIGHT OF WAY,RIGHT TURN,E 10THSTNSUNRISEDR,TRAFFIC CONTROL SIGNAL,2019-02-23 18:30:00,,True,
MONROE SD,ELLETTSVILLE,1,0.0,1.0,0.0,0.0,,,,W REEVES,W GILMORE RD,,,,39.17915,-86.58308,LOCAL/CITY RD,N,RURAL,N,N,N,,DARK (NOT LIGHTED),CLOUDY,WET,,T-INTERSECTION,CURVE/GRADE,ASPHALT,RAN OFF RD RIGHT,RAN OFF RD,WESTGILMORERDWESTEVESRD,NONE,2019-02-23 20:03:00,,,
BLOOMINGTON PD,BLOOMINGTON,2,0.0,0.0,0.0,0.0,,,,W 3RD,S PATTERSON DR,,,,39.13595929300455,-86.53112129757952,LOCAL/CITY RD,Y,URBAN,N,N,N,,DARK (LIGHTED),RAIN,WET,,INTERCHANGE,CURVE/GRADE,ASPHALT,SPEED TOO FAST FOR WEATHER CONDITIONS,REAR END,3RDSTPATTERSONST,TRAFFIC CONTROL SIGNAL,2019-02-24 01:33:00,,,
MONROE SD,BLOOMINGTON,1,0.0,0.0,0.0,0.0,,,,S ROCKPORT,W POPCORN RD,,2000.0,N,39.20474,-86.46327,COUNTY RD,N,RURAL,N,N,N,,DAYLIGHT,CLEAR,DRY,,NO JUNCTION INVOLVED,CURVE/LEVEL,ASPHALT,OVERCORRECTING/OVERSTEERING,OTHER - EXPLAIN IN NARRATIVE,POPCORNRDROCKPORTRD,NONE,2019-02-24 09:00:00,,,
BLOOMINGTON PD,BLOOMINGTON,1,0.0,0.0,0.0,0.0,250.0,,,S WASHINGTON,,,,,39.16748061253492,-86.52983102184562,LOCAL/CITY RD,N,URBAN,N,N,N,,DAYLIGHT,CLOUDY,DRY,,NO JUNCTION INVOLVED,STRAIGHT/GRADE,ASPHALT,RAN OFF RD RIGHT,OTHER - EXPLAIN IN NARRATIVE,WASHINGTONST,NONE,2019-02-24 09:04:00,,,
BLOOMINGTON PD,BLOOMINGTON,1,0.0,1.0,0.0,0.0,,,,S PATTERSON,W 2ND ST,,,,39.150538822540824,-86.52695148922275,LOCAL/CITY RD,N,URBAN,N,N,N,,DARK (LIGHTED),CLEAR,DRY,,FOUR-WAY INTERSECTION,STRAIGHT/LEVEL,ASPHALT,PEDESTRIAN ACTION,OTHER - EXPLAIN IN NARRATIVE,SPATTERSONDRW 2NDST,TRAFFIC CONTROL SIGNAL,2019-02-25 19:20:00,,,True
BLOOMINGTON PD,BLOOMINGTON,2,0.0,0.0,0.0,0.0,,,,W COUNTRY CLUB,S WALNUT ST,,,,39.17596438689895,-86.52836639513633,LOCAL/CITY RD,N,URBAN,N,N,N,,DAYLIGHT,CLEAR,DRY,,FOUR-WAY INTERSECTION,STRAIGHT/GRADE,ASPHALT,FOLLOWING TOO CLOSELY,REAR END,SWALNUTSTWCOUNTRYCLUBDR,TRAFFIC CONTROL SIGNAL,2019-02-25 15:45:00,,,
BLOOMINGTON PD,BLOOMINGTON,2,0.0,0.0,0.0,0.0,,,,E COVENANTER,S COLLEGE MALL RD,,,,39.16476311839634,-86.49864533178997,LOCAL/CITY RD,N,URBAN,N,N,N,,DAYLIGHT,CLEAR,DRY,,T-INTERSECTION,STRAIGHT/LEVEL,ASPHALT,FOLLOWING TOO CLOSELY,REAR END,EASTCOVENANTERBLVDSOUTHCOLLEGEMALLRD,NONE,2019-02-25 14:43:00,,,
MONROE SD,BLOOMINGTON,2,0.0,0.0,0.0,0.0,,,,S CURRY,W CONSTITUTION AVE,,,,39.15941,-86.53866,LOCAL/CITY RD,N,URBAN,N,N,N,,DAYLIGHT,CLEAR,DRY,,T-INTERSECTION,STRAIGHT/LEVEL,ASPHALT,UNSAFE LN MOVEMENT,SAME DIRECTION SIDESWIPE,CONSTITUTIONAVESCURRYPK,NONE,2019-02-25 13:43:00,,,
BLOOMINGTON PD,BLOOMINGTON,2,0.0,0.0,0.0,0.0,,,,S ADAMS,W BLOOMFIELD RD,,,,39.16448944961711,-86.57329399091563,LOCAL/CITY RD,N,URBAN,N,N,N,,DAYLIGHT,CLEAR,DRY,,FOUR-WAY INTERSECTION,CURVE/GRADE,ASPHALT,DISREGARD SIGNAL/REG SIGN,LEFT TURN,BLOOMFIELDRDSADAMSST,TRAFFIC CONTROL SIGNAL,2019-02-25 07:39:00,,,
MONROE SD,BLOOMINGTON,1,0.0,0.0,0.0,1.0,,,,ST RD 45,W ELLER RD,,250.0,W,39.16425,-86.51526,ST RD,N,RURAL,N,N,N,,DARK (NOT LIGHTED),CLEAR,DRY,,NO JUNCTION INVOLVED,STRAIGHT/LEVEL,ASPHALT,ANIMAL/OBJECT IN RDWAY,COLLISION WITH DEER,ELLERRDST RD 45E,NONE,2019-02-25 06:02:00,,,
INDIANA UNIV BLOOMINGTON PD,BLOOMINGTON,2,0.0,0.0,0.0,0.0,,,,E 10TH,N WOODLAWN AVE,,,,39.16136272536579,-86.53872766629955,LOCAL/CITY RD,N,URBAN,N,N,N,,DAYLIGHT,CLEAR,DRY,,FOUR-WAY INTERSECTION,STRAIGHT/LEVEL,ASPHALT,UNSAFE BACKING,BACKING CRASH,TENTHSTWOODLAWNAVE,TRAFFIC CONTROL SIGNAL,2019-02-26 12:45:00,,,
BLOOMINGTON PD,BLOOMINGTON,2,0.0,0.0,0.0,0.0,,,,S WALNUT,E SMITH AVE,,100.0,S,39.17157,-86.51247,LOCAL/CITY RD,N,URBAN,N,N,N,,DAYLIGHT,CLEAR,DRY,,NO JUNCTION INVOLVED,STRAIGHT/LEVEL,ASPHALT,FAILURE TO YIELD RIGHT OF WAY,SAME DIRECTION SIDESWIPE,SWALNUTSTSMITHAVE,NONE,2019-02-26 12:34:00,,,
INDIANA UNIV BLOOMINGTON PD,BLOOMINGTON,1,0.0,1.0,0.0,0.0,,,,E 17TH,N WOODLAWN AVE,,327.0,W,39.2316585483995,-86.6714534368131,LOCAL/CITY RD,N,URBAN,N,N,N,,DARK (LIGHTED),CLEAR,DRY,,NO JUNCTION INVOLVED,STRAIGHT/HILLCREST,ASPHALT,FAILURE TO YIELD RIGHT OF WAY,RIGHT ANGLE,EAST17THSTWOODLAWNAVE,OTHER REGULATORY SIGN/MARKING,2019-02-26 19:58:00,,,True
BLOOMINGTON PD,BLOOMINGTON,2,0.0,4.0,0.0,0.0,,,,E WINSLOW,S BURBERRY LN,,,,39.1644,-86.55196,LOCAL/CITY RD,N,URBAN,N,N,N,,DAYLIGHT,CLEAR,DRY,,T-INTERSECTION,STRAIGHT/LEVEL,ASPHALT,FAILURE TO YIELD RIGHT OF WAY,LEFT/RIGHT TURN,EWINSLOWRDSBURBERRYLN,NONE,2019-02-26 16:10:00,,,
BLOOMINGTON PD,BLOOMINGTON,2,0.0,2.0,0.0,0.0,,,,S FESS,E 1ST,,,,39.00274439088769,-86.58986277413193,LOCAL/CITY RD,N,URBAN,N,N,N,,DAYLIGHT,CLEAR,DRY,,FOUR-WAY INTERSECTION,STRAIGHT/GRADE,ASPHALT,FAILURE TO YIELD RIGHT OF WAY,RIGHT ANGLE,1STSTFESSAVE,STOP SIGN,2019-02-26 16:43:00,,,
MONROE SD,BLOOMINGTON,1,0.0,0.0,0.0,0.0,,,,S SMITH,E ST REMY DR,,600.0,N,39.16513371,-86.5324,LOCAL/CITY RD,Y,RURAL,N,N,N,,DAYLIGHT,CLEAR,DRY,,NO JUNCTION INVOLVED,STRAIGHT/LEVEL,ASPHALT,RAN OFF RD RIGHT,RAN OFF RD,ESTMYDRSSMITHRD,NONE,2019-02-26 15:00:00,,,
BLOOMINGTON PD,BLOOMINGTON,3,0.0,0.0,0.0,0.0,,,,ST RD 45/46,N COLLEGE AVE,,,,39.160717289017356,-86.54849875173247,ST RD,N,URBAN,N,N,N,,DAYLIGHT,CLOUDY,DRY,,FOUR-WAY INTERSECTION,STRAIGHT/LEVEL,ASPHALT,FOLLOWING TOO CLOSELY,REAR END,NCOLLEGEAVEST RD 45E,TRAFFIC CONTROL SIGNAL,2019-02-27 15:33:00,,,
ISP BLOOMINGTON 33,BLOOMINGTON,2,0.0,0.0,0.0,0.0,,,,ST RD 48,S CURRY PK,,50.0,W,39.13593987367921,-86.53114820097636,ST RD,N,URBAN,N,N,N,,DAYLIGHT,CLOUDY,DRY,,NO JUNCTION INVOLVED,STRAIGHT/LEVEL,ASPHALT,FAILURE TO YIELD RIGHT OF WAY,RIGHT ANGLE,CURRYPKST RD 48,LN CONTROL,2019-02-27 11:00:00,,,
BLOOMINGTON PD,BLOOMINGTON,2,0.0,0.0,0.0,0.0,,,,S WALNUT ST PK,E WINSLOW RD,,,,39.15512190936137,-86.49777170088957,LOCAL/CITY RD,N,URBAN,N,N,N,,DAYLIGHT,CLEAR,DRY,,FOUR-WAY INTERSECTION,STRAIGHT/LEVEL,ASPHALT,DISREGARD SIGNAL/REG SIGN,RIGHT ANGLE,EWINSLOWRDSWALNUTSTPK,STOP SIGN,2019-02-27 21:54:00,,,
MONROE SD,BLOOMINGTON,2,0.0,0.0,0.0,0.0,,,,S WALNUT,W CHURCH LN,,,,39.15127,-86.58261,COUNTY RD,N,RURAL,N,N,N,,DAWN/DUSK,CLEAR,DRY,,FOUR-WAY INTERSECTION,STRAIGHT/LEVEL,ASPHALT,FOLLOWING TOO CLOSELY,REAR END,SOLDSTATE37RDWCHURCHLN,TRAFFIC CONTROL SIGNAL,2019-02-27 18:02:00,,,
BLOOMINGTON PD,BLOOMINGTON,2,0.0,0.0,0.0,0.0,,,,E ROCK CREEK,E ROCK CREEK CT,,100.0,W,39.16038,-86.55083,LOCAL/CITY RD,Y,URBAN,N,N,N,,DARK (LIGHTED),CLOUDY,DRY,,NO JUNCTION INVOLVED,CURVE/LEVEL,ASPHALT,,REAR END,EASTROCKCREEKCTEASTROCKCREEKDR,NONE,2019-02-27 23:45:00,,,
ISP BLOOMINGTON 33,BLOOMINGTON,1,0.0,0.0,0.0,0.0,,117,F,I-69 N,,Y,0.0,N,39.122375362483,-86.61432071288475,INTERSTATE,N,URBAN,N,N,N,,DAYLIGHT,CLOUDY,DRY,,RAMP,CURVE/LEVEL,ASPHALT,RAN OFF RD RIGHT,RAN OFF RD,I-69,LN CONTROL,2019-02-27 12:50:00,,,
MONROE SD,BLOOMINGTON,2,0.0,0.0,0.0,0.0,,,,INDUSTRIAL,S YOST DR,,,,39.17164,-86.5235,LOCAL/CITY RD,N,URBAN,N,N,N,,DAYLIGHT,CLEAR,DRY,,NO JUNCTION INVOLVED,STRAIGHT/LEVEL,ASPHALT,FAILURE TO YIELD RIGHT OF WAY,LEFT/RIGHT TURN,INDUSTRIALDRYOSTAVE,NONE,2019-02-27 05:32:00,,,
BLOOMINGTON PD,BLOOMINGTON,1,0.0,0.0,0.0,0.0,,,,N KINSER,W CLUBHOUSE DR,,,,39.16284,-86.53363,LOCAL/CITY RD,N,URBAN,N,N,N,,DARK (NOT LIGHTED),CLEAR,DRY,,T-INTERSECTION,CURVE/LEVEL,ASPHALT,RAN OFF RD RIGHT,RAN OFF RD,CLUBHOUSEDRNKINSERPK,NONE,2019-02-27 01:39:00,,,
MONROE SD,BLOOMINGTON,1,0.0,0.0,0.0,1.0,,,,S FAIRFAX,E SANDERS SECOND AVE,,200.0,N,39.17904,-86.5236,LOCAL/CITY RD,N,RURAL,N,N,N,,DAYLIGHT,CLEAR,DRY,,NO JUNCTION INVOLVED,STRAIGHT/GRADE,ASPHALT,ANIMAL/OBJECT IN RDWAY,COLLISION WITH DEER,ESANDERSSECONDAVESFAIRFAXXRD,LN CONTROL,2019-02-27 07:56:00,,,
BLOOMINGTON PD,BLOOMINGTON,2,0.0,0.0,0.0,0.0,,,,S LEONARD SPRINGS,W BARGE LN,,350.0,S,39.13599,-86.52313,LOCAL/CITY RD,N,URBAN,N,N,N,,DAYLIGHT,CLEAR,DRY,,NO JUNCTION INVOLVED,STRAIGHT/LEVEL,ASPHALT,FOLLOWING TOO CLOSELY,REAR END,BARGELNLEONARDSPRINGSRD,NONE,2019-02-27 15:42:00,,,
INDIANA UNIV BLOOMINGTON PD,BLOOMINGTON,2,0.0,0.0,0.0,0.0,,,,E 3RD,S SWAIN AVE,,,,39.15929490983849,-86.52596934067938,LOCAL/CITY RD,N,URBAN,N,N,N,,DAYLIGHT,CLEAR,DRY,,T-INTERSECTION,STRAIGHT/LEVEL,ASPHALT,IMPROPER TURNING,LEFT TURN,SWAINAVE 3RDST,LN CONTROL,2019-02-28 18:20:00,,,
BLOOMINGTON PD,BLOOMINGTON,2,0.0,0.0,0.0,0.0,,,,N COLLEGE,W 10TH ST,,,,39.14212179240824,-86.48038954222451,LOCAL/CITY RD,N,URBAN,N,N,N,,DAYLIGHT,CLOUDY,WET,,FOUR-WAY INTERSECTION,STRAIGHT/LEVEL,ASPHALT,UNSAFE LN MOVEMENT,SAME DIRECTION SIDESWIPE,NCOLLEGEAVEW10THST,TRAFFIC CONTROL SIGNAL,2019-02-28 17:03:00,,,
BLOOMINGTON PD,BLOOMINGTON,2,0.0,0.0,0.0,0.0,,,,E 6TH,N GRANT ST,,100.0,E,39.18623960153103,-86.53456570456315,LOCAL/CITY RD,Y,URBAN,N,N,N,,DARK (LIGHTED),SNOW,WET,,FOUR-WAY INTERSECTION,STRAIGHT/LEVEL,ASPHALT,UNSAFE LN MOVEMENT,SAME DIRECTION SIDESWIPE,E6THSTNGRANTST,NONE,2019-02-28 18:40:00,,,
BLOOMINGTON PD,BLOOMINGTON,2,0.0,0.0,0.0,0.0,,,,S CURRY,W BRDWAY AVE,,,,39.16460526383638,-86.58297598799237,LOCAL/CITY RD,N,URBAN,N,N,N,,DAYLIGHT,BLOWING SAND/SOIL/SNOW,WET,,T-INTERSECTION,STRAIGHT/GRADE,ASPHALT,UNSAFE LN MOVEMENT,SAME DIRECTION SIDESWIPE,SCURRYPKWBRDWAYAVE,NONE,2019-02-28 15:46:00,,,
MONROE SD,BLOOMINGTON,2,0.0,0.0,0.0,0.0,,,,S ROGERS,S ST RD 37,,,,39.13598499318181,-86.5288405594117,COUNTY RD,N,RURAL,N,N,N,,DAYLIGHT,SNOW,WET,,T-INTERSECTION,STRAIGHT/LEVEL,ASPHALT,FOLLOWING TOO CLOSELY,REAR END,SOLDSTATERD37RDSROGERSST,STOP SIGN,2019-02-28 17:33:00,,,
MONROE SD,BLOOMINGTON,1,0.0,0.0,0.0,1.0,,,,ST RD 45,S DARRELL DR,,100.0,E,39.10737,-86.54487,ST RD,N,RURAL,N,N,N,,DARK (NOT LIGHTED),CLEAR,DRY,,NO JUNCTION INVOLVED,CURVE/LEVEL,ASPHALT,ANIMAL/OBJECT IN RDWAY,COLLISION WITH DEER,DARRELLDRST RD 45 W,NONE,2019-02-28 23:26:00,,,
BLOOMINGTON PD,BLOOMINGTON,2,0.0,0.0,0.0,0.0,,,,W COUNTRY CLUB,S ROCKPORT RD,,200.0,E,39.142740026417094,-86.50026979229136,LOCAL/CITY RD,N,URBAN,N,N,N,,DAYLIGHT,RAIN,WET,,NO JUNCTION INVOLVED,STRAIGHT/GRADE,ASPHALT,FOLLOWING TOO CLOSELY,REAR END,SROCKPORTRDWCOUNTRYCLUBDR,LN CONTROL,2019-02-28 12:35:00,,,
BLOOMINGTON PD,BLOOMINGTON,2,0.0,0.0,0.0,0.0,,,,W BLOOMFIELD,I-69,Y,,,-1.694028400012387e-05,-2.0347632447762554e-05,LOCAL/CITY RD,N,URBAN,N,N,N,,DAYLIGHT,CLOUDY,DRY,,T-INTERSECTION,STRAIGHT/GRADE,ASPHALT,FOLLOWING TOO CLOSELY,REAR END,I-69JCTWBLOOMFIELDRD,TRAFFIC CONTROL SIGNAL,2019-03-01 09:27:00,,,
INDIANA UNIV BLOOMINGTON PD,BLOOMINGTON,2,0.0,0.0,0.0,0.0,,,,S SWAIN,E 3RD ST,,,,39.143885871769164,-86.5809992417004,LOCAL/CITY RD,N,URBAN,N,N,N,,DAYLIGHT,CLOUDY,DRY,,T-INTERSECTION,STRAIGHT/LEVEL,ASPHALT,UNSAFE LN MOVEMENT,LEFT TURN,SWAINAVE 3RDST,LN CONTROL,2019-03-01 15:41:00,,,