Agency,City,Vehicles Involved,Trailers Involved,Number Injured,Number Dead,Number Deer,House Number,Roadway Interchange,Roadway Ramp,Roadway Id,Intersecting Road,Interchange,Feet From,Direction,Latitude,Longitude,Roadway Class,Hit and Run?,Locality,School Zone?,Rumble Strips?,Construction?,Construction Type,Light Condition,Weather Conditions,Surface Condition,Type of Median,Roadway Junction Type,Road Character,Roadway Surface,Primary Factor,Manner of Collision,Unique Location Id,Traffic Control,DateTime,Address Number,Cyclist Involved,Pedestrian Involved
MONROE SD,ELLETTSVILLE,1,0.0,0.0,0.0,0.0,,,,W ARLINGTON,ST RD 46,,,,39.163099690600696,-86.52730044766008,LOCAL/CITY RD,N,RURAL,N,N,N,,DAWN/DUSK,RAIN,WET,,FOUR-WAY INTERSECTION,STRAIGHT/HILLCREST,ASPHALT,RAN OFF RD RIGHT,RAN OFF RD,ARLINGTONRDARLINGTONRD,NONE,2019-03-20 19:37:00,,,
MONROE SD,BLOOMINGTON,3,0.0,0.0,0.0,0.0,,,,S WALNUT,E RHORER RD,,50.0,S,39.11106266813064,-86.6382023157252,LOCAL/CITY RD,N,RURAL,N,N,N,,DAYLIGHT,CLOUDY,DRY,NONE,FOUR-WAY INTERSECTION,STRAIGHT/LEVEL,ASPHALT,DRIVER DISTRACTED - EXPLAIN IN NARRATIVE,REAR END,SOLDST RD 37HWYWRHORERRD,TRAFFIC CONTROL SIGNAL,2019-03-20 12:13:00,,,
BLOOMINGTON PD,BLOOMINGTON,2,0.0,0.0,0.0,0.0,,,,E 10TH,N GRANT ST,,,,39.16850964912409,-86.5361322171538,LOCAL/CITY RD,N,URBAN,N,N,N,,DARK (LIGHTED),RAIN,WET,,FOUR-WAY INTERSECTION,STRAIGHT/LEVEL,ASPHALT,FAILURE TO YIELD RIGHT OF WAY,RIGHT ANGLE,E 10THSTNGRANTST,STOP SIGN,2019-03-20 20:42:00,,,
INDIANA UNIV BLOOMINGTON PD,BLOOMINGTON,2,0.0,0.0,0.0,0.0,,,,E LAW,N UNION ST,,100.0,W,39.16423,-86.49826,LOCAL/CITY RD,N,URBAN,N,N,N,,DARK (LIGHTED),RAIN,WET,,NO JUNCTION INVOLVED,STRAIGHT/GRADE,ASPHALT,SPEED TOO FAST FOR WEATHER CONDITIONS,REAR END,ELAWLNUNIONST,NONE,2019-03-20 18:30:00,,,
BLOOMINGTON PD,BLOOMINGTON,2,0.0,1.0,0.0,0.0,,,,S ROGERS,W 4TH ST,,,,39.16463,-86.58295,LOCAL/CITY RD,N,URBAN,N,N,N,,DAYLIGHT,CLOUDY,DRY,,FOUR-WAY INTERSECTION,STRAIGHT/LEVEL,ASPHALT,FAILURE TO YIELD RIGHT OF WAY,LEFT TURN,SROGERSSTW4THST,STOP SIGN,2019-03-20 12:15:00,,,
BLOOMINGTON PD,BLOOMINGTON,2,0.0,0.0,0.0,0.0,,,,W 17TH,N COLLEGE AVE,,,,39.17967333606529,-86.50727597978745,LOCAL/CITY RD,Y,URBAN,N,N,N,,DARK (LIGHTED),RAIN,WET,,FOUR-WAY INTERSECTION,STRAIGHT/LEVEL,ASPHALT,FAILURE TO YIELD RIGHT OF WAY,LEFT TURN,NCOLLEGEAVEW17THST,TRAFFIC CONTROL SIGNAL,2019-03-20 23:00:00,,,
MONROE SD,BLOOMINGTON,1,0.0,0.0,0.0,1.0,,,,W CHURCH,S ROGERS ST,,150.0,W,39.176230482844474,-86.47942317901816,LOCAL/CITY RD,N,RURAL,N,N,N,,DAWN/DUSK,CLEAR,DRY,,NO JUNCTION INVOLVED,CURVE/GRADE,ASPHALT,ANIMAL/OBJECT IN RDWAY,COLLISION WITH DEER,CHURCHLNSROGERSST,NONE,2019-03-20 07:55:00,,,
INDIANA UNIV BLOOMINGTON PD,BLOOMINGTON,2,0.0,0.0,0.0,0.0,,,,E 3RD,S INDIANA AVE,,,,39.20910809623421,-86.61138659879002,LOCAL/CITY RD,N,URBAN,N,N,N,,DAYLIGHT,CLOUDY,DRY,,NO JUNCTION INVOLVED,STRAIGHT/LEVEL,ASPHALT,FAILURE TO YIELD RIGHT OF WAY,SAME DIRECTION SIDESWIPE,INDIANAAVE 3RDST,LN CONTROL,2019-03-21 09:55:00,,,
MONROE SD,BLOOMINGTON,2,0.0,0.0,0.0,0.0,,,,S WALNUT ST PK,E RHORER RD,,,,39.17041138372157,-86.5323516278885,COUNTY RD,N,URBAN,N,N,Y,X-OVER/LN SHIFT,DAYLIGHT,CLOUDY,WET,,FOUR-WAY INTERSECTION,STRAIGHT/GRADE,ASPHALT,FAILURE TO YIELD RIGHT OF WAY,LEFT TURN,EASTRHORERRDSOUTHWALNUTSTPK,STOP SIGN,2019-03-21 07:49:00,,,
INDIANA UNIV BLOOMINGTON PD,BLOOMINGTON,2,0.0,1.0,0.0,0.0,,,,E 10TH,N WALNUT GROVE ST,,,,39.10679,-86.55016,LOCAL/CITY RD,N,URBAN,N,N,N,,DAYLIGHT,CLOUDY,DRY,,T-INTERSECTION,STRAIGHT/LEVEL,ASPHALT,IMPROPER PASSING,LEFT TURN,10THSTWALNUTGROVEST,STOP SIGN,2019-03-21 16:00:00,,,
BLOOMINGTON PD,BLOOMINGTON,1,0.0,0.0,0.0,0.0,,,,N WALNUT,W ST RD 37,,70.0,S,39.161343203093026,-86.53363824879153,LOCAL/CITY RD,N,URBAN,N,N,N,,DARK (LIGHTED),CLOUDY,DRY,,NO JUNCTION INVOLVED,STRAIGHT/LEVEL,ASPHALT,RAN OFF RD RIGHT,RAN OFF RD,OLDSTRD37RDWALNUTST,LN CONTROL,2019-03-21 03:31:00,,,
INDIANA UNIV BLOOMINGTON PD,BLOOMINGTON,2,0.0,0.0,0.0,0.0,,,,E ATWATER,S WOODLAWN AVE,,100.0,W,39.16478158189524,-86.62016547553321,LOCAL/CITY RD,N,URBAN,N,N,N,,DAYLIGHT,CLOUDY,DRY,,NO JUNCTION INVOLVED,STRAIGHT/LEVEL,ASPHALT,FAILURE TO YIELD RIGHT OF WAY,SAME DIRECTION SIDESWIPE,EATWATERAVESWOODLAWNAVE,LN CONTROL,2019-03-21 07:54:00,,,
BLOOMINGTON PD,BLOOMINGTON,2,0.0,0.0,0.0,0.0,,,,E BUICK CADILLAC,S AUTO MALL RD,,,,39.13682,-86.57319,LOCAL/CITY RD,N,URBAN,N,N,N,,DARK (LIGHTED),RAIN,WET,,NO JUNCTION INVOLVED,STRAIGHT/LEVEL,ASPHALT,DRIVER DISTRACTED - EXPLAIN IN NARRATIVE,REAR END,AUTOMALLRDBUICKCADILLACBLVD,NONE,2019-03-21 15:42:00,,,
BLOOMINGTON PD,BLOOMINGTON,2,0.0,1.0,0.0,0.0,,,,W 17TH,N WOODBURN AVE,,400.0,W,39.16753,-86.52979,LOCAL/CITY RD,N,URBAN,N,N,N,,DAYLIGHT,CLOUDY,WET,,NO JUNCTION INVOLVED,STRAIGHT/GRADE,ASPHALT,FOLLOWING TOO CLOSELY,REAR END,NORTHWOODBURNAVEWEST17THST,NONE,2019-03-21 07:37:00,,,
BLOOMINGTON PD,BLOOMINGTON,1,0.0,1.0,0.0,0.0,,,,W ALLEN,S STRONG DR,,700.0,W,39.10737,-86.54487,LOCAL/CITY RD,Y,URBAN,N,N,N,,DARK (LIGHTED),CLOUDY,WET,,NO JUNCTION INVOLVED,STRAIGHT/GRADE,ASPHALT,RAN OFF RD RIGHT,RAN OFF RD,SSTRONGDRWALLENST,NONE,2019-03-21 02:17:00,,,
MONROE SD,BLOOMINGTON,2,0.0,0.0,0.0,0.0,,,,W MAPLE GROVE,N UNION VALLEY RD,,500.0,E,39.18592215652128,-86.51968425390142,COUNTY RD,N,RURAL,N,N,N,,DAYLIGHT,CLEAR,DRY,,NO JUNCTION INVOLVED,STRAIGHT/HILLCREST,ASPHALT,VIEW OBSTRUCTED,RIGHT ANGLE,UNIONVALLEYRDWESTMAPLEGROVERD,NONE,2019-03-21 16:48:00,,,
BLOOMINGTON PD,BLOOMINGTON,3,0.0,2.0,0.0,0.0,,,,W 2ND,S COLLEGE AVE,,,,39.20760624977848,-86.57992568614237,LOCAL/CITY RD,N,URBAN,N,N,N,,DAYLIGHT,CLEAR,DRY,,FOUR-WAY INTERSECTION,STRAIGHT/LEVEL,ASPHALT,FOLLOWING TOO CLOSELY,REAR END,SCOLLEGEAVEW 2NDST,TRAFFIC CONTROL SIGNAL,2019-03-22 17:49:00,,,
BLOOMINGTON PD,BLOOMINGTON,2,0.0,1.0,0.0,0.0,,,,E 3RD,S OVERHILL DR,,,,39.12143751603734,-86.53135212190826,LOCAL/CITY RD,N,URBAN,N,N,N,,DAYLIGHT,CLEAR,DRY,,FOUR-WAY INTERSECTION,STRAIGHT/LEVEL,ASPHALT,FOLLOWING TOO CLOSELY,REAR END,E 3RDSTSOVERHILLDR,NONE,2019-03-22 19:00:00,,,
MONROE SD,BLOOMINGTON,2,0.0,0.0,0.0,0.0,,,,N SMITH,W WOODYARD,,750.0,N,39.17164405228304,-86.5297883152364,LOCAL/CITY RD,N,RURAL,N,N,N,,DAYLIGHT,CLEAR,DRY,,NO JUNCTION INVOLVED,STRAIGHT/GRADE,ASPHALT,FAILURE TO YIELD RIGHT OF WAY,RIGHT ANGLE,SMITHPKWOODYARDRD,NONE,2019-03-22 15:27:00,,,
ISP BLOOMINGTON 33,BLOOMINGTON,2,0.0,0.0,0.0,0.0,,,,S ST RD 37,ST RD 37,,,,39.172302763301275,-86.50967553678032,COUNTY RD,N,RURAL,N,N,N,,DAYLIGHT,CLEAR,DRY,,FOUR-WAY INTERSECTION,CURVE/LEVEL,ASPHALT,FAILURE TO YIELD RIGHT OF WAY,REAR END,OLDST RD 37HWYST RD 37,TRAFFIC CONTROL SIGNAL,2019-03-22 08:30:00,,,
BLOOMINGTON PD,BLOOMINGTON,1,0.0,0.0,0.0,0.0,,,,ALLEY,N ROGERS ST,,500.0,N,39.16563,-86.53872,UNKNOWN,N,URBAN,N,N,N,,DAYLIGHT,CLEAR,DRY,,NO JUNCTION INVOLVED,STRAIGHT/GRADE,ASPHALT,RAN OFF RD RIGHT,RAN OFF RD,NORTHROGERSSTWEST13THST,NONE,2019-03-22 08:57:00,,,
BLOOMINGTON PD,BLOOMINGTON,1,0.0,0.0,0.0,0.0,,,,E 13TH,N DUNN ST,,30.0,E,39.178982057586865,-86.53474127275939,LOCAL/CITY RD,Y,URBAN,N,N,N,,DARK (LIGHTED),CLEAR,DRY,,NO JUNCTION INVOLVED,CURVE/GRADE,ASPHALT,RAN OFF RD RIGHT,RAN OFF RD,E13THSTNDUNNST,LN CONTROL,2019-03-22 03:01:00,,,
MONROE SD,BLOOMINGTON,1,0.0,0.0,0.0,1.0,,,,E WINSLOW,E WYLIE FARM RD,,50.0,E,39.10676,-86.54023,LOCAL/CITY RD,N,URBAN,N,N,N,,DAWN/DUSK,CLEAR,ICE,,T-INTERSECTION,STRAIGHT/GRADE,ASPHALT,ANIMAL/OBJECT IN RDWAY,COLLISION WITH DEER,EWINSLOWRDSWYLIEFARMRD,NONE,2019-03-22 06:53:00,,,
ISP BLOOMINGTON 33,BLOOMINGTON,1,1.0,0.0,0.0,1.0,,,,I-69 N,,,100.0,S,39.16427499087264,-86.5269500307702,INTERSTATE,N,RURAL,N,N,N,,DARK (NOT LIGHTED),CLEAR,DRY,,NO JUNCTION INVOLVED,STRAIGHT/LEVEL,ASPHALT,ANIMAL/OBJECT IN RDWAY,COLLISION WITH DEER,I-69123.5,LN CONTROL,2019-03-22 00:21:00,,,
MONROE SD,BLOOMINGTON,2,0.0,0.0,0.0,0.0,,,,S BREEDEN,W CRUM RD,,,,39.12145,-86.52665,LOCAL/CITY RD,N,RURAL,N,N,N,,DAWN/DUSK,CLOUDY,DRY,,T-INTERSECTION,STRAIGHT/GRADE,ASPHALT,LEFT OF CENTER,OPPOSITE DIRECTION SIDESWIPE,BREEDENRDCRUMRD,NONE,2019-03-22 19:46:00,,,
MONROE SD,BLOOMINGTON,1,0.0,0.0,0.0,1.0,,,,S ST RD 37,S GORE RD,,900.0,N,39.17162,-86.52098,LOCAL/CITY RD,N,RURAL,N,N,N,,DARK (NOT LIGHTED),CLEAR,DRY,,NO JUNCTION INVOLVED,STRAIGHT/LEVEL,ASPHALT,ANIMAL/OBJECT IN RDWAY,COLLISION WITH DEER,SGORERDSOLDST RD 37RD,NO PASSING ZONE,2019-03-22 16:20:00,,,
BLOOMINGTON PD,BLOOMINGTON,2,0.0,0.0,0.0,0.0,,,,S PATTERSON,W ALLEN ST,,,,39.186362716498444,-86.53455132972142,LOCAL/CITY RD,N,URBAN,N,N,N,,DARK (LIGHTED),CLEAR,DRY,,FOUR-WAY INTERSECTION,CURVE/GRADE,ASPHALT,FOLLOWING TOO CLOSELY,REAR END,SPATTERSONDRWALLENST,TRAFFIC CONTROL SIGNAL,2019-03-22 08:20:00,,,
INDIANA UNIV BLOOMINGTON PD,BLOOMINGTON,2,0.0,0.0,0.0,0.0,,,,ST RD 45/46,N HEADLEY RD,,,,39.16312,-86.52261,ST RD,N,URBAN,N,N,N,,DARK (LIGHTED),CLEAR,DRY,,T-INTERSECTION,CURVE/LEVEL,ASPHALT,FAILURE TO YIELD RIGHT OF WAY,RIGHT ANGLE,EBALFOURSTST RD 46,STOP SIGN,2019-03-22 06:54:00,,,
MONROE SD,BLOOMINGTON,1,0.0,1.0,0.0,0.0,,,,W VERNAL,INDUSTRIAL PARK,,,,39.15831,-86.49611,LOCAL/CITY RD,N,URBAN,N,N,N,,DAWN/DUSK,CLEAR,DRY,,T-INTERSECTION,STRAIGHT/GRADE,ASPHALT,OTHER (DRIVER) - EXPLAIN IN NARRATIVE,OTHER - EXPLAIN IN NARRATIVE,WINDUSTRIALPARKDRWVERNALPK,NONE,2019-03-22 07:23:00,,True,
BLOOMINGTON PD,BLOOMINGTON,2,0.0,0.0,0.0,0.0,,,,N COLLEGE,W 10TH ST,,,,39.17900572267769,-86.53594607602798,LOCAL/CITY RD,N,URBAN,N,N,N,,DARK (LIGHTED),CLOUDY,DRY,,NO JUNCTION INVOLVED,STRAIGHT/GRADE,ASPHALT,FAILURE TO YIELD RIGHT OF WAY,SAME DIRECTION SIDESWIPE,10THSTCOLLEGEAVE,LN CONTROL,2019-03-23 00:48:00,,,
MONROE SD,BLOOMINGTON,4,0.0,0.0,0.0,0.0,,,,S WALNUT,S ORCHARD LN,,425.0,S,39.15561290212448,-86.54435724658354,ST RD,N,RURAL,N,N,N,,DAYLIGHT,CLEAR,DRY,,NO JUNCTION INVOLVED,STRAIGHT/GRADE,CONCRETE,FOLLOWING TOO CLOSELY,REAR END,SORCHARDLNS ST RD 37,NONE,2019-03-23 17:09:00,,,
INDIANA UNIV BLOOMINGTON PD,BLOOMINGTON,2,0.0,1.0,0.0,0.0,,,,ST RD 45/46,N MILO B SAMPSON LN,,,,39.244701106142905,-86.59290437629474,ST RD,N,URBAN,N,N,N,,DAYLIGHT,CLEAR,DRY,,T-INTERSECTION,STRAIGHT/LEVEL,ASPHALT,FOLLOWING TOO CLOSELY,REAR END,NMILOBSAMPSONLNST RD 46,NONE,2019-03-23 11:09:00,,,
MONROE SD,BLOOMINGTON,1,0.0,0.0,0.0,1.0,,,,I-69 S,,,50.0,N,39.16134197494031,-86.53499495080379,INTERSTATE,N,RURAL,N,Y,N,,DARK (NOT LIGHTED),CLEAR,DRY,,NO JUNCTION INVOLVED,STRAIGHT/LEVEL,ASPHALT,ANIMAL/OBJECT IN RDWAY,COLLISION WITH DEER,I111S111.5,NONE,2019-03-23 03:34:00,,,
MONROE SD,BLOOMINGTON,1,0.0,0.0,0.0,0.0,7599.0,,,ST RD 446,,,,,39.16421065014747,-86.50166157027525,ST RD,N,RURAL,N,N,N,,DAYLIGHT,CLEAR,DRY,,NO JUNCTION INVOLVED,CURVE/GRADE,ASPHALT,RAN OFF RD RIGHT,RAN OFF RD,ST RD 446S,NONE,2019-03-23 13:40:00,,,
MONROE SD,BLOOMINGTON,2,0.0,0.0,0.0,0.0,,,,ST RD 46,E KENT RD,,,,39.19066,-86.58314,ST RD,N,RURAL,N,N,N,,DAYLIGHT,CLOUDY,DRY,,NO JUNCTION INVOLVED,STRAIGHT/LEVEL,ASPHALT,FOLLOWING TOO CLOSELY,REAR END,KENTRDST RD 46E,NONE,2019-03-23 12:57:00,,,
INDIANA UNIV BLOOMINGTON PD,BLOOMINGTON,2,0.0,0.0,0.0,0.0,,,,ST RD 46,E 10TH ST,,,,39.08523586331195,-86.54274549391289,ST RD,N,URBAN,N,N,N,,DAYLIGHT,RAIN,WET,,FOUR-WAY INTERSECTION,STRAIGHT/GRADE,ASPHALT,UNSAFE LN MOVEMENT,SAME DIRECTION SIDESWIPE,EASTGATELNST RD 46,TRAFFIC CONTROL SIGNAL,2019-03-24 11:50:00,,,
INDIANA UNIV BLOOMINGTON PD,BLOOMINGTON,1,0.0,1.0,0.0,0.0,,,,N UNION,E 10TH ST,,150.0,S,39.15553222167522,-86.53874204165926,LOCAL/CITY RD,N,URBAN,N,N,N,,DAWN/DUSK,CLOUDY,DRY,,NO JUNCTION INVOLVED,STRAIGHT/GRADE,ASPHALT,DRIVER DISTRACTED - EXPLAIN IN NARRATIVE,OTHER - EXPLAIN IN NARRATIVE,TENTHSTUNIONST,NONE,2019-03-24 19:25:00,,,True
BLOOMINGTON PD,BLOOMINGTON,2,0.0,0.0,0.0,0.0,,,,W GRIMES,S WALNUT ST,,,,39.175296989405204,-86.5282967293582,LOCAL/CITY RD,N,URBAN,N,N,N,,DAYLIGHT,RAIN,WET,,FOUR-WAY INTERSECTION,STRAIGHT/GRADE,ASPHALT,FOLLOWING TOO CLOSELY,REAR END,SWALNUTSTWGRIMESLN,TRAFFIC CONTROL SIGNAL,2019-03-24 13:30:00,,,
MONROE SD,ELLETTSVILLE,3,0.0,2.0,0.0,0.0,,,,ST RD 46,N SMITH PK,,,,39.142085307643555,-86.52412934833336,ST RD,N,URBAN,N,N,N,,DAYLIGHT,RAIN,WET,,FOUR-WAY INTERSECTION,STRAIGHT/LEVEL,ASPHALT,SPEED TOO FAST FOR WEATHER CONDITIONS,REAR END,NORTHSMITHPKST RD 46 W,TRAFFIC CONTROL SIGNAL,2019-03-24 00:30:00,,,
BLOOMINGTON PD,BLOOMINGTON,2,0.0,2.0,0.0,0.0,,,,W BLOOMFIELD,S OAKDALE DR,,,,,,LOCAL/CITY RD,N,URBAN,N,N,N,,DAYLIGHT,CLOUDY,WET,,FOUR-WAY INTERSECTION,STRAIGHT/GRADE,ASPHALT,IMPROPER LN USAGE,SAME DIRECTION SIDESWIPE,SOAKDALEDRWBLOOMFIELDRD,TRAFFIC CONTROL SIGNAL,2019-03-24 17:39:00,,,
BLOOMINGTON PD,BLOOMINGTON,1,0.0,0.0,0.0,0.0,,,,E 15TH,N INDIANA AVE,,,,39.04710576533049,-86.66707525407962,LOCAL/CITY RD,N,URBAN,N,N,N,,DARK (NOT LIGHTED),CLEAR,DRY,,NO JUNCTION INVOLVED,STRAIGHT/GRADE,ASPHALT,ENGINE FAILURE OR DEFECTIVE,NON-COLLISION,15THSTINDIANAST,NONE,2019-03-24 03:17:00,,,
INDIANA UNIV BLOOMINGTON PD,BLOOMINGTON,2,0.0,0.0,0.0,0.0,,,,N EAGLESON AVE,E LAW LN,,,,39.0233339858434,-86.54471445530565,LOCAL/CITY RD,N,URBAN,N,N,N,,DAYLIGHT,CLOUDY,WET,,FOUR-WAY INTERSECTION,STRAIGHT/LEVEL,ASPHALT,DRIVER DISTRACTED - EXPLAIN IN NARRATIVE,REAR END,ELAWLNEAGLESON AVEAVE,TRAFFIC CONTROL SIGNAL,2019-03-24 16:55:00,,,
BLOOMINGTON PD,BLOOMINGTON,2,0.0,0.0,0.0,0.0,,,,S COLLEGE,W 4TH ST,,,,39.15562204821831,-86.54333868258817,LOCAL/CITY RD,N,URBAN,N,N,Y,WORK ON SHOULDER,DAYLIGHT,RAIN,WET,,FOUR-WAY INTERSECTION,STRAIGHT/LEVEL,ASPHALT,UNSAFE LN MOVEMENT,SAME DIRECTION SIDESWIPE,SCOLLEGEAVEW4THST,TRAFFIC CONTROL SIGNAL,2019-03-24 13:00:00,,,
INDIANA UNIV BLOOMINGTON PD,BLOOMINGTON,2,0.0,0.0,0.0,0.0,,,,S ROSE,E JONES AVE,,,,39.19254,-86.51189,UNKNOWN,N,URBAN,N,N,N,,DAYLIGHT,RAIN,WET,,NO JUNCTION INVOLVED,CURVE/LEVEL,ASPHALT,FOLLOWING TOO CLOSELY,REAR END,EJONESAVESROSEAVE,NONE,2019-03-24 14:50:00,,,
BLOOMINGTON PD,BLOOMINGTON,2,0.0,0.0,0.0,0.0,,,,I-69 S,ST RD 45,Y,,,39.17900645664597,-86.56238427627879,LOCAL/CITY RD,N,URBAN,N,N,N,,DAYLIGHT,CLOUDY,WET,,FOUR-WAY INTERSECTION,STRAIGHT/LEVEL,ASPHALT,FOLLOWING TOO CLOSELY,REAR END,S37RTEWBLOOMFIELDRD,TRAFFIC CONTROL SIGNAL,2019-03-25 11:59:00,,,
BLOOMINGTON PD,BLOOMINGTON,2,0.0,0.0,0.0,0.0,,,,ST RD 46,E 10TH ST,,,,39.17166678443353,-86.53485912189726,LOCAL/CITY RD,N,URBAN,Y,N,N,,DAYLIGHT,CLOUDY,WET,,FOUR-WAY INTERSECTION,STRAIGHT/GRADE,ASPHALT,FOLLOWING TOO CLOSELY,REAR END,E 10THSTS46RTE,LN CONTROL,2019-03-25 12:47:00,,,
BLOOMINGTON PD,BLOOMINGTON,3,0.0,0.0,0.0,0.0,,,,S PATTERSON,W 2ND ST,,,,39.11715570117755,-86.53336922014523,LOCAL/CITY RD,N,URBAN,N,N,N,,DAYLIGHT,RAIN,WET,,FOUR-WAY INTERSECTION,STRAIGHT/GRADE,ASPHALT,DRIVER DISTRACTED - EXPLAIN IN NARRATIVE,REAR END,2NDSTPATTERSONDR,TRAFFIC CONTROL SIGNAL,2019-03-25 11:15:00,,,
BLOOMINGTON PD,BLOOMINGTON,2,0.0,0.0,0.0,0.0,,,,E 2ND,S COLLEGE MALL RD,,,,39.18616334061869,-86.52216784685714,LOCAL/CITY RD,N,URBAN,N,Y,N,,DAYLIGHT,CLEAR,DRY,,FOUR-WAY INTERSECTION,STRAIGHT/LEVEL,ASPHALT,FAILURE TO YIELD RIGHT OF WAY,LEFT TURN,E 2NDSTSCOLLEGEMALLRD,TRAFFIC CONTROL SIGNAL,2019-03-25 14:54:00,,,
MONROE SD,BLOOMINGTON,1,0.0,0.0,0.0,0.0,,,,E ANDERSON,N ST RD 37,,3000.0,E,-2.5498741747304385e-05,-1.7635048533060935e-05,LOCAL/CITY RD,N,RURAL,N,N,N,,DAYLIGHT,RAIN,WET,,NO JUNCTION INVOLVED,CURVE/LEVEL,ASPHALT,RAN OFF RD RIGHT,RAN OFF RD,EANDERSONRDNOLDSTATERD37RD,LN CONTROL,2019-03-25 12:45:00,,,
BLOOMINGTON PD,BLOOMINGTON,2,0.0,0.0,0.0,0.0,,,,N KINSER,W SKYLINE DR,,150.0,N,39.148464,-86.471256,LOCAL/CITY RD,N,URBAN,N,N,N,,DAYLIGHT,CLOUDY,DRY,,T-INTERSECTION,CURVE/GRADE,ASPHALT,IMPROPER PASSING,REAR END,NKINSERPKWSKYLINEDR,NONE,2019-03-25 13:45:00,,,
MONROE SD,BLOOMINGTON,1,0.0,0.0,0.0,0.0,,,,W CLEAR CREEK,S COLLEGE AVE,,100.0,W,39.152517627049825,-86.40044688000278,LOCAL/CITY RD,N,URBAN,N,N,N,,DAYLIGHT,CLOUDY,DRY,,T-INTERSECTION,STRAIGHT/LEVEL,ASPHALT,RAN OFF RD RIGHT,RAN OFF RD,SCOLLEGEDRWCLEARCREEKDR,NONE,2019-03-25 16:48:00,,,
MONROE SD,BLOOMINGTON,1,0.0,0.0,0.0,0.0,,,,I-69 S,,,300.0,N,39.17159170948459,-86.50218116137593,INTERSTATE,Y,RURAL,N,Y,N,,DARK (LIGHTED),CLEAR,DRY,,Y-INTERSECTION,STRAIGHT/LEVEL,ASPHALT,RAN OFF RD RIGHT,RAN OFF RD,I-69S114.5,NONE,2019-03-26 05:42:00,,,
MONROE SD,BLOOMINGTON,2,0.0,0.0,0.0,0.0,,,,N THOMAS,W VERNAL PK,,,,39.17154006455617,-86.50945520104248,LOCAL/CITY RD,N,RURAL,N,N,N,,DAYLIGHT,CLEAR,DRY,,T-INTERSECTION,CURVE/LEVEL,ASPHALT,FAILURE TO YIELD RIGHT OF WAY,RIGHT ANGLE,NTHOMASRDWVERNALPK,STOP SIGN,2019-03-26 15:43:00,,,
MONROE SD,BLOOMINGTON,2,0.0,0.0,0.0,0.0,,,,S CURRY,W FARMER AVE,,50.0,S,39.15331956136277,-86.53374104456789,LOCAL/CITY RD,N,RURAL,N,N,N,,DAYLIGHT,CLEAR,DRY,,T-INTERSECTION,STRAIGHT/GRADE,ASPHALT,UNSAFE LN MOVEMENT,SAME DIRECTION SIDESWIPE,FARMERSAVESCURRYPK,LN CONTROL,2019-03-26 08:23:00,,,
MONROE SD,BLOOMINGTON,2,0.0,1.0,0.0,0.0,,,,ST RD 45,E CHAPEL RD,,,,39.20996,-86.58271,ST RD,N,RURAL,N,N,N,,DAWN/DUSK,CLEAR,DRY,NONE,T-INTERSECTION,STRAIGHT/LEVEL,ASPHALT,FOLLOWING TOO CLOSELY,REAR END,SGREENECOUNTYLINERDST RD 45 W,NONE,2019-03-26 07:48:00,,,
ISP BLOOMINGTON 33,BLOOMINGTON,2,0.0,0.0,0.0,0.0,,,,S LIBERTY,ST RD 45,,,,39.14973023494497,-86.56890089460401,ST RD,N,URBAN,N,N,N,,DAYLIGHT,CLEAR,DRY,,FOUR-WAY INTERSECTION,STRAIGHT/LEVEL,ASPHALT,DISREGARD SIGNAL/REG SIGN,RIGHT ANGLE,LIBERTYDRST RD 45,TRAFFIC CONTROL SIGNAL,2019-03-27 15:05:00,,,
ISP BLOOMINGTON 33,BLOOMINGTON,2,0.0,0.0,0.0,0.0,,,,N CURRY,W JONATHAN DR,,100.0,N,39.176947626859736,-86.52704277424286,LOCAL/CITY RD,N,URBAN,N,N,N,,DAYLIGHT,CLEAR,DRY,,NO JUNCTION INVOLVED,STRAIGHT/LEVEL,ASPHALT,UNSAFE LN MOVEMENT,SAME DIRECTION SIDESWIPE,CURRYPKJONATHANDR,LN CONTROL,2019-03-27 15:40:00,,,
INDIANA UNIV BLOOMINGTON PD,BLOOMINGTON,2,0.0,0.0,0.0,0.0,,,,S HENDERSON,E ATWATER AVE,,,,39.1734165943036,-86.51548207115682,LOCAL/CITY RD,N,URBAN,N,N,N,,DAYLIGHT,CLEAR,DRY,,FOUR-WAY INTERSECTION,CURVE/LEVEL,ASPHALT,OTHER (DRIVER) - EXPLAIN IN NARRATIVE,RIGHT ANGLE,ATWATERAVEHENDERSONST,TRAFFIC CONTROL SIGNAL,2019-03-27 10:29:00,,,
BLOOMINGTON PD,BLOOMINGTON,2,0.0,0.0,0.0,0.0,,,,ST RD 45,INDUSTRIAL BLVD,,,,39.16558,-86.53489,ST RD,Y,RURAL,N,N,N,,DAYLIGHT,CLEAR,DRY,,NO JUNCTION INVOLVED,CURVE/LEVEL,ASPHALT,UNSAFE LN MOVEMENT,SAME DIRECTION SIDESWIPE,INDUSTRIALBLVDST RD 45 W,TRAFFIC CONTROL SIGNAL,2019-03-27 16:15:00,,,