Agency,City,Vehicles Involved,Trailers Involved,Number Injured,Number Dead,Number Deer,House Number,Roadway Interchange,Roadway Ramp,Roadway Id,Intersecting Road,Interchange,Feet From,Direction,Latitude,Longitude,Roadway Class,Hit and Run?,Locality,School Zone?,Rumble Strips?,Construction?,Construction Type,Light Condition,Weather Conditions,Surface Condition,Type of Median,Roadway Junction Type,Road Character,Roadway Surface,Primary Factor,Manner of Collision,Unique Location Id,Traffic Control,DateTime,Address Number,Cyclist Involved,Pedestrian Involved
MONROE SD,BLOOMINGTON,2,0.0,0.0,0.0,0.0,,,,S CURRY,W BRDWAY AVE,,1000.0,S,39.16658628757329,-86.53482491378527,LOCAL/CITY RD,N,RURAL,N,N,N,,DAYLIGHT,CLEAR,DRY,,NO JUNCTION INVOLVED,STRAIGHT/LEVEL,ASPHALT,FAILURE TO YIELD RIGHT OF WAY,SAME DIRECTION SIDESWIPE,SCURRYPKWBRDWAYAVE,NONE,2019-04-11 09:00:00,,,
BLOOMINGTON PD,BLOOMINGTON,2,0.0,0.0,0.0,0.0,,,,S ROGERS,W DODDS ST,,,,39.13623577783188,-86.54487862665937,LOCAL/CITY RD,N,URBAN,N,N,N,,DAYLIGHT,CLEAR,DRY,,FOUR-WAY INTERSECTION,STRAIGHT/LEVEL,ASPHALT,DISREGARD SIGNAL/REG SIGN,RIGHT ANGLE,DODDSSTSOUTHROGERSST,STOP SIGN,2019-04-11 15:49:00,,,
MONROE SD,BLOOMINGTON,1,0.0,1.0,0.0,0.0,,,,ST RD 446,E SALT CREEK DR,,200.0,S,39.16459,-86.53363,ST RD,N,URBAN,N,N,N,,DAWN/DUSK,CLEAR,DRY,,NO JUNCTION INVOLVED,CURVE/GRADE,ASPHALT,HOLES/RUTS IN SURFACE,NON-COLLISION,ESALTCREEKDRST RD 446S,LN CONTROL,2019-04-11 19:23:00,,,
BLOOMINGTON PD,BLOOMINGTON,2,0.0,0.0,0.0,0.0,,,,S LIBERTY,ST RD 48,,,,39.164419494703495,-86.52823460351064,LOCAL/CITY RD,N,URBAN,N,N,N,,DAYLIGHT,CLEAR,DRY,,NO JUNCTION INVOLVED,STRAIGHT/LEVEL,ASPHALT,IMPROPER PASSING,RIGHT ANGLE,SLIBERTYDRW 3RDST,TRAFFIC CONTROL SIGNAL,2019-04-12 16:14:00,,,
BLOOMINGTON PD,BLOOMINGTON,2,0.0,0.0,0.0,0.0,,,,S WALNUT,E 3RD ST,,100.0,S,39.17897829933087,-86.5190195983282,LOCAL/CITY RD,N,URBAN,N,N,N,,DAYLIGHT,CLOUDY,DRY,,NO JUNCTION INVOLVED,STRAIGHT/LEVEL,ASPHALT,FAILURE TO YIELD RIGHT OF WAY,LEFT TURN,3RDSTWALNUTST,LN CONTROL,2019-04-12 13:25:00,,,
INDIANA UNIV BLOOMINGTON PD,BLOOMINGTON,2,0.0,0.0,0.0,0.0,,,,N FEE,E 17TH ST,,70.0,N,39.171470653779764,-86.49538956007208,LOCAL/CITY RD,N,URBAN,N,N,N,,DAWN/DUSK,CLEAR,DRY,,INTERCHANGE,STRAIGHT/LEVEL,ASPHALT,UNSAFE LN MOVEMENT,RIGHT TURN,17THSTSTFEELNLN,LN CONTROL,2019-04-12 19:23:00,,,
MONROE SD,BLOOMINGTON,3,0.0,1.0,0.0,0.0,,,,ST RD 37,S VICTOR PK,,,,39.07108267054694,-86.50707613084349,ST RD,N,RURAL,N,N,N,,DAYLIGHT,CLEAR,DRY,,FOUR-WAY INTERSECTION,STRAIGHT/LEVEL,ASPHALT,FOLLOWING TOO CLOSELY,REAR END,SVICTORPKS ST RD 37,TRAFFIC CONTROL SIGNAL,2019-04-12 17:17:00,,,
MONROE SD,BLOOMINGTON,2,0.0,0.0,0.0,0.0,,,,S WALNUT ST PK,S FAIRFAX RD,,,,39.07112399367346,-86.52539255355846,LOCAL/CITY RD,N,RURAL,N,N,N,,DAYLIGHT,CLEAR,DRY,,T-INTERSECTION,STRAIGHT/GRADE,ASPHALT,FOLLOWING TOO CLOSELY,REAR END,FAIRFAXRDWALNUTSTPK,STOP SIGN,2019-04-12 15:34:00,,,
BLOOMINGTON PD,BLOOMINGTON,2,0.0,0.0,0.0,0.0,,,,E 9TH,N GRANT ST,,,,39.20761276419545,-86.5275405918254,LOCAL/CITY RD,N,URBAN,N,N,N,,DAYLIGHT,RAIN,WET,,FOUR-WAY INTERSECTION,STRAIGHT/LEVEL,ASPHALT,OVERCORRECTING/OVERSTEERING,REAR END,E9THSTNGRANTST,STOP SIGN,2019-04-12 08:40:00,,,
MONROE SD,BLOOMINGTON,1,0.0,0.0,0.0,0.0,,,,N LOUDEN,W HOWARD,,5000.0,N,0.0,0.0,LOCAL/CITY RD,N,URBAN,N,N,N,,DAYLIGHT,CLEAR,DRY,,NO JUNCTION INVOLVED,STRAIGHT/GRADE,ASPHALT,RAN OFF RD RIGHT,RAN OFF RD,NLOUDENRDWHOWARDRD,NONE,2019-04-12 16:26:00,,,
ISP BLOOMINGTON 33,BLOOMINGTON,2,0.0,0.0,0.0,0.0,,,,ST RD 45/46,N COLLEGE AVE,,150.0,W,39.17250504736197,-86.52697316059792,ST RD,N,URBAN,N,N,N,,DAYLIGHT,CLEAR,DRY,,NO JUNCTION INVOLVED,STRAIGHT/GRADE,ASPHALT,FOLLOWING TOO CLOSELY,REAR END,COLLEGEAVEST RD 46,LN CONTROL,2019-04-13 18:28:00,,,
INDIANA UNIV BLOOMINGTON PD,BLOOMINGTON,2,0.0,0.0,0.0,0.0,,,,N EAGLESON AVE,E 17TH ST,,590.0,E,39.181413298134224,-86.53377650138476,LOCAL/CITY RD,N,URBAN,N,N,N,,DAYLIGHT,CLEAR,DRY,,T-INTERSECTION,STRAIGHT/GRADE,ASPHALT,FAILURE TO YIELD RIGHT OF WAY,RIGHT ANGLE,EAST17THSTNEAGLESON AVEAVE,NONE,2019-04-13 12:15:00,,,
BLOOMINGTON PD,BLOOMINGTON,2,0.0,1.0,0.0,0.0,,,,S SMITH,ST RD 46,,,,39.18318814092798,-86.58309819489101,LOCAL/CITY RD,N,URBAN,N,N,N,,DAYLIGHT,CLEAR,DRY,,NO JUNCTION INVOLVED,STRAIGHT/LEVEL,ASPHALT,UNSAFE BACKING,BACKING CRASH,E 3RDSTSSMITHRD,TRAFFIC CONTROL SIGNAL,2019-04-13 14:46:00,,,
INDIANA UNIV BLOOMINGTON PD,BLOOMINGTON,4,0.0,0.0,0.0,0.0,,,,ST RD 45/46,N RANGE RD,,,,39.233913992847384,-86.6219733943111,LOCAL/CITY RD,Y,URBAN,N,N,N,,DAYLIGHT,CLEAR,DRY,,NO JUNCTION INVOLVED,STRAIGHT/LEVEL,ASPHALT,FOLLOWING TOO CLOSELY,REAR END,ERANGERDEST RD 4546BYP,TRAFFIC CONTROL SIGNAL,2019-04-13 16:50:00,,,
ISP BLOOMINGTON 33,BLOOMINGTON,1,0.0,1.0,0.0,0.0,,,,N WAYPORT,E SAMPLE RD,,1300.0,N,39.16461,-86.57913,COUNTY RD,N,RURAL,N,N,N,,DARK (NOT LIGHTED),CLOUDY,DRY,,NO JUNCTION INVOLVED,CURVE/GRADE,ASPHALT,RAN OFF RD RIGHT,RAN OFF RD,SAMPLERDWAYPORTRD,LN CONTROL,2019-04-13 21:45:00,,,
BLOOMINGTON PD,BLOOMINGTON,2,0.0,0.0,0.0,0.0,,,,E 2ND,S GRANT ST,,,,39.179661218710216,-86.50728086362412,LOCAL/CITY RD,N,URBAN,N,N,N,,DARK (LIGHTED),CLEAR,DRY,,NO JUNCTION INVOLVED,STRAIGHT/GRADE,ASPHALT,FAILURE TO YIELD RIGHT OF WAY,RIGHT ANGLE,E 2NDSTSGRANTST,STOP SIGN,2019-04-13 20:17:00,,,
MONROE SD,BLOOMINGTON,2,0.0,0.0,0.0,0.0,,,,I-69 S,,,500.0,N,39.164277293032455,-86.52695986073205,INTERSTATE,N,RURAL,N,N,N,,DAYLIGHT,CLEAR,DRY,,RAMP,STRAIGHT/HILLCREST,ASPHALT,ANIMAL/OBJECT IN RDWAY,COLLISION WITH OBJECT IN RD,I-69SWST46RD,NONE,2019-04-13 15:15:00,,,
MONROE SD,BLOOMINGTON,1,0.0,1.0,0.0,0.0,,114,A,I-69 S,,,,,39.154993802378655,-86.49612777536944,INTERSTATE,N,RURAL,N,N,N,,DARK (LIGHTED),CLEAR,DRY,,RAMP,CURVE/GRADE,ASPHALT,RAN OFF RD RIGHT,RAN OFF RD,I-69S,LN CONTROL,2019-04-13 04:43:00,,,
INDIANA UNIV BLOOMINGTON PD,BLOOMINGTON,2,0.0,0.0,0.0,0.0,,,,JONES,READ CIRCLE DR,,,,39.16563,-86.58298,UNKNOWN,Y,URBAN,N,N,N,,DAYLIGHT,CLEAR,DRY,,T-INTERSECTION,STRAIGHT/GRADE,ASPHALT,OTHER (DRIVER) - EXPLAIN IN NARRATIVE,RIGHT ANGLE,SEAGLESON AVEAVE,NONE,2019-04-13 16:15:00,,,
BLOOMINGTON PD,BLOOMINGTON,2,0.0,0.0,0.0,0.0,,,,N PARK,E 11TH ST,,100.0,S,39.15747,-86.53869,LOCAL/CITY RD,Y,URBAN,N,N,N,,UNKNOWN,RAIN,WET,,NO JUNCTION INVOLVED,STRAIGHT/GRADE,ASPHALT,UNSAFE LN MOVEMENT,SAME DIRECTION SIDESWIPE,11THSTPARKAVE,NONE,2019-04-13 11:40:00,,,
BLOOMINGTON PD,BLOOMINGTON,2,0.0,1.0,0.0,0.0,,,,S WEIMER,W WAPEHANI RD,,200.0,S,39.0878,-86.4224,LOCAL/CITY RD,N,RURAL,N,N,N,,DARK (NOT LIGHTED),CLEAR,DRY,,NO JUNCTION INVOLVED,CURVE/LEVEL,ASPHALT,FOLLOWING TOO CLOSELY,REAR END,SWEIMERRDWAPEHANIRD,NONE,2019-04-13 05:30:00,,,
ISP BLOOMINGTON 33,BLOOMINGTON,1,0.0,1.0,0.0,0.0,,,,ST RD 446,S CHAPEL HILL RD,,1500.0,N,39.16461,-86.57913,ST RD,N,RURAL,N,N,N,,DAYLIGHT,CLOUDY,DRY,,NO JUNCTION INVOLVED,CURVE/LEVEL,ASPHALT,UNSAFE SPEED,RAN OFF RD,CHAPELHILLRDST RD 446,LN CONTROL,2019-04-13 11:25:00,,,
MONROE SD,BLOOMINGTON,2,0.0,0.0,0.0,0.0,,,,W BURMA,,,2000.0,W,39.164568095289646,-86.53364647128598,LOCAL/CITY RD,N,URBAN,N,N,N,,DARK (NOT LIGHTED),CLEAR,DRY,,NO JUNCTION INVOLVED,CURVE/HILLCREST,ASPHALT,LEFT OF CENTER,OPPOSITE DIRECTION SIDESWIPE,NBUSKIRKRDWBURMARD,NONE,2019-04-13 21:10:00,,,
MONROE SD,BLOOMINGTON,1,0.0,0.0,0.0,1.0,,,,W ST RD 37,E ROBINSON RD,,,,39.17899,-86.51897,COUNTY RD,N,RURAL,N,N,N,,DARK (LIGHTED),CLOUDY,DRY,,NO JUNCTION INVOLVED,STRAIGHT/LEVEL,ASPHALT,ANIMAL/OBJECT IN RDWAY,COLLISION WITH DEER,EROBINSONRDNOLDSTATERDHWY,NONE,2019-04-13 21:00:00,,,
BLOOMINGTON PD,BLOOMINGTON,2,0.0,0.0,0.0,0.0,,,,ST RD 46,ST RD 46,,,,39.105620440785145,-86.55128601740635,LOCAL/CITY RD,N,URBAN,N,N,N,,DARK (LIGHTED),RAIN,WET,,FOUR-WAY INTERSECTION,STRAIGHT/LEVEL,ASPHALT,FAILURE TO YIELD RIGHT OF WAY,RIGHT ANGLE,E 3RDSTSCOLLEGEMALLRD,TRAFFIC CONTROL SIGNAL,2019-04-14 00:10:00,,,
BLOOMINGTON PD,BLOOMINGTON,2,0.0,4.0,0.0,0.0,,,,S WASHINGTON,E 3RD ST,,,,39.10717455212245,-86.52651013631234,LOCAL/CITY RD,N,URBAN,N,N,N,,DARK (LIGHTED),RAIN,WET,,FOUR-WAY INTERSECTION,STRAIGHT/LEVEL,ASPHALT,DISREGARD SIGNAL/REG SIGN,RIGHT ANGLE,E 3RDSTSWASHINGTONST,TRAFFIC CONTROL SIGNAL,2019-04-14 01:39:00,,,
BLOOMINGTON PD,BLOOMINGTON,2,0.0,0.0,0.0,0.0,,,,E 17TH,N INDIANA AVE,,,,39.17041405622121,-86.52981912221908,LOCAL/CITY RD,N,URBAN,N,N,N,,DAYLIGHT,RAIN,WET,,T-INTERSECTION,STRAIGHT/LEVEL,ASPHALT,FOLLOWING TOO CLOSELY,REAR END,E17THSTNINDIANAAVE,NONE,2019-04-14 15:01:00,,,
BLOOMINGTON PD,BLOOMINGTON,2,0.0,0.0,0.0,0.0,,,,E 3RD,S GRANT ST,,,,39.1872944302052,-86.63961435680909,LOCAL/CITY RD,Y,URBAN,N,N,N,,DARK (LIGHTED),RAIN,WET,,FOUR-WAY INTERSECTION,STRAIGHT/LEVEL,ASPHALT,FAILURE TO YIELD RIGHT OF WAY,RIGHT ANGLE,E 3RDSTSGRANTST,RR CROSSING GATES AND MEDIAN BARRIER,2019-04-14 00:03:00,,,
INDIANA UNIV BLOOMINGTON PD,BLOOMINGTON,2,0.0,0.0,0.0,0.0,,,,E 3RD,S ROSE AVE,,,,39.18624,-86.53453,LOCAL/CITY RD,N,URBAN,N,N,N,,DAYLIGHT,RAIN,WET,,FOUR-WAY INTERSECTION,STRAIGHT/GRADE,ASPHALT,UNSAFE BACKING,BACKING CRASH,ROSEAVE 3RDST,STOP SIGN,2019-04-14 18:45:00,,,
BLOOMINGTON PD,BLOOMINGTON,1,0.0,0.0,0.0,0.0,,,,E MOORES,S HIGH ST,,150.0,E,39.178813165626366,-86.51244523819409,LOCAL/CITY RD,N,URBAN,N,N,N,,DARK (LIGHTED),RAIN,WET,,NO JUNCTION INVOLVED,STRAIGHT/LEVEL,ASPHALT,RAN OFF RD RIGHT,RAN OFF RD,EMOORESPKSHIGHST,NONE,2019-04-14 00:28:00,,,
BLOOMINGTON PD,BLOOMINGTON,3,0.0,0.0,0.0,0.0,,,,N COLLEGE,,,200.0,N,39.16415026812787,-86.48125716752436,LOCAL/CITY RD,Y,URBAN,N,N,N,,DARK (NOT LIGHTED),RAIN,WET,,FIVE POINT OR MORE,STRAIGHT/LEVEL,ASPHALT,WRONG WAY ON ONE WAY,RAN OFF RD,NCOLLEGEAVES16THST,NONE,2019-04-14 02:15:00,,,
MONROE SD,BLOOMINGTON,1,0.0,0.0,0.0,0.0,,,,S BUSHMILL,W SHAMROCK CT,,,,39.17149,-86.49537,LOCAL/CITY RD,Y,RURAL,N,N,N,,DARK (NOT LIGHTED),RAIN,WET,,NO JUNCTION INVOLVED,STRAIGHT/LEVEL,ASPHALT,RAN OFF RD RIGHT,RAN OFF RD,SBUSHMILLDRWSHAMROCKCT,NONE,2019-04-14 00:00:00,,,
MONROE SD,BLOOMINGTON,1,0.0,0.0,0.0,0.0,,,,S DAWSON,W MEETING HOUSE LN,,,,39.26549,-86.51981,LOCAL/CITY RD,N,URBAN,N,N,N,,DARK (LIGHTED),RAIN,WET,,T-INTERSECTION,STRAIGHT/GRADE,ASPHALT,RAN OFF RD RIGHT,RAN OFF RD,DAWSONDRSMEETINGHOUSECT,STOP SIGN,2019-04-14 23:28:00,,,
MONROE SD,BLOOMINGTON,1,0.0,1.0,0.0,0.0,,,,S LEONARD SPRINGS,W FULLERTON PK,,,,39.16134827085078,-86.52987513537101,COUNTY RD,N,RURAL,N,N,N,,DAYLIGHT,CLOUDY,DRY,,T-INTERSECTION,STRAIGHT/GRADE,ASPHALT,RAN OFF RD RIGHT,RAN OFF RD,SLEONARDSPRINGSRDWFULLERTONPK,STOP SIGN,2019-04-14 12:16:00,,,
BLOOMINGTON PD,BLOOMINGTON,2,0.0,0.0,0.0,0.0,,,,S ROGERS,W GRAHAM DR,,,,0.0,0.0,LOCAL/CITY RD,N,URBAN,N,N,N,,DAYLIGHT,CLEAR,DRY,,FOUR-WAY INTERSECTION,STRAIGHT/GRADE,ASPHALT,UNSAFE SPEED,LEFT TURN,SROGERSSTWGRAHAMDR,STOP SIGN,2019-04-14 17:13:00,,,
MONROE SD,BLOOMINGTON,1,0.0,1.0,0.0,0.0,,,,S VICTOR,W BOLIN LN,,1500.0,E,0.0,0.0,COUNTY RD,N,RURAL,N,N,N,,DARK (NOT LIGHTED),RAIN,WET,,NO JUNCTION INVOLVED,CURVE/LEVEL,ASPHALT,RAN OFF RD RIGHT,RAN OFF RD,BOLENRDVERNALPK,NONE,2019-04-14 07:05:00,,,
BLOOMINGTON PD,BLOOMINGTON,2,0.0,0.0,0.0,0.0,,,,W 3RD,S COLLEGE AVE,,,,39.15566391315385,-86.5125409223179,LOCAL/CITY RD,N,URBAN,N,N,N,,DAYLIGHT,CLEAR,DRY,,FOUR-WAY INTERSECTION,STRAIGHT/GRADE,ASPHALT,DRIVER DISTRACTED - EXPLAIN IN NARRATIVE,REAR END,SCOLLEGEAVEW 3RDST,TRAFFIC CONTROL SIGNAL,2019-04-15 17:55:00,,,
MONROE SD,BLOOMINGTON,1,0.0,0.0,0.0,0.0,,,,W ST RD 37,E SAMPLE RD,,,,39.173413687531784,-86.52471736898731,LOCAL/CITY RD,Y,RURAL,N,N,N,,DARK (NOT LIGHTED),CLEAR,DRY,,T-INTERSECTION,STRAIGHT/GRADE,ASPHALT,RAN OFF RD RIGHT,RAN OFF RD,EASTSAMPLERDNORTHOLDSTATERD37,NONE,2019-04-15 05:36:00,,,
BLOOMINGTON PD,BLOOMINGTON,1,0.0,1.0,0.0,0.0,,,,S FRANKLIN,W 3RD ST,,,,39.14396757828928,-86.56388190587886,LOCAL/CITY RD,Y,URBAN,N,N,N,,DAYLIGHT,CLEAR,DRY,,NO JUNCTION INVOLVED,STRAIGHT/HILLCREST,ASPHALT,CELL PHONE USAGE,RIGHT TURN,SFRANKLINRDW 3RDST,TRAFFIC CONTROL SIGNAL,2019-04-15 11:30:00,,,True
BLOOMINGTON PD,BLOOMINGTON,2,0.0,0.0,0.0,0.0,,,,S ROGERS,S ROCKPORT RD,,50.0,S,39.023298765259845,-86.40540840760072,LOCAL/CITY RD,N,URBAN,N,N,N,,DAYLIGHT,CLOUDY,DRY,,T-INTERSECTION,STRAIGHT/GRADE,ASPHALT,FAILURE TO YIELD RIGHT OF WAY,RIGHT ANGLE,SROCKPORTRDSROGERSST,LN CONTROL,2019-04-15 07:45:00,,,
BLOOMINGTON PD,BLOOMINGTON,2,0.0,1.0,0.0,0.0,,,,W 3RD,I-69,Y,,,39.33041410383618,-86.5765786151039,LOCAL/CITY RD,N,URBAN,N,N,N,,DAYLIGHT,CLEAR,DRY,,FOUR-WAY INTERSECTION,STRAIGHT/GRADE,ASPHALT,FAILURE TO YIELD RIGHT OF WAY,LEFT TURN,S ST RD 37W 3RDST,TRAFFIC CONTROL SIGNAL,2019-04-16 16:22:00,,,
BLOOMINGTON PD,BLOOMINGTON,2,0.0,0.0,0.0,0.0,,,,W 3RD,I-69 N,Y,,,39.25080335804315,-86.46718123444877,ST RD,Y,URBAN,N,N,N,,DAYLIGHT,CLEAR,DRY,,NO JUNCTION INVOLVED,STRAIGHT/LEVEL,ASPHALT,FAILURE TO YIELD RIGHT OF WAY,SAME DIRECTION SIDESWIPE,S ST RD 37W 3RDST,TRAFFIC CONTROL SIGNAL,2019-04-16 14:09:00,,,
ISP BLOOMINGTON 33,BLOOMINGTON,2,0.0,1.0,0.0,0.0,,,,ST RD 45/46,N KINSER PK,,,,39.1862724467035,-86.5316383219419,ST RD,N,URBAN,N,N,N,,DAYLIGHT,CLEAR,DRY,,FOUR-WAY INTERSECTION,STRAIGHT/GRADE,ASPHALT,FAILURE TO YIELD RIGHT OF WAY,LEFT TURN,KINSERPKST RD 45,TRAFFIC CONTROL SIGNAL,2019-04-16 14:25:00,,,
MONROE SD,BLOOMINGTON,2,0.0,0.0,0.0,0.0,,,,W CHURCH,S WALNUT ST,,300.0,W,39.164560567904466,-86.5323742435258,COUNTY RD,N,URBAN,N,N,N,,DAYLIGHT,CLEAR,DRY,,NO JUNCTION INVOLVED,STRAIGHT/GRADE,ASPHALT,FOLLOWING TOO CLOSELY,REAR END,CHURCHLNSOLDST RD 37RD,NONE,2019-04-16 17:43:00,,,
BLOOMINGTON PD,BLOOMINGTON,2,0.0,0.0,0.0,0.0,,,,S WALNUT,E BURKS DR,,300.0,N,39.17902,-86.52704,LOCAL/CITY RD,N,URBAN,N,N,N,,DAYLIGHT,CLEAR,DRY,,NO JUNCTION INVOLVED,STRAIGHT/LEVEL,ASPHALT,DRIVER DISTRACTED - EXPLAIN IN NARRATIVE,REAR END,EBURKSDRSWALNUTST,NONE,2019-04-16 17:47:00,,,
MONROE SD,BLOOMINGTON,2,0.0,0.0,0.0,0.0,,,,N TEXAS RIDGE,N COUNTY LINE RD E,,4400.0,E,39.16456,-86.52983,LOCAL/CITY RD,N,RURAL,N,N,N,,DAYLIGHT,CLEAR,DRY,NONE,NO JUNCTION INVOLVED,CURVE/LEVEL,ASPHALT,OTHER (DRIVER) - EXPLAIN IN NARRATIVE,REAR END,NCOUNTYLINERDNTEXASRIDGERD,NONE,2019-04-16 10:10:00,,,
BLOOMINGTON PD,BLOOMINGTON,2,0.0,0.0,0.0,0.0,,,,S COLLEGE,W 4TH ST,,,,39.164216075994446,-86.51092677786694,LOCAL/CITY RD,N,URBAN,N,N,N,,DAYLIGHT,CLEAR,DRY,,FOUR-WAY INTERSECTION,STRAIGHT/GRADE,ASPHALT,UNSAFE LN MOVEMENT,SAME DIRECTION SIDESWIPE,4THSTCOLLEGEAVE,NONE,2019-04-16 13:02:00,,,
BLOOMINGTON PD,BLOOMINGTON,1,0.0,0.0,0.0,0.0,,,,S LEONARD SPRINGS,W TAPP RD,,,,39.150451887341596,-86.50843691855347,LOCAL/CITY RD,N,URBAN,N,N,N,,DAYLIGHT,CLEAR,DRY,,T-INTERSECTION,STRAIGHT/GRADE,ASPHALT,FAILURE TO YIELD RIGHT OF WAY,RAN OFF RD,SLEONARDSPRINGSRDWTAPPRD,STOP SIGN,2019-04-16 08:39:00,,,
MONROE SD,BLOOMINGTON,1,0.0,0.0,0.0,1.0,,,,ST RD 46,N SEWELL RD,,2890.0,E,39.17688,-86.534736,ST RD,N,RURAL,N,N,N,,DARK (NOT LIGHTED),CLEAR,DRY,,NO JUNCTION INVOLVED,STRAIGHT/HILLCREST,ASPHALT,ANIMAL/OBJECT IN RDWAY,COLLISION WITH DEER,SEWELLRDST RD 46E,NONE,2019-04-16 00:53:00,,,
MONROE SD,BLOOMINGTON,2,0.0,1.0,0.0,0.0,,,,W VERNAL,N ANGELINA LN,,100.0,W,39.12251,-86.54878,COUNTY RD,N,RURAL,N,N,N,,DAWN/DUSK,CLEAR,DRY,,T-INTERSECTION,STRAIGHT/LEVEL,ASPHALT,LEFT OF CENTER,OPPOSITE DIRECTION SIDESWIPE,NANGELINALNWVERNALPK,NONE,2019-04-16 20:14:00,,,
BLOOMINGTON PD,BLOOMINGTON,3,0.0,0.0,0.0,0.0,,,,S WALNUT,E BURKS DR,,2500.0,S,39.12914846324943,-86.55512553068864,LOCAL/CITY RD,N,URBAN,N,N,B,,DAYLIGHT,CLOUDY,DRY,,NO JUNCTION INVOLVED,STRAIGHT/GRADE,ASPHALT,FAILURE TO YIELD RIGHT OF WAY,LEFT TURN,EASTBURKSDRSOUTHWALNUTST,LN CONTROL,2019-04-17 15:20:00,,,
MONROE SD,BLOOMINGTON,1,0.0,0.0,0.0,0.0,,,,I-69 S,,,1500.0,S,39.123358946239215,-86.58257799461902,INTERSTATE,N,RURAL,N,Y,N,,DAYLIGHT,CLOUDY,DRY,,NO JUNCTION INVOLVED,STRAIGHT/GRADE,ASPHALT,RAN OFF RD RIGHT,RAN OFF RD,I-69SSTATERD37RD,NONE,2019-04-17 18:51:00,,,
BLOOMINGTON PD,BLOOMINGTON,2,0.0,0.0,0.0,0.0,,,,S MONTCLAIR,E SUSSEX DR,,150.0,N,39.13981,-86.53866,LOCAL/CITY RD,N,URBAN,N,N,N,,DAYLIGHT,CLOUDY,DRY,,T-INTERSECTION,STRAIGHT/GRADE,ASPHALT,DRIVER DISTRACTED - EXPLAIN IN NARRATIVE,REAR END,ESUSSEXDRSMONTCLAIRAVE,NONE,2019-04-17 14:51:00,,,
BLOOMINGTON PD,BLOOMINGTON,2,0.0,,0.0,0.0,,,,S PARK,E HUNTER AVE,,,,39.10024,-86.55794,LOCAL/CITY RD,Y,URBAN,N,N,N,,,,,,NO JUNCTION INVOLVED,,,,SAME DIRECTION SIDESWIPE,HUNTERAVEPARKAVE,,2019-04-17 09:51:00,,,
MONROE SD,BLOOMINGTON,1,0.0,0.0,0.0,0.0,,,,ST RD 37,W VICTOR PK,,900.0,N,39.16463,-86.53489,ST RD,N,RURAL,N,N,N,,DARK (LIGHTED),CLEAR,DRY,,NO JUNCTION INVOLVED,STRAIGHT/GRADE,ASPHALT,ANIMAL/OBJECT IN RDWAY,RAN OFF RD,N ST RD 37WVICTORPK,NONE,2019-04-17 00:52:00,,,
BLOOMINGTON PD,BLOOMINGTON,2,0.0,1.0,0.0,0.0,,,,W 3RD,I-69 N,,,,39.26584881827173,-86.52287191652304,ST RD,N,URBAN,N,N,N,,DAYLIGHT,CLOUDY,WET,,FOUR-WAY INTERSECTION,STRAIGHT/LEVEL,ASPHALT,DISREGARD SIGNAL/REG SIGN,RIGHT ANGLE,S ST RD 37W 3RDST,TRAFFIC CONTROL SIGNAL,2019-04-18 15:33:00,,,
BLOOMINGTON PD,BLOOMINGTON,2,0.0,0.0,0.0,0.0,,,,W 3RD,S COLLEGE AVE,,,,39.164513435723414,-86.57020614298403,LOCAL/CITY RD,N,URBAN,N,N,N,,DAYLIGHT,RAIN,WET,,FOUR-WAY INTERSECTION,STRAIGHT/GRADE,ASPHALT,DISREGARD SIGNAL/REG SIGN,RIGHT ANGLE,SCOLLEGEAVEW 3RDST,TRAFFIC CONTROL SIGNAL,2019-04-18 09:15:00,,,
MONROE SD,BLOOMINGTON,2,0.0,0.0,0.0,0.0,,,,ST RD 46,N CURRY PK,,,,39.14601560305083,-86.53893016804643,ST RD,N,RURAL,N,N,N,,DAYLIGHT,RAIN,WET,,FOUR-WAY INTERSECTION,STRAIGHT/GRADE,ASPHALT,FOLLOWING TOO CLOSELY,REAR END,CURRYPKST RD 46 W,NONE,2019-04-18 13:55:00,,,
MONROE SD,BLOOMINGTON,1,0.0,0.0,0.0,0.0,,,,E SMITHVILLE,S SOCIETY LN,,50.0,E,39.16453,-86.57327,COUNTY RD,N,RURAL,N,N,N,,DAYLIGHT,RAIN,WET,,NO JUNCTION INVOLVED,CURVE/GRADE,ASPHALT,RAN OFF RD RIGHT,RAN OFF RD,ESMITHVILLERDSSOCIETYLN,LN CONTROL,2019-04-18 08:05:00,,,
MONROE SD,BLOOMINGTON,2,1.0,0.0,0.0,0.0,301.0,,,N COLLEGE,ALLEY,,,,39.16448561202262,-86.57303997502508,UNKNOWN,N,URBAN,N,N,N,,DAYLIGHT,CLEAR,WET,,NO JUNCTION INVOLVED,STRAIGHT/LEVEL,ASPHALT,OTHER (DRIVER) - EXPLAIN IN NARRATIVE,OTHER - EXPLAIN IN NARRATIVE,NCOLLEGEAVE,NONE,2019-04-18 14:56:00,,,