Agency,City,Vehicles Involved,Trailers Involved,Number Injured,Number Dead,Number Deer,House Number,Roadway Interchange,Roadway Ramp,Roadway Id,Intersecting Road,Interchange,Feet From,Direction,Latitude,Longitude,Roadway Class,Hit and Run?,Locality,School Zone?,Rumble Strips?,Construction?,Construction Type,Light Condition,Weather Conditions,Surface Condition,Type of Median,Roadway Junction Type,Road Character,Roadway Surface,Primary Factor,Manner of Collision,Unique Location Id,Traffic Control,DateTime,Address Number,Cyclist Involved,Pedestrian Involved
BLOOMINGTON PD,BLOOMINGTON,3,0.0,0.0,0.0,0.0,,,,S COLLEGE,W 7TH ST,,,,39.18642,-86.53771,LOCAL/CITY RD,N,URBAN,N,N,N,,DAYLIGHT,CLEAR,WET,,FOUR-WAY INTERSECTION,STRAIGHT/LEVEL,ASPHALT,FOLLOWING TOO CLOSELY,REAR END,SCOLLEGEAVEW7THST,TRAFFIC CONTROL SIGNAL,2019-04-18 16:05:00,,,
BLOOMINGTON PD,BLOOMINGTON,1,0.0,0.0,0.0,0.0,,,,W 17TH,N ARLINGTON PARK DR,,,,39.14303,-86.5315,LOCAL/CITY RD,Y,URBAN,N,N,Y,LN CLOSURE,DAYLIGHT,RAIN,WET,,T-INTERSECTION,STRAIGHT/HILLCREST,ASPHALT,DISREGARD SIGNAL/REG SIGN,RAN OFF RD,17THSTARLINGTONPARKDR,LN CONTROL,2019-04-18 12:45:00,,,
BLOOMINGTON PD,BLOOMINGTON,1,0.0,0.0,0.0,0.0,,,,W ALLEN,S ROGERS ST,,,,39.12663609339293,-86.53137826320113,LOCAL/CITY RD,Y,URBAN,N,N,N,,DAYLIGHT,RAIN,WET,,T-INTERSECTION,STRAIGHT/GRADE,ASPHALT,OTHER (DRIVER) - EXPLAIN IN NARRATIVE,RAN OFF RD,ALLENSTROGERSST,STOP SIGN,2019-04-18 13:27:00,,,
BLOOMINGTON PD,BLOOMINGTON,3,0.0,0.0,0.0,0.0,,,,KINGSTON DR S,ST RD 46,,200.0,S,39.33279208287686,-86.67918403426789,LOCAL/CITY RD,N,URBAN,N,N,N,,DAYLIGHT,RAIN,WET,,FOUR-WAY INTERSECTION,STRAIGHT/GRADE,ASPHALT,DISREGARD SIGNAL/REG SIGN,RIGHT ANGLE,E 3RDSTSKINGSTONDR,STOP SIGN,2019-04-19 14:32:00,,,
INDIANA UNIV BLOOMINGTON PD,BLOOMINGTON,2,0.0,0.0,0.0,0.0,,,,E 17TH,N EAGLESON AVE,,300.0,W,39.16557645373783,-86.53490757840278,LOCAL/CITY RD,N,URBAN,N,N,N,,DARK (NOT LIGHTED),RAIN,WET,,NO JUNCTION INVOLVED,STRAIGHT/GRADE,ASPHALT,FAILURE TO YIELD RIGHT OF WAY,LEFT TURN,17THSTEAGLESON AVEAVE,LN CONTROL,2019-04-19 20:50:00,,,
ISP BLOOMINGTON 33,BLOOMINGTON,2,0.0,0.0,0.0,0.0,,,,ST RD 46,N UNION VALLEY RD,,,,39.13678318130733,-86.58262941895792,ST RD,N,URBAN,N,N,N,,DAYLIGHT,RAIN,WET,,FOUR-WAY INTERSECTION,STRAIGHT/LEVEL,ASPHALT,SPEED TOO FAST FOR WEATHER CONDITIONS,REAR END,ST RD 46UNIONVALLEYRD,TRAFFIC CONTROL SIGNAL,2019-04-19 17:28:00,,,
ELLETTSVILLE PD,ELLETTSVILLE,2,0.0,0.0,0.0,0.0,,,,ST RD 46,N LAKEVIEW DR,,500.0,E,39.15175346375913,-86.38285827470975,ST RD,N,URBAN,N,N,N,,DAYLIGHT,RAIN,WET,,NO JUNCTION INVOLVED,STRAIGHT/LEVEL,ASPHALT,FOLLOWING TOO CLOSELY,RIGHT TURN,NORTHLAKEVIEWDRST RD 46 W,LN CONTROL,2019-04-19 16:44:00,,,
INDIANA UNIV BLOOMINGTON PD,BLOOMINGTON,2,0.0,0.0,0.0,0.0,,,,E 10TH,N CAMPBELL DR,,,,39.186570520382986,-86.60203028120071,LOCAL/CITY RD,N,URBAN,N,N,N,,DAYLIGHT,RAIN,WET,,T-INTERSECTION,STRAIGHT/LEVEL,ASPHALT,FOLLOWING TOO CLOSELY,REAR END,10THSTCAMPBELLST,NONE,2019-04-19 18:15:00,,,
BLOOMINGTON PD,BLOOMINGTON,2,1.0,0.0,0.0,0.0,,,,N ORRIS,N MONROE ST,,,,39.12663388405675,-86.53140964491755,LOCAL/CITY RD,N,URBAN,Y,N,N,,DAYLIGHT,RAIN,ICE,,NO JUNCTION INVOLVED,STRAIGHT/GRADE,ASPHALT,PEDESTRIAN ACTION,OTHER - EXPLAIN IN NARRATIVE,NMONROESTNORRISDR,NONE,2019-04-19 14:15:00,,,
MONROE SD,BLOOMINGTON,1,0.0,1.0,0.0,0.0,,,,N ST RD 37,W BAYLES RD,,1718.0,S,-1.4049855666566716e-05,-4.806904164679573e-05,LOCAL/CITY RD,N,RURAL,N,N,N,,DARK (NOT LIGHTED),RAIN,WET,,NO JUNCTION INVOLVED,STRAIGHT/LEVEL,ASPHALT,DRIVER ASLEEP OR FATIGUED,RAN OFF RD,BAYLESRDBUSINESS37RD,NONE,2019-04-19 02:01:00,,,
BLOOMINGTON PD,BLOOMINGTON,2,0.0,0.0,0.0,0.0,405.0,,,W PATTERSON,,,,,39.14490794161917,-86.50425872511896,UNKNOWN,Y,URBAN,N,N,N,,DAYLIGHT,RAIN,WET,,NO JUNCTION INVOLVED,STRAIGHT/GRADE,ASPHALT,,,WPATTERSONDR,NONE,2019-04-19 14:53:00,,,
ELLETTSVILLE PD,ELLETTSVILLE,1,0.0,0.0,0.0,0.0,,,,W RATLIFF,S DEER RUN,,400.0,N,39.16220541554732,-86.5240376192024,LOCAL/CITY RD,N,URBAN,N,N,N,,DAYLIGHT,CLOUDY,WET,,NO JUNCTION INVOLVED,STRAIGHT/GRADE,ASPHALT,ANIMAL/OBJECT IN RDWAY,RAN OFF RD,DEERRUNWESTRATLIFFRD,NONE,2019-04-19 09:28:00,,,
BLOOMINGTON PD,BLOOMINGTON,2,0.0,0.0,0.0,0.0,,,,ST RD 45/46,N WALNUT ST,,,,39.105634534559954,-86.55126269192245,ST RD,Y,URBAN,N,N,N,,DAYLIGHT,RAIN,WET,,FOUR-WAY INTERSECTION,STRAIGHT/LEVEL,ASPHALT,SPEED TOO FAST FOR WEATHER CONDITIONS,REAR END,ST RD 46 WWALNUTST,TRAFFIC CONTROL SIGNAL,2019-04-20 13:19:00,,,
BLOOMINGTON PD,BLOOMINGTON,2,0.0,0.0,0.0,0.0,,,,W 4TH,S WALNUT ST,,,,39.16450360516834,-86.57303393072438,LOCAL/CITY RD,N,URBAN,N,N,N,,DAYLIGHT,RAIN,WET,,FOUR-WAY INTERSECTION,STRAIGHT/LEVEL,ASPHALT,DISREGARD SIGNAL/REG SIGN,OTHER - EXPLAIN IN NARRATIVE,SWALNUTSTW4THST,TRAFFIC CONTROL SIGNAL,2019-04-20 14:08:00,,,
BLOOMINGTON PD,BLOOMINGTON,3,0.0,0.0,0.0,0.0,,,,W COUNTRY CLUB,S WALNUT ST,,100.0,W,39.1646287072158,-86.53490837105251,LOCAL/CITY RD,N,URBAN,N,N,N,,DAYLIGHT,RAIN,WET,,NO JUNCTION INVOLVED,STRAIGHT/GRADE,ASPHALT,FOLLOWING TOO CLOSELY,REAR END,SWALNUTSTWCOUNTRYCLUBDR,NONE,2019-04-20 17:28:00,,,
BLOOMINGTON PD,BLOOMINGTON,2,0.0,0.0,0.0,0.0,,,,W 3RD,S LANDMARK AVE,,,,39.193634965372446,-86.57141361960272,LOCAL/CITY RD,N,URBAN,N,N,N,,DAYLIGHT,RAIN,WET,,FOUR-WAY INTERSECTION,STRAIGHT/GRADE,ASPHALT,FAILURE TO YIELD RIGHT OF WAY,RIGHT ANGLE,SLANDMARKAVEW 3RDST,TRAFFIC CONTROL SIGNAL,2019-04-20 12:40:00,,,
BLOOMINGTON PD,BLOOMINGTON,1,0.0,0.0,0.0,0.0,,,,S PATTERSON,W 3RD ST,,,,39.07088952311778,-86.51791474005877,LOCAL/CITY RD,Y,URBAN,N,N,N,,DARK (LIGHTED),RAIN,WET,,FOUR-WAY INTERSECTION,STRAIGHT/LEVEL,ASPHALT,IMPROPER TURNING,RAN OFF RD,SPATTERSONDRW 3RDST,STOP SIGN,2019-04-20 00:00:00,,,
BLOOMINGTON PD,BLOOMINGTON,2,0.0,0.0,0.0,0.0,527.0,,,N WALNUT,ALLEY,,,,39.17204670679369,-86.53484588632269,UNKNOWN,Y,URBAN,N,N,N,,DAYLIGHT,CLOUDY,WET,,T-INTERSECTION,STRAIGHT/HILLCREST,ASPHALT,UNSAFE SPEED,RIGHT ANGLE,NWALNUTST,NONE,2019-04-20 06:56:00,,,
BLOOMINGTON PD,BLOOMINGTON,2,0.0,0.0,0.0,0.0,,,,S LINCOLN,E SMITH AVE,,,,39.16854285133881,-86.53488476341124,LOCAL/CITY RD,N,URBAN,N,N,N,,DAYLIGHT,CLOUDY,WET,,FOUR-WAY INTERSECTION,STRAIGHT/LEVEL,ASPHALT,DISREGARD SIGNAL/REG SIGN,RIGHT ANGLE,ESMITHRDSLINCOLNST,STOP SIGN,2019-04-20 17:01:00,,,
BLOOMINGTON PD,BLOOMINGTON,1,0.0,0.0,0.0,0.0,947.0,,,S ROMANS,,,,,39.17907763089249,-86.55409193042489,LOCAL/CITY RD,Y,URBAN,N,N,N,,DARK (NOT LIGHTED),RAIN,WET,,NO JUNCTION INVOLVED,STRAIGHT/GRADE,ASPHALT,RAN OFF RD RIGHT,RAN OFF RD,ROMANSWAY,NONE,2019-04-20 01:30:00,,,
MONROE SD,STINESVILLE,1,0.0,1.0,0.0,0.0,,,,W WAMPLER,N LIBERTY HOLLOW RD,,1000.0,E,39.15558,-86.53873,COUNTY RD,N,RURAL,N,N,N,,DARK (NOT LIGHTED),RAIN,WET,,NO JUNCTION INVOLVED,STRAIGHT/GRADE,ASPHALT,RAN OFF RD RIGHT,RAN OFF RD,NLIBERTYHOLLOWRDWWAMPLERRD,NONE,2019-04-20 07:31:00,,,
INDIANA UNIV BLOOMINGTON PD,BLOOMINGTON,2,0.0,0.0,0.0,0.0,,,,E 10TH,N WALNUT GROVE ST,,,,39.164183051230104,-86.4930739739845,LOCAL/CITY RD,N,URBAN,N,N,N,,DAYLIGHT,CLEAR,DRY,,NO JUNCTION INVOLVED,STRAIGHT/LEVEL,ASPHALT,FOLLOWING TOO CLOSELY,REAR END,10THSTWALNUTGROVEST,LN CONTROL,2019-04-21 20:25:00,,,
INDIANA UNIV BLOOMINGTON PD,BLOOMINGTON,2,0.0,0.0,0.0,0.0,,,,S HENDERSON,E ATWATER AVE,,,,39.178809961849,-86.51244970354404,LOCAL/CITY RD,N,URBAN,N,N,N,,DAYLIGHT,CLEAR,DRY,,FOUR-WAY INTERSECTION,STRAIGHT/LEVEL,ASPHALT,FAILURE TO YIELD RIGHT OF WAY,RIGHT ANGLE,ATWATERAVEHENDERSONST,TRAFFIC CONTROL SIGNAL,2019-04-21 15:00:00,,,
BLOOMINGTON PD,BLOOMINGTON,2,0.0,2.0,0.0,0.0,,,,N UNION,E 7TH ST,,,,39.21512105705643,-86.5927027680815,LOCAL/CITY RD,N,URBAN,N,N,N,,DAYLIGHT,CLEAR,DRY,,T-INTERSECTION,STRAIGHT/LEVEL,ASPHALT,FAILURE TO YIELD RIGHT OF WAY,LEFT TURN,EAST7THSTNORTHUNIONST,NONE,2019-04-21 18:56:00,,,
BLOOMINGTON PD,BLOOMINGTON,2,0.0,0.0,0.0,0.0,,,,W 11TH,N SUMMIT ST,,45.0,W,39.22104,-86.60539,LOCAL/CITY RD,N,URBAN,N,N,N,,DAYLIGHT,CLEAR,DRY,,T-INTERSECTION,STRAIGHT/GRADE,ASPHALT,IMPROPER PASSING,SAME DIRECTION SIDESWIPE,NSUMMITSTW11THST,NONE,2019-04-21 19:34:00,,,
INDIANA UNIV BLOOMINGTON PD,BLOOMINGTON,2,0.0,0.0,0.0,0.0,,,,N PETE LLIS,ST RD 45,,,,39.17154480877858,-86.51398878415264,ST RD,N,URBAN,N,N,N,,DAYLIGHT,CLEAR,DRY,,FOUR-WAY INTERSECTION,STRAIGHT/GRADE,ASPHALT,FAILURE TO YIELD RIGHT OF WAY,LEFT TURN,PETEELLISDRST RD 45,TRAFFIC CONTROL SIGNAL,2019-04-22 16:22:00,,,
MONROE SD,BLOOMINGTON,2,0.0,0.0,0.0,0.0,,,,S WALNUT,S ORCHARD LN,,100.0,S,39.17497287334477,-86.54719868385699,COUNTY RD,N,URBAN,N,N,N,,DAYLIGHT,CLEAR,DRY,,NO JUNCTION INVOLVED,STRAIGHT/GRADE,ASPHALT,FOLLOWING TOO CLOSELY,REAR END,SOUTHOLDSTATERD37RDSOUTHORCHARDLN,NONE,2019-04-22 08:37:00,,,
INDIANA UNIV BLOOMINGTON PD,BLOOMINGTON,2,0.0,1.0,0.0,0.0,,,,N EAGLESON AVE,E 7TH ST,,300.0,N,39.215456736810616,-86.53703913515528,LOCAL/CITY RD,N,URBAN,N,N,N,,DAYLIGHT,CLEAR,DRY,,T-INTERSECTION,STRAIGHT/GRADE,ASPHALT,FAILURE TO YIELD RIGHT OF WAY,RIGHT ANGLE,E7THSTEAGLESON AVEAVE,OTHER REGULATORY SIGN/MARKING,2019-04-22 12:04:00,,,
MONROE SD,ELLETTSVILLE,2,0.0,1.0,0.0,0.0,,,,N UNION VALLEY,W MAPLE GROVE RD,,300.0,S,39.153367861943245,-86.53820389501593,,Y,RURAL,N,N,N,,DAYLIGHT,CLEAR,DRY,,NO JUNCTION INVOLVED,STRAIGHT/GRADE,ASPHALT,LEFT OF CENTER,OPPOSITE DIRECTION SIDESWIPE,NUNIONVALLEYRDWMAPLEGROVERD,NONE,2019-04-22 16:43:00,,,
ISP BLOOMINGTON 33,BLOOMINGTON,2,0.0,0.0,0.0,0.0,,,,S BREEDEN,ST RD 45,,,,39.21080685799174,-86.61951031784714,ST RD,N,URBAN,N,N,N,,DAYLIGHT,CLEAR,DRY,,T-INTERSECTION,CURVE/GRADE,ASPHALT,TIRE FAILURE OR DEFECTIVE,OTHER - EXPLAIN IN NARRATIVE,BREEDENRDST RD 45,LN CONTROL,2019-04-22 19:45:00,,,
BLOOMINGTON PD,BLOOMINGTON,2,0.0,1.0,0.0,0.0,,,,S SMITH,E MORNINGSIDE DR,,,,39.18624,-86.53453,LOCAL/CITY RD,Y,URBAN,N,N,N,,DAYLIGHT,CLEAR,DRY,,FOUR-WAY INTERSECTION,STRAIGHT/LEVEL,ASPHALT,FAILURE TO YIELD RIGHT OF WAY,REAR END,EMORNINGSIDEDRSSMITHRD,STOP SIGN,2019-04-22 15:30:00,,,
BLOOMINGTON PD,BLOOMINGTON,2,0.0,0.0,0.0,0.0,,,,S WALNUT,W DODDS ST,,,,39.16554656871723,-86.53365681465596,LOCAL/CITY RD,N,URBAN,N,N,N,,DAYLIGHT,CLEAR,DRY,,FOUR-WAY INTERSECTION,STRAIGHT/LEVEL,ASPHALT,FAILURE TO YIELD RIGHT OF WAY,RIGHT ANGLE,EDODDSSTSWALNUTST,STOP SIGN,2019-04-22 12:30:00,,,
BLOOMINGTON PD,BLOOMINGTON,2,0.0,0.0,0.0,0.0,,,,S WALNUT,W PINEWOOD DR,,100.0,S,39.13597,-86.53111,LOCAL/CITY RD,Y,URBAN,N,N,N,,DAYLIGHT,CLEAR,DRY,,NO JUNCTION INVOLVED,STRAIGHT/LEVEL,ASPHALT,FOLLOWING TOO CLOSELY,REAR END,PINEWOODDRSOUTHWALNUTST,NONE,2019-04-22 16:55:00,,,
BLOOMINGTON PD,BLOOMINGTON,2,0.0,0.0,0.0,0.0,,,,ST RD 45/46,N WALNUT ST,,,,39.16439129517111,-86.55633607197669,LOCAL/CITY RD,N,URBAN,N,N,N,,DAYLIGHT,CLEAR,DRY,,FOUR-WAY INTERSECTION,STRAIGHT/GRADE,ASPHALT,IMPROPER TURNING,RIGHT ANGLE,46BYPWALNUTST,TRAFFIC CONTROL SIGNAL,2019-04-23 13:30:00,,,
BLOOMINGTON PD,BLOOMINGTON,2,0.0,0.0,0.0,0.0,,,,ST RD 45/46,N KINSER PK,,,,39.16437156044779,-86.55198537678793,LOCAL/CITY RD,N,RURAL,N,Y,N,,DAYLIGHT,CLEAR,DRY,,FOUR-WAY INTERSECTION,STRAIGHT/GRADE,ASPHALT,FOLLOWING TOO CLOSELY,REAR END,NKINSERPKWSTATERD4546BYP,TRAFFIC CONTROL SIGNAL,2019-04-23 13:44:00,,,
INDIANA UNIV BLOOMINGTON PD,BLOOMINGTON,2,0.0,1.0,0.0,0.0,,,,S HENDERSON,E ATWATER AVE,,,,39.15555570943546,-86.53370899410719,LOCAL/CITY RD,N,URBAN,N,N,N,,DAYLIGHT,CLEAR,DRY,,FOUR-WAY INTERSECTION,STRAIGHT/GRADE,ASPHALT,FAILURE TO YIELD RIGHT OF WAY,RIGHT ANGLE,ATWATERAVEHENDERSONST,TRAFFIC CONTROL SIGNAL,2019-04-23 15:43:00,,,
BLOOMINGTON PD,BLOOMINGTON,2,0.0,0.0,0.0,0.0,,,,S WALNUT,S WALNUT ST PK,,,,39.16282,-86.53117,LOCAL/CITY RD,N,URBAN,N,N,N,,DAYLIGHT,CLEAR,DRY,,T-INTERSECTION,STRAIGHT/LEVEL,ASPHALT,UNSAFE LN MOVEMENT,SAME DIRECTION SIDESWIPE,SOUTHWALNUTSTPKSOUTHWALNUTST,NONE,2019-04-23 16:40:00,,,
BLOOMINGTON PD,BLOOMINGTON,3,0.0,2.0,0.0,0.0,,,,N WALNUT,E 7TH ST,,100.0,S,39.156039306764065,-86.47843105667073,LOCAL/CITY RD,N,RURAL,N,N,N,,DAYLIGHT,CLEAR,DRY,,NO JUNCTION INVOLVED,STRAIGHT/GRADE,ASPHALT,FAILURE TO YIELD RIGHT OF WAY,REAR END,7THSTWALNUTST,NONE,2019-04-23 12:12:00,,,
BLOOMINGTON PD,BLOOMINGTON,2,0.0,1.0,0.0,0.0,,,,S CURRY,,,,,39.33438242311626,-86.60704145227395,LOCAL/CITY RD,N,RURAL,N,N,N,,DAYLIGHT,CLEAR,DRY,,FOUR-WAY INTERSECTION,STRAIGHT/LEVEL,ASPHALT,IMPROPER LN USAGE,REAR END,SCURRYPKST RD 45 W,TRAFFIC CONTROL SIGNAL,2019-04-23 17:32:00,,,
MONROE SD,BLOOMINGTON,4,0.0,1.0,0.0,0.0,,,,S WALNUT,,,1500.0,N,39.171617362886785,-86.52102488918483,LOCAL/CITY RD,N,RURAL,N,N,N,,DAYLIGHT,CLEAR,DRY,,NO JUNCTION INVOLVED,STRAIGHT/GRADE,ASPHALT,FOLLOWING TOO CLOSELY,REAR END,OLDSTATERD37RDS ST RD 37,NONE,2019-04-23 17:30:00,,,
MONROE SD,BLOOMINGTON,1,0.0,0.0,0.0,1.0,,,,ST RD 45,,,500.0,E,39.16309986230149,-86.52729620926264,ST RD,N,RURAL,N,N,N,,DAWN/DUSK,CLEAR,DRY,,NO JUNCTION INVOLVED,STRAIGHT/GRADE,ASPHALT,ANIMAL/OBJECT IN RDWAY,COLLISION WITH DEER,SSTANFORDRDST RD 45 W,NO PASSING ZONE,2019-04-23 06:33:00,,,
INDIANA UNIV BLOOMINGTON PD,BLOOMINGTON,2,0.0,0.0,0.0,0.0,,,,N EAGLESON AVE,E LAW LN,,,,39.168087738128335,-86.50945934596466,LOCAL/CITY RD,N,URBAN,N,N,N,,DAYLIGHT,CLEAR,DRY,,FOUR-WAY INTERSECTION,STRAIGHT/GRADE,ASPHALT,FAILURE TO YIELD RIGHT OF WAY,LEFT TURN,ELAWLNEAGLESON AVEAVE,TRAFFIC CONTROL SIGNAL,2019-04-24 16:00:00,,,
BLOOMINGTON PD,BLOOMINGTON,2,0.0,1.0,0.0,0.0,1700.0,,,N KINSER,W GOURLEY PK,,50.0,N,39.173222226614534,-86.54825362943589,LOCAL/CITY RD,N,URBAN,N,N,N,,DAYLIGHT,RAIN,WET,,NO JUNCTION INVOLVED,STRAIGHT/LEVEL,ASPHALT,FOLLOWING TOO CLOSELY,REAR END,1700NKINSERPKWGOURLEYPK,LN CONTROL,2019-04-24 12:30:00,,,
BLOOMINGTON PD,BLOOMINGTON,2,0.0,0.0,0.0,0.0,,,,S COLLEGE MALL,E MOORES PK,,300.0,N,39.17148955895767,-86.49539188156014,LOCAL/CITY RD,N,URBAN,N,N,N,,DAYLIGHT,RAIN,WET,,T-INTERSECTION,STRAIGHT/LEVEL,ASPHALT,FAILURE TO YIELD RIGHT OF WAY,RIGHT ANGLE,EMOORSEPKSCOLLEGEMALLRD,NONE,2019-04-24 17:55:00,,,
ISP BLOOMINGTON 33,BLOOMINGTON,1,0.0,0.0,0.0,1.0,,,,I-69 N,,,,,39.117143017164494,-86.53334479586444,INTERSTATE,N,RURAL,N,N,N,,DAYLIGHT,RAIN,WET,,NO JUNCTION INVOLVED,STRAIGHT/GRADE,ASPHALT,ANIMAL/OBJECT IN RDWAY,COLLISION WITH DEER,I-69108.2,LN CONTROL,2019-04-24 17:35:00,,,
MONROE SD,BLOOMINGTON,1,0.0,0.0,0.0,0.0,,,,S ROCKPORT,S VICTOR PK,,,,39.16882844885305,-86.51616897738505,LOCAL/CITY RD,N,URBAN,N,N,N,,DARK (NOT LIGHTED),RAIN,WET,,T-INTERSECTION,STRAIGHT/GRADE,ASPHALT,RAN OFF RD RIGHT,RAN OFF RD,SROCKPORTRDWVICTORPK,NONE,2019-04-24 20:57:00,,,
BLOOMINGTON PD,BLOOMINGTON,2,0.0,0.0,0.0,0.0,,,,ST RD 45/46,N WALNUT ST,,,,39.24471292783656,-86.5928710176431,LOCAL/CITY RD,N,URBAN,N,N,N,,DAYLIGHT,RAIN,WET,,FOUR-WAY INTERSECTION,STRAIGHT/HILLCREST,ASPHALT,SPEED TOO FAST FOR WEATHER CONDITIONS,REAR END,4546HWYNWALNUTST,TRAFFIC CONTROL SIGNAL,2019-04-25 14:31:00,,,
INDIANA UNIV BLOOMINGTON PD,BLOOMINGTON,2,0.0,1.0,0.0,0.0,,,,E 10TH,N WALNUT GROVE ST,,,,39.08674487233909,-86.67206860088653,LOCAL/CITY RD,N,URBAN,N,N,N,,DAYLIGHT,RAIN,WET,,T-INTERSECTION,STRAIGHT/LEVEL,ASPHALT,SPEED TOO FAST FOR WEATHER CONDITIONS,REAR END,TENTHSTWALNUTGROVEST,LN CONTROL,2019-04-25 12:54:00,,,
BLOOMINGTON PD,BLOOMINGTON,1,0.0,0.0,0.0,0.0,,,,S HENDERSON,E WINSLOW RD,,200.0,N,39.166220279570155,-86.48130445531132,LOCAL/CITY RD,N,URBAN,N,N,N,,DAYLIGHT,RAIN,WET,,FOUR-WAY INTERSECTION,STRAIGHT/LEVEL,ASPHALT,PEDESTRIAN ACTION,OTHER - EXPLAIN IN NARRATIVE,EWINSLOWRDSHENDERSONST,NONE,2019-04-25 14:35:00,,,True
ISP BLOOMINGTON 33,BLOOMINGTON,2,0.0,0.0,0.0,0.0,,,,N MONROE,ST RD 45/46,,,,39.15740858134032,-86.53365208862128,LOCAL/CITY RD,N,URBAN,N,N,N,,DAYLIGHT,RAIN,WET,,T-INTERSECTION,STRAIGHT/GRADE,ASPHALT,IMPROPER LN USAGE,SAME DIRECTION SIDESWIPE,MONROESTST RD 45,NONE,2019-04-25 17:30:00,,,
ISP BLOOMINGTON 33,BLOOMINGTON,2,0.0,0.0,0.0,0.0,,,,ST RD 45/46,N MONROE ST,,,,39.131460248321005,-86.53144455371641,LOCAL/CITY RD,Y,URBAN,N,N,N,,DAYLIGHT,RAIN,WET,,FOUR-WAY INTERSECTION,STRAIGHT/GRADE,CONCRETE,UNSAFE LN MOVEMENT,RIGHT ANGLE,MONROESTST RD 45ST RD 46BYP,LN CONTROL,2019-04-25 10:43:00,,,
BLOOMINGTON PD,BLOOMINGTON,2,0.0,1.0,0.0,0.0,,,,E COVENANTER,S COLLEGE MALL RD,,,,39.18623394101265,-86.53455291846898,LOCAL/CITY RD,N,URBAN,N,N,N,,DAYLIGHT,RAIN,WET,,FOUR-WAY INTERSECTION,STRAIGHT/LEVEL,ASPHALT,FOLLOWING TOO CLOSELY,REAR END,EASTCOVENANTERRDSOUTHCOLLEGEMALLRD,TRAFFIC CONTROL SIGNAL,2019-04-25 17:15:00,,,
BLOOMINGTON PD,BLOOMINGTON,2,0.0,1.0,0.0,0.0,,,,S WALNUT,W SMITH AVE,,,,39.18640807423896,-86.53774065238467,LOCAL/CITY RD,N,URBAN,N,Y,N,,DARK (LIGHTED),RAIN,WET,,FOUR-WAY INTERSECTION,STRAIGHT/LEVEL,ASPHALT,IMPROPER TURNING,LEFT TURN,SOUTHWALNUTSTWESTSMITHAVE,TRAFFIC CONTROL SIGNAL,2019-04-25 19:39:00,,,
MONROE SD,BLOOMINGTON,1,0.0,0.0,0.0,0.0,,,,E ANDERSON,E FARR RD,,2500.0,W,39.163120033357316,-86.52728383981538,LOCAL/CITY RD,N,RURAL,N,N,N,,DARK (NOT LIGHTED),RAIN,WATER (STANDING OR MOVING),,NO JUNCTION INVOLVED,STRAIGHT/LEVEL,ASPHALT,SPEED TOO FAST FOR WEATHER CONDITIONS,RAN OFF RD,ANDERSONRDFARRRD,NONE,2019-04-25 20:25:00,,,
BLOOMINGTON PD,BLOOMINGTON,2,0.0,0.0,0.0,0.0,,,,N GRANT,E 8TH ST,,,,39.137542046219075,-86.5304695145315,LOCAL/CITY RD,Y,URBAN,N,N,N,,UNKNOWN,RAIN,WET,,FIVE POINT OR MORE,STRAIGHT/LEVEL,ASPHALT,OTHER (DRIVER) - EXPLAIN IN NARRATIVE,OTHER - EXPLAIN IN NARRATIVE,8THSTNGRANTST,STOP SIGN,2019-04-25 10:50:00,,,
INDIANA UNIV BLOOMINGTON PD,BLOOMINGTON,1,0.0,1.0,0.0,0.0,,,,N INDIANA,E 6TH ST,,,,39.16851995655508,-86.53362027344478,LOCAL/CITY RD,N,URBAN,N,N,N,,DARK (NOT LIGHTED),RAIN,WET,,T-INTERSECTION,STRAIGHT/GRADE,ASPHALT,UNSAFE BACKING,BACKING CRASH,INDIANAAVESIXTHST,NONE,2019-04-25 22:33:00,,True,
MONROE SD,ELLETTSVILLE,2,0.0,0.0,0.0,0.0,,,,N UNION VALLEY,W MCNEELY ST,,,,39.142019681216965,-86.58260393944164,LOCAL/CITY RD,N,RURAL,N,N,N,,DAYLIGHT,RAIN,WET,,T-INTERSECTION,STRAIGHT/HILLCREST,ASPHALT,FOLLOWING TOO CLOSELY,OPPOSITE DIRECTION SIDESWIPE,MCNEELYRDUNIONVALLEYRD,NONE,2019-04-25 16:57:00,,,
INDIANA UNIV BLOOMINGTON PD,BLOOMINGTON,1,0.0,0.0,0.0,0.0,,,,N WOODLAWN,E 11TH ST,,,,39.085601740811335,-86.54234467141998,LOCAL/CITY RD,N,URBAN,N,N,N,,DAYLIGHT,RAIN,WET,,FOUR-WAY INTERSECTION,STRAIGHT/GRADE,ASPHALT,SPEED TOO FAST FOR WEATHER CONDITIONS,RAN OFF RD,ELEVENTHSTWOODLAWNAVE,STOP SIGN,2019-04-25 13:33:00,,,