Agency,City,Vehicles Involved,Trailers Involved,Number Injured,Number Dead,Number Deer,House Number,Roadway Interchange,Roadway Ramp,Roadway Id,Intersecting Road,Interchange,Feet From,Direction,Latitude,Longitude,Roadway Class,Hit and Run?,Locality,School Zone?,Rumble Strips?,Construction?,Construction Type,Light Condition,Weather Conditions,Surface Condition,Type of Median,Roadway Junction Type,Road Character,Roadway Surface,Primary Factor,Manner of Collision,Unique Location Id,Traffic Control,DateTime,Address Number,Cyclist Involved,Pedestrian Involved
ELLETTSVILLE PD,ELLETTSVILLE,2,0.0,0.0,0.0,0.0,,,,ST RD 46,N HARTSTRAIT RD,,,,39.06076055466265,-86.67449338131321,ST RD,N,URBAN,N,N,N,,DAYLIGHT,RAIN,WET,,NO JUNCTION INVOLVED,STRAIGHT/LEVEL,ASPHALT,UNSAFE LN MOVEMENT,SAME DIRECTION SIDESWIPE,HARTSTRAIGHTRDST RD 46 W,TRAFFIC CONTROL SIGNAL,2019-05-09 12:16:00,,,
MONROE SD,BLOOMINGTON,2,0.0,0.0,0.0,0.0,,,,ST RD 46,W ARLINGTON RD,,50.0,E,39.21209115440678,-86.58718051452801,ST RD,N,RURAL,N,N,N,,DAYLIGHT,CLEAR,DRY,,T-INTERSECTION,STRAIGHT/LEVEL,ASPHALT,FOLLOWING TOO CLOSELY,REAR END,ST RD 46 WWARLINGTONRD,TRAFFIC CONTROL SIGNAL,2019-05-09 17:36:00,,,
BLOOMINGTON PD,BLOOMINGTON,3,0.0,0.0,0.0,0.0,,,,W 3RD,S LANDMARK AVE,,200.0,W,39.16458041879617,-86.53363943129759,LOCAL/CITY RD,N,URBAN,N,N,N,,DAYLIGHT,RAIN,WET,,NO JUNCTION INVOLVED,STRAIGHT/LEVEL,ASPHALT,FOLLOWING TOO CLOSELY,REAR END,SLANDMARKAVEW 3RDST,TRAFFIC CONTROL SIGNAL,2019-05-09 11:46:00,,,
BLOOMINGTON PD,BLOOMINGTON,2,0.0,0.0,0.0,0.0,,,,S WALNUT,W GORDON PK,,200.0,N,39.18626817016529,-86.52843269679741,LOCAL/CITY RD,N,URBAN,N,N,N,,DAYLIGHT,RAIN,WET,,NO JUNCTION INVOLVED,STRAIGHT/GRADE,ASPHALT,FAILURE TO YIELD RIGHT OF WAY,LEFT TURN,RHORERRDWALNUTST,LN CONTROL,2019-05-09 13:11:00,,,
BLOOMINGTON PD,BLOOMINGTON,2,0.0,0.0,0.0,0.0,,,,S AUTO MALL,E BUICK CADILLAC BLVD,,300.0,S,39.18626059625767,-86.5284252312953,LOCAL/CITY RD,N,URBAN,N,N,N,,DAYLIGHT,CLEAR,DRY,,T-INTERSECTION,STRAIGHT/LEVEL,ASPHALT,FAILURE TO YIELD RIGHT OF WAY,LEFT TURN,EASTBUICKCADILLACBLVDSOUTHAUTOMALLRD,NONE,2019-05-09 14:53:00,,,
MONROE SD,BLOOMINGTON,1,0.0,1.0,0.0,0.0,7025.0,,,S HARMONY,,,,,39.13600129337254,-86.5382818006948,LOCAL/CITY RD,N,RURAL,N,N,N,,DARK (LIGHTED),CLEAR,DRY,,NO JUNCTION INVOLVED,CURVE/LEVEL,ASPHALT,RAN OFF RD RIGHT,RAN OFF RD,SHARMONYRD,NONE,2019-05-09 16:39:00,,,
BLOOMINGTON PD,BLOOMINGTON,2,0.0,0.0,0.0,0.0,,,,S EAGLESON AVE,E 2ND ST,,,,39.175187923508254,-86.52703830362617,LOCAL/CITY RD,N,URBAN,N,N,N,,DAYLIGHT,CLOUDY,DRY,,FOUR-WAY INTERSECTION,STRAIGHT/GRADE,ASPHALT,FAILURE TO YIELD RIGHT OF WAY,RIGHT ANGLE,E 2NDSTSEAGLESON AVEAVE,STOP SIGN,2019-05-09 14:24:00,,,
BLOOMINGTON PD,BLOOMINGTON,2,0.0,1.0,0.0,0.0,,,,S MORTON,W 1ST,,,,39.16754903351236,-86.53611618919095,LOCAL/CITY RD,N,URBAN,N,N,N,,DAYLIGHT,RAIN,WET,,FOUR-WAY INTERSECTION,STRAIGHT/LEVEL,ASPHALT,DISREGARD SIGNAL/REG SIGN,RIGHT ANGLE,SMORTONSTW1STST,STOP SIGN,2019-05-09 09:55:00,,,
BLOOMINGTON PD,BLOOMINGTON,2,0.0,1.0,0.0,0.0,,,,S ROGERS,W HILLSIDE DR,,,,39.18686,-86.54669827,LOCAL/CITY RD,N,URBAN,N,N,N,,DAYLIGHT,CLOUDY,WET,,T-INTERSECTION,STRAIGHT/LEVEL,ASPHALT,RDWAY SURFACE CONDITION,REAR END,HILLSIDEDRIVEROGERSST,LN CONTROL,2019-05-09 08:16:00,,,
MONROE SD,BLOOMINGTON,2,0.0,0.0,0.0,0.0,3585.0,,,ST RD 45,,,,,39.15389126871356,-86.40683827782378,UNKNOWN,N,URBAN,N,N,N,,DAYLIGHT,CLOUDY,DRY,,NO JUNCTION INVOLVED,STRAIGHT/LEVEL,ASPHALT,OTHER (DRIVER) - EXPLAIN IN NARRATIVE,REAR END,WSTATERD45RD,NONE,2019-05-09 09:15:00,,,
BLOOMINGTON PD,BLOOMINGTON,2,0.0,0.0,0.0,0.0,,,,W PINEHURST,W PINE MEADOW DR,,150.0,W,39.18642,-86.53771,LOCAL/CITY RD,Y,URBAN,N,N,N,,DAYLIGHT,RAIN,WET,,NO JUNCTION INVOLVED,STRAIGHT/LEVEL,ASPHALT,IMPROPER LN USAGE,HEAD ON BETWEEN TWO MOTOR VEHICLES,PINEMEADOWDRPINEHURSTDR,NONE,2019-05-09 09:11:00,,,
BLOOMINGTON PD,BLOOMINGTON,2,0.0,1.0,0.0,0.0,,,,N KINSER,ST RD 45/46,,,,39.16442182810069,-86.52820431897342,LOCAL/CITY RD,N,URBAN,N,N,N,,DAYLIGHT,CLOUDY,DRY,,FOUR-WAY INTERSECTION,STRAIGHT/LEVEL,CONCRETE,FOLLOWING TOO CLOSELY,REAR END,NKINSERPKST RD 46E,TRAFFIC CONTROL SIGNAL,2019-05-10 15:33:00,,,
MONROE SD,BLOOMINGTON,1,0.0,0.0,0.0,1.0,,,,I-69 N,,,300.0,N,39.178944535748,-86.51901076558046,INTERSTATE,N,RURAL,N,Y,N,,DARK (LIGHTED),CLEAR,DRY,,NO JUNCTION INVOLVED,STRAIGHT/LEVEL,ASPHALT,ANIMAL/OBJECT IN RDWAY,COLLISION WITH DEER,ESAMPLERDI-69 N,NONE,2019-05-10 04:38:00,,,
MONROE SD,BLOOMINGTON,1,0.0,0.0,0.0,0.0,,,,N SHUFFLE CREEK,E S SHORE DR,,2571.0,S,39.17902,-86.52704,COUNTY RD,N,RURAL,N,N,N,,DARK (NOT LIGHTED),CLEAR,DRY,,NO JUNCTION INVOLVED,STRAIGHT/LEVEL,ASPHALT,RAN OFF RD RIGHT,RAN OFF RD,SHUFFLECREEKRDSOUTHSHOREDR,NONE,2019-05-10 20:53:00,,,
BLOOMINGTON PD,BLOOMINGTON,2,0.0,0.0,0.0,0.0,315.0,,,W 15TH,N WOODBURN AVE,,100.0,W,39.1665754732533,-86.53480296140198,LOCAL/CITY RD,Y,URBAN,N,N,N,,DARK (NOT LIGHTED),RAIN,WET,,NO JUNCTION INVOLVED,STRAIGHT/GRADE,ASPHALT,UNSAFE BACKING,BACKING CRASH,315W15THSTWOODBURNAVE,LN CONTROL,2019-05-10 22:52:00,,,
MONROE SD,BLOOMINGTON,2,0.0,0.0,0.0,0.0,,,,W OCEAN,S DAPHNE DR,,,,39.1645,-86.56269,COUNTY RD,N,RURAL,N,N,N,,DAYLIGHT,CLEAR,DRY,,T-INTERSECTION,STRAIGHT/LEVEL,ASPHALT,UNSAFE BACKING,BACKING CRASH,SDAPHNEDRWOCEANDR,NONE,2019-05-10 18:07:00,,,
MONROE SD,BLOOMINGTON,1,0.0,1.0,0.0,0.0,,,,N HINKLE,E GRAMERCY PARK DR,,,,39.17882,-86.51243,COUNTY RD,N,RURAL,N,N,N,,DAYLIGHT,CLEAR,DRY,,NO JUNCTION INVOLVED,CURVE/HILLCREST,ASPHALT,RAN OFF RD RIGHT,RAN OFF RD,GRAMERCYPARKDRHINKLERD,NONE,2019-05-11 09:08:00,,,
BLOOMINGTON PD,BLOOMINGTON,2,0.0,0.0,0.0,0.0,,,,S PARK,E MAXWELL ST,,60.0,N,39.16658,-86.53361,LOCAL/CITY RD,N,URBAN,N,N,N,,DAYLIGHT,CLEAR,DRY,,NO JUNCTION INVOLVED,STRAIGHT/LEVEL,ASPHALT,OTHER (DRIVER) - EXPLAIN IN NARRATIVE,SAME DIRECTION SIDESWIPE,EMAXWELLSTSPARKAVE,NONE,2019-05-11 09:26:00,,,
BLOOMINGTON PD,BLOOMINGTON,1,0.0,0.0,0.0,0.0,,,,S SWAIN,E ATWATER AVE,,,,39.171646897833334,-86.53359315802274,LOCAL/CITY RD,N,URBAN,N,N,N,,DARK (LIGHTED),RAIN,WET,,FOUR-WAY INTERSECTION,STRAIGHT/LEVEL,ASPHALT,IMPROPER TURNING,RAN OFF RD,EATWATERAVESSWAINAVE,NONE,2019-05-11 20:45:00,,,
MONROE SD,BLOOMINGTON,1,0.0,0.0,0.0,0.0,7281.0,,,W HOLLAND HILL,,,,,39.15935473977277,-86.53509139927114,LOCAL/CITY RD,N,RURAL,N,N,N,,DARK (LIGHTED),CLEAR,DRY,,NO JUNCTION INVOLVED,STRAIGHT/GRADE,ASPHALT,RAN OFF RD RIGHT,RAN OFF RD,HOLLANDHILLLN,NONE,2019-05-11 00:29:00,,,
MONROE SD,BLOOMINGTON,1,0.0,0.0,0.0,0.0,,,,ST RD 46,W ARLINGTON RD,,100.0,W,39.22760648043493,-86.61594116588252,ST RD,N,RURAL,N,N,N,,DAYLIGHT,CLOUDY,WET,,T-INTERSECTION,CURVE/LEVEL,ASPHALT,UNSAFE SPEED,RAN OFF RD,ST RD 46 WWARLINGTONRD,NONE,2019-05-12 18:29:00,,,
BLOOMINGTON PD,BLOOMINGTON,1,0.0,0.0,0.0,0.0,,,,S CORY,W 3RD ST,,,,39.20760327772162,-86.57990361919323,LOCAL/CITY RD,N,URBAN,N,N,N,,DARK (LIGHTED),CLEAR,WET,,T-INTERSECTION,STRAIGHT/LEVEL,ASPHALT,RAN OFF RD RIGHT,RAN OFF RD,SCORYLNW 3RDST,TRAFFIC CONTROL SIGNAL,2019-05-12 02:42:00,,,
BLOOMINGTON PD,BLOOMINGTON,2,0.0,0.0,0.0,0.0,,,,S WALNUT,W GORDON PK,,,,39.16441578426816,-86.55632991299416,LOCAL/CITY RD,N,URBAN,N,N,N,,DAYLIGHT,CLOUDY,DRY,,FOUR-WAY INTERSECTION,STRAIGHT/LEVEL,ASPHALT,OTHER (DRIVER) - EXPLAIN IN NARRATIVE,REAR END,RHORERRDSWALNUTST,TRAFFIC CONTROL SIGNAL,2019-05-12 09:31:00,,,
ISP BLOOMINGTON 33,BLOOMINGTON,2,0.0,1.0,0.0,0.0,,,,W ST RD 37,E BETHEL LN,,,,39.12145707372859,-86.53135492601587,LOCAL/CITY RD,N,RURAL,N,N,N,,DAYLIGHT,CLEAR,WET,,NO JUNCTION INVOLVED,STRAIGHT/GRADE,ASPHALT,FAILURE TO YIELD RIGHT OF WAY,RIGHT ANGLE,BETHELLNOLDSTATERD37RD,STOP SIGN,2019-05-12 12:55:00,,,
BLOOMINGTON PD,BLOOMINGTON,1,0.0,0.0,0.0,0.0,,,,N WALNUT,E 19TH ST,,,,39.15830922251667,-86.4961171425751,LOCAL/CITY RD,N,URBAN,N,N,N,,DAYLIGHT,RAIN,WET,,T-INTERSECTION,STRAIGHT/GRADE,ASPHALT,DRIVER ASLEEP OR FATIGUED,RAN OFF RD,19THSTWALNUTST,STOP SIGN,2019-05-12 11:15:00,,,
MONROE SD,BLOOMINGTON,1,0.0,0.0,0.0,0.0,,,,S FAIRFAX,,,1372.0,N,39.077063649022136,-86.62847950310292,LOCAL/CITY RD,N,RURAL,N,N,N,,DARK (LIGHTED),RAIN,WET,,NO JUNCTION INVOLVED,CURVE/GRADE,ASPHALT,RAN OFF RD RIGHT,OTHER - EXPLAIN IN NARRATIVE,CLEVEBUTCHERRDSFAIRFAXRD,LN CONTROL,2019-05-12 00:11:00,,,
BLOOMINGTON PD,BLOOMINGTON,1,0.0,0.0,0.0,0.0,,,,S HENDERSON,S BRENDA LN,,,,39.16103,-86.51638,LOCAL/CITY RD,N,URBAN,Y,N,N,,DARK (NOT LIGHTED),RAIN,WET,,NO JUNCTION INVOLVED,STRAIGHT/LEVEL,ASPHALT,DRIVER ASLEEP OR FATIGUED,RAN OFF RD,SBRENDALNSHENDERSONST,LN CONTROL,2019-05-12 05:35:00,,,
MONROE SD,BLOOMINGTON,1,0.0,1.0,0.0,0.0,,,,S STRAIN RIDGE,ANNE AVE,,100.0,S,39.15939,-86.5363,COUNTY RD,N,RURAL,N,N,N,,DARK (NOT LIGHTED),RAIN,WET,,NO JUNCTION INVOLVED,CURVE/LEVEL,ASPHALT,RAN OFF RD RIGHT,RAN OFF RD,ANNEDRSSTRAINRIDGERD,NONE,2019-05-12 00:01:00,,,
MONROE SD,BLOOMINGTON,1,0.0,0.0,0.0,0.0,,,,W SAMPLE,N CANYON CT,,150.0,S,39.15056,-86.53876,LOCAL/CITY RD,N,RURAL,N,N,N,,DARK (NOT LIGHTED),CLEAR,DRY,,NO JUNCTION INVOLVED,CURVE/LEVEL,ASPHALT,RAN OFF RD RIGHT,RAN OFF RD,NORTHCANYONCTWESTSAMPLERD,NONE,2019-05-12 23:30:00,,,
MONROE SD,BLOOMINGTON,1,0.0,0.0,1.0,0.0,,,,ST RD 45,N RUSSELL RD,,500.0,S,39.12528959097382,-86.61051901355326,ST RD,Y,RURAL,N,Y,N,,DARK (NOT LIGHTED),CLEAR,DRY,,NO JUNCTION INVOLVED,STRAIGHT/GRADE,ASPHALT,OTHER (DRIVER) - EXPLAIN IN NARRATIVE,OTHER - EXPLAIN IN NARRATIVE,NORTHRUSSELLRDST RD 45E,NONE,2019-05-13 22:23:00,,True,True
BLOOMINGTON PD,BLOOMINGTON,2,0.0,0.0,0.0,0.0,,,,S LINCOLN,E 3RD ST,,,,39.13854468932513,-86.54864867766334,LOCAL/CITY RD,N,URBAN,N,N,N,,DAYLIGHT,CLEAR,DRY,,FOUR-WAY INTERSECTION,STRAIGHT/LEVEL,ASPHALT,DISREGARD SIGNAL/REG SIGN,OTHER - EXPLAIN IN NARRATIVE,E 3RDSTSLINCOLNST,TRAFFIC CONTROL SIGNAL,2019-05-13 10:00:00,,,
INDIANA UNIV BLOOMINGTON PD,BLOOMINGTON,3,0.0,0.0,0.0,0.0,,,,ST RD 45/46,N HEADLEY RD,,,,39.18639288803678,-86.53771775119215,ST RD,N,URBAN,N,N,Y,LN CLOSURE,DAYLIGHT,CLOUDY,DRY,,NO JUNCTION INVOLVED,STRAIGHT/LEVEL,ASPHALT,FOLLOWING TOO CLOSELY,REAR END,EBALFOURSTST RD 46,NONE,2019-05-13 12:00:00,,,
MONROE SD,ELLETTSVILLE,2,0.0,0.0,0.0,0.0,,,,ST RD 46,,,300.0,E,-6.8722939393964686e-06,-3.680953851125662e-05,ST RD,N,RURAL,N,N,N,,DAYLIGHT,CLEAR,DRY,,NO JUNCTION INVOLVED,STRAIGHT/LEVEL,ASPHALT,FOLLOWING TOO CLOSELY,REAR END,CYPRESSLNST RD 46 W,NONE,2019-05-13 09:53:00,,,
BLOOMINGTON PD,BLOOMINGTON,2,0.0,1.0,0.0,0.0,,,,ST RD 45,S LIBERTY DR,,,,39.25136292946351,-86.40091042717118,ST RD,N,URBAN,N,N,N,,DAYLIGHT,CLEAR,DRY,,FOUR-WAY INTERSECTION,STRAIGHT/GRADE,ASPHALT,FOLLOWING TOO CLOSELY,REAR END,LIBERTYDRST RD 45 W,TRAFFIC CONTROL SIGNAL,2019-05-14 12:54:00,,,
BLOOMINGTON PD,BLOOMINGTON,1,0.0,1.0,0.0,0.0,,,,S WASHINGTON,E 3RD ST,,,,39.17681747778255,-86.53598063220551,LOCAL/CITY RD,N,URBAN,N,N,N,,DAYLIGHT,CLEAR,DRY,,FOUR-WAY INTERSECTION,STRAIGHT/LEVEL,CONCRETE,FAILURE TO YIELD RIGHT OF WAY,OTHER - EXPLAIN IN NARRATIVE,E 3RDSTSWASHINGTONST,TRAFFIC CONTROL SIGNAL,2019-05-14 14:20:00,,,True
ISP BLOOMINGTON 33,BLOOMINGTON,2,0.0,0.0,0.0,0.0,,,,N CURRY,W JONATHAN DR,,,,39.126567725074686,-86.60369861282147,LOCAL/CITY RD,N,URBAN,N,N,N,,DAYLIGHT,CLEAR,DRY,,FOUR-WAY INTERSECTION,STRAIGHT/LEVEL,ASPHALT,FAILURE TO YIELD RIGHT OF WAY,LEFT TURN,CURRYPKJONATHANDR,TRAFFIC CONTROL SIGNAL,2019-05-14 10:25:00,,,
ELLETTSVILLE PD,ELLETTSVILLE,2,0.0,0.0,0.0,0.0,,,,ST RD 46,N CAPITOL AVE,,450.0,E,39.210393269387644,-86.50543203397504,ST RD,N,URBAN,N,N,N,,DAYLIGHT,CLEAR,DRY,,NO JUNCTION INVOLVED,STRAIGHT/GRADE,ASPHALT,FOLLOWING TOO CLOSELY,REAR END,CAPITOLAVEST RD 46 W,NONE,2019-05-14 11:15:00,,,
BLOOMINGTON PD,BLOOMINGTON,2,0.0,1.0,0.0,0.0,,,,W COUNTRY CLUB,S ROGERS ST,,,,39.15779466433379,-86.52377381489978,LOCAL/CITY RD,N,URBAN,N,N,N,,DAYLIGHT,CLEAR,DRY,,FOUR-WAY INTERSECTION,STRAIGHT/LEVEL,ASPHALT,FOLLOWING TOO CLOSELY,REAR END,SOUTHROGERSSTWESTCOUNTRYCLUBDR,NONE,2019-05-14 17:24:00,,,
MONROE SD,BLOOMINGTON,2,1.0,0.0,0.0,0.0,,,,E SAMPLE,I-69 N,Y,,,39.16305446311861,-86.51529807154662,INTERSTATE,N,RURAL,N,N,N,,DAYLIGHT,CLEAR,DRY,,INTERCHANGE,CURVE/LEVEL,ASPHALT,FAILURE TO YIELD RIGHT OF WAY,OTHER - EXPLAIN IN NARRATIVE,I-69 NSAMPLERD,YIELD SIGN,2019-05-14 08:35:00,,,
ELLETTSVILLE PD,ELLETTSVILLE,2,0.0,0.0,0.0,0.0,,,,N SYCAMORE,W HICKORY DR,,100.0,S,,,LOCAL/CITY RD,N,URBAN,Y,N,N,,DAYLIGHT,CLEAR,DRY,,NO JUNCTION INVOLVED,STRAIGHT/LEVEL,ASPHALT,LEFT OF CENTER,OPPOSITE DIRECTION SIDESWIPE,NORTHSYCAMOREDRWESTHICKORYDR,NONE,2019-05-14 15:15:00,,,
MONROE SD,BLOOMINGTON,1,0.0,0.0,0.0,0.0,,,,S FAIRFAX,E CHERRY LN,,,,39.20763,-86.57988,LOCAL/CITY RD,N,RURAL,N,N,N,,DARK (NOT LIGHTED),CLEAR,DRY,,T-INTERSECTION,CURVE/GRADE,ASPHALT,RAN OFF RD RIGHT,RAN OFF RD,ECHERRYLNSFAIRFAXRD,LN CONTROL,2019-05-14 04:32:00,,,
MONROE SD,BLOOMINGTON,2,0.0,2.0,0.0,0.0,,,,S HICKORY,W BELLE AVE,,,,39.16448,-86.56014,LOCAL/CITY RD,N,URBAN,N,N,N,,DAYLIGHT,CLEAR,DRY,,NO JUNCTION INVOLVED,STRAIGHT/LEVEL,ASPHALT,DISREGARD SIGNAL/REG SIGN,RIGHT ANGLE,SHICKORYDRWBELLEAVE,STOP SIGN,2019-05-14 09:36:00,,,
BLOOMINGTON PD,BLOOMINGTON,2,0.0,0.0,0.0,0.0,,,,S LINCOLN,E 3RD ST,,,,39.12141265096497,-86.53136517218772,LOCAL/CITY RD,N,URBAN,N,N,N,,DAYLIGHT,CLEAR,DRY,,FOUR-WAY INTERSECTION,STRAIGHT/LEVEL,CONCRETE,DISREGARD SIGNAL/REG SIGN,OTHER - EXPLAIN IN NARRATIVE,E 3RDSTSLINCOLNST,NONE,2019-05-14 13:42:00,,,
INDIANA UNIV BLOOMINGTON PD,BLOOMINGTON,2,0.0,0.0,0.0,0.0,,,,ST RD 45,ST RD 45/46,,,,39.212812143318054,-86.49075279639071,ST RD,N,URBAN,N,N,N,,DAYLIGHT,CLEAR,DRY,,FOUR-WAY INTERSECTION,STRAIGHT/GRADE,ASPHALT,FOLLOWING TOO CLOSELY,REAR END,ST RD 45ST RD 46,TRAFFIC CONTROL SIGNAL,2019-05-15 15:47:00,,,
BLOOMINGTON PD,BLOOMINGTON,2,0.0,1.0,0.0,0.0,,,,N WALNUT,ST RD 45/46,,,,39.18144890641307,-86.53375263719889,LOCAL/CITY RD,N,URBAN,N,N,N,,DAYLIGHT,CLOUDY,DRY,,FOUR-WAY INTERSECTION,STRAIGHT/LEVEL,ASPHALT,FAILURE TO YIELD RIGHT OF WAY,SAME DIRECTION SIDESWIPE,4546BYPNWALNUTST,TRAFFIC CONTROL SIGNAL,2019-05-15 09:54:00,,,
MONROE SD,BLOOMINGTON,2,0.0,0.0,0.0,0.0,,,,N CURRY,ST RD 46,,,,39.05998319458697,-86.49844556101377,LOCAL/CITY RD,N,RURAL,N,N,Y,WORK ON SHOULDER,DAYLIGHT,CLOUDY,DRY,,T-INTERSECTION,STRAIGHT/GRADE,ASPHALT,UNSAFE LN MOVEMENT,SAME DIRECTION SIDESWIPE,CURRYPKST RD 46 W,LN CONTROL,2019-05-15 18:21:00,,,
ISP BLOOMINGTON 33,BLOOMINGTON,1,0.0,0.0,0.0,1.0,,,,I-69 N,,,100.0,N,39.151791720172646,-86.52695909230454,INTERSTATE,N,RURAL,N,N,N,,DAYLIGHT,CLEAR,DRY,,NO JUNCTION INVOLVED,STRAIGHT/GRADE,CONCRETE,ANIMAL/OBJECT IN RDWAY,COLLISION WITH DEER,I-69111.5,LN CONTROL,2019-05-15 12:08:00,,,
MONROE SD,BLOOMINGTON,1,0.0,0.0,0.0,1.0,,,,I-69 N,,,500.0,S,39.04932431514584,-86.51105284285573,INTERSTATE,N,URBAN,N,N,N,,DAWN/DUSK,CLOUDY,DRY,,NO JUNCTION INVOLVED,STRAIGHT/LEVEL,ASPHALT,ANIMAL/OBJECT IN RDWAY,COLLISION WITH DEER,I-69 N115,NONE,2019-05-15 06:33:00,,,
MONROE SD,BLOOMINGTON,2,0.0,1.0,0.0,0.0,,,,ST RD 48,S CAVE RD,,750.0,W,39.2665,-86.52749,ST RD,N,RURAL,N,N,N,,DAYLIGHT,CLEAR,DRY,,NO JUNCTION INVOLVED,CURVE/GRADE,ASPHALT,LEFT OF CENTER,OPPOSITE DIRECTION SIDESWIPE,CAVERDST RD 48W,NONE,2019-05-15 15:07:00,,,
BLOOMINGTON PD,BLOOMINGTON,2,0.0,2.0,0.0,0.0,,,,W 3RD,S COLLEGE AVE,,,,39.175047137454705,-86.4814080252151,LOCAL/CITY RD,N,URBAN,N,N,N,,DAYLIGHT,CLEAR,DRY,,FOUR-WAY INTERSECTION,STRAIGHT/GRADE,ASPHALT,DISREGARD SIGNAL/REG SIGN,RIGHT ANGLE,SCOLLEGEAVEW 3RDST,TRAFFIC CONTROL SIGNAL,2019-05-16 14:43:00,,,
MONROE SD,BLOOMINGTON,1,0.0,0.0,0.0,0.0,,,,W VERNAL,N CURRY PK,,,,39.16454117987123,-86.53115681311047,LOCAL/CITY RD,N,URBAN,N,N,N,,DAYLIGHT,RAIN,WET,,FOUR-WAY INTERSECTION,STRAIGHT/HILLCREST,ASPHALT,RAN OFF RD RIGHT,RAN OFF RD,NCURRYPKWVERNALPK,TRAFFIC CONTROL SIGNAL,2019-05-16 18:55:00,,,
MONROE SD,BLOOMINGTON,2,0.0,0.0,0.0,0.0,,,,ST RD 46,N SMITH PK,,,,39.19250729652283,-86.51190985340693,ST RD,N,URBAN,N,N,N,,DARK (NOT LIGHTED),CLEAR,DRY,,FOUR-WAY INTERSECTION,STRAIGHT/LEVEL,ASPHALT,SPEED TOO FAST FOR WEATHER CONDITIONS,RIGHT ANGLE,NORTHSMITHPKST RD 46 W,TRAFFIC CONTROL SIGNAL,2019-05-16 22:02:00,,,
BLOOMINGTON PD,BLOOMINGTON,2,0.0,0.0,0.0,0.0,,,,S SMITH,ST RD 46,,,,,,LOCAL/CITY RD,N,URBAN,N,N,N,,DAWN/DUSK,RAIN,WET,,FOUR-WAY INTERSECTION,STRAIGHT/GRADE,ASPHALT,SPEED TOO FAST FOR WEATHER CONDITIONS,REAR END,3RDSTSMITHRD,TRAFFIC CONTROL SIGNAL,2019-05-16 19:00:00,,,
ELLETTSVILLE PD,ELLETTSVILLE,2,0.0,2.0,0.0,0.0,,,,N SMITH,,,500.0,S,39.144999277237005,-86.57780558194592,LOCAL/CITY RD,N,URBAN,N,N,N,,DAYLIGHT,CLEAR,DRY,,NO JUNCTION INVOLVED,STRAIGHT/GRADE,ASPHALT,FAILURE TO YIELD RIGHT OF WAY,LEFT TURN,NORTHSMITHPKST RD 46 W,LN CONTROL,2019-05-16 17:20:00,,,
MONROE SD,BLOOMINGTON,2,1.0,0.0,0.0,0.0,,,,N ST RD 37,W BAYLES RD,,3000.0,S,39.16458762730509,-86.53238869105489,ST RD,N,URBAN,N,N,N,,DAYLIGHT,CLEAR,DRY,,NO JUNCTION INVOLVED,STRAIGHT/LEVEL,ASPHALT,TIRE FAILURE OR DEFECTIVE,COLLISION WITH OBJECT IN RD,BAYLESRDN ST RD 37,NONE,2019-05-16 16:40:00,,,
INDIANA UNIV BLOOMINGTON PD,BLOOMINGTON,3,0.0,0.0,0.0,0.0,,,,ST RD 45/46,ST RD 45,,,,39.16834678390526,-86.58297898012053,ST RD,N,URBAN,N,N,N,,DAYLIGHT,CLOUDY,DRY,,FOUR-WAY INTERSECTION,STRAIGHT/LEVEL,ASPHALT,DRIVER DISTRACTED - EXPLAIN IN NARRATIVE,REAR END,ST RD 45EST RD 46N,TRAFFIC CONTROL SIGNAL,2019-05-17 12:58:00,,,
ISP BLOOMINGTON 33,BLOOMINGTON,2,0.0,0.0,0.0,0.0,,,,ST RD 46,W ARLINGTON RD,,,,39.22317404789563,-86.60913341180103,ST RD,N,RURAL,N,N,N,,DAYLIGHT,CLEAR,DRY,,FOUR-WAY INTERSECTION,CURVE/GRADE,ASPHALT,FOLLOWING TOO CLOSELY,REAR END,ARLINGTONRDST RD 46,TRAFFIC CONTROL SIGNAL,2019-05-17 13:10:00,,,
BLOOMINGTON PD,BLOOMINGTON,1,0.0,1.0,0.0,0.0,,,,E 10TH,N DUNN ST,,,,39.13600428864649,-86.53830487413465,LOCAL/CITY RD,N,URBAN,N,N,N,,DAYLIGHT,CLEAR,DRY,,FOUR-WAY INTERSECTION,STRAIGHT/LEVEL,ASPHALT,DISREGARD SIGNAL/REG SIGN,RIGHT ANGLE,EAST10THSTNORTHDUNNST,STOP SIGN,2019-05-17 17:27:00,,True,
BLOOMINGTON PD,BLOOMINGTON,2,0.0,0.0,0.0,0.0,,,,E 17TH,N GRANT ST,,50.0,W,39.2658800134588,-86.52283055675677,LOCAL/CITY RD,N,URBAN,N,N,N,,DAYLIGHT,CLOUDY,DRY,,NO JUNCTION INVOLVED,STRAIGHT/GRADE,ASPHALT,IMPROPER TURNING,RIGHT ANGLE,E17THSTNGRANTST,NONE,2019-05-17 19:40:00,,,