Agency,City,Vehicles Involved,Trailers Involved,Number Injured,Number Dead,Number Deer,House Number,Roadway Interchange,Roadway Ramp,Roadway Id,Intersecting Road,Interchange,Feet From,Direction,Latitude,Longitude,Roadway Class,Hit and Run?,Locality,School Zone?,Rumble Strips?,Construction?,Construction Type,Light Condition,Weather Conditions,Surface Condition,Type of Median,Roadway Junction Type,Road Character,Roadway Surface,Primary Factor,Manner of Collision,Unique Location Id,Traffic Control,DateTime,Address Number,Cyclist Involved,Pedestrian Involved
BLOOMINGTON PD,BLOOMINGTON,2,0.0,0.0,0.0,0.0,,,,E HILLSIDE,S LINCOLN ST,,,,39.16421950756732,-86.51642585459993,LOCAL/CITY RD,N,URBAN,N,N,N,,DAYLIGHT,CLEAR,DRY,,T-INTERSECTION,STRAIGHT/GRADE,ASPHALT,FOLLOWING TOO CLOSELY,REAR END,EHILLSIDEDRSLINCOLNST,NONE,2019-06-11 12:15:00,,,
ISP BLOOMINGTON 33,BLOOMINGTON,2,1.0,1.0,0.0,0.0,,,,ST RD 45,S BUNGER RD,,200.0,W,39.16657012431406,-86.53873380615308,ST RD,N,RURAL,N,N,N,,DAYLIGHT,CLEAR,DRY,,T-INTERSECTION,STRAIGHT/LEVEL,ASPHALT,OVERCORRECTING/OVERSTEERING,OPPOSITE DIRECTION SIDESWIPE,BUNGERRDST RD 45,LN CONTROL,2019-06-11 10:50:00,,,
MONROE SD,BLOOMINGTON,2,1.0,0.0,0.0,0.0,,,,W GORDON,S WALNUT ST PK,,100.0,W,39.03423051134871,-86.4903967175299,LOCAL/CITY RD,N,URBAN,N,N,Y,INTERMITTENT OR MOVING WORK,DAYLIGHT,CLEAR,DRY,,FOUR-WAY INTERSECTION,STRAIGHT/LEVEL,ASPHALT,OTHER (DRIVER) - EXPLAIN IN NARRATIVE,SAME DIRECTION SIDESWIPE,ERHORERRDSWALNUTSTPK,STOP SIGN,2019-06-12 08:48:00,,,
BLOOMINGTON PD,BLOOMINGTON,2,0.0,0.0,0.0,0.0,,,,W KIRKWOOD,S ADAMS ST,,50.0,E,-1.9480991891581995e-05,-2.887915215376284e-05,LOCAL/CITY RD,N,URBAN,N,N,N,,DAYLIGHT,CLEAR,DRY,,NO JUNCTION INVOLVED,CURVE/GRADE,ASPHALT,FOLLOWING TOO CLOSELY,REAR END,ADAMSSTKIRKWOODAVE,LN CONTROL,2019-06-12 10:11:00,,,
BLOOMINGTON PD,BLOOMINGTON,2,0.0,0.0,0.0,0.0,,,,E ALLEN,S DUNN ST,,100.0,W,39.17159256555451,-86.50218212773599,LOCAL/CITY RD,Y,URBAN,N,Y,N,,DARK (NOT LIGHTED),CLEAR,DRY,,NO JUNCTION INVOLVED,STRAIGHT/LEVEL,ASPHALT,UNSAFE LN MOVEMENT,OPPOSITE DIRECTION SIDESWIPE,EALLENSTSDUNNST,NONE,2019-06-12 02:00:00,,,
MONROE SD,BLOOMINGTON,1,0.0,0.0,0.0,0.0,8828.0,,,ST RD 45,,,,,39.08524119340487,-86.54273160846766,ST RD,N,RURAL,N,N,N,,DAYLIGHT,CLEAR,DRY,,NO JUNCTION INVOLVED,STRAIGHT/LEVEL,ASPHALT,RAN OFF RD RIGHT,RAN OFF RD,ST RD 45 W,LN CONTROL,2019-06-12 06:46:00,,,
BLOOMINGTON PD,BLOOMINGTON,2,0.0,1.0,0.0,0.0,,,,W 17TH,N CRESCENT RD,,,,39.20472907577548,-86.46328392253533,LOCAL/CITY RD,Y,URBAN,N,N,N,,DAYLIGHT,CLEAR,DRY,,T-INTERSECTION,STRAIGHT/LEVEL,ASPHALT,LEFT OF CENTER,OPPOSITE DIRECTION SIDESWIPE,NCRESCENTRDW17ST,STOP SIGN,2019-06-12 14:18:00,,,
ELLETTSVILLE PD,ELLETTSVILLE,1,0.0,0.0,0.0,1.0,,,,W MCNEELY,N AJUGA CT,,,,39.26589,-86.52283,LOCAL/CITY RD,N,URBAN,N,N,N,,DAWN/DUSK,CLEAR,WET,,NO JUNCTION INVOLVED,STRAIGHT/LEVEL,ASPHALT,ANIMAL/OBJECT IN RDWAY,COLLISION WITH DEER,NORTHMCNEELYSTVINCALN,LN CONTROL,2019-06-12 20:07:00,,,
INDIANA UNIV BLOOMINGTON PD,BLOOMINGTON,2,0.0,0.0,0.0,0.0,,,,ST RD 46,E 10TH ST,,200.0,S,39.29509055143369,-86.5186391963787,ST RD,N,URBAN,N,N,N,,DAYLIGHT,CLOUDY,DRY,,NO JUNCTION INVOLVED,STRAIGHT/LEVEL,ASPHALT,UNSAFE LN MOVEMENT,LEFT TURN,10THSTST RD 46N,LN CONTROL,2019-06-13 15:35:00,,,
INDIANA UNIV BLOOMINGTON PD,BLOOMINGTON,1,0.0,2.0,0.0,0.0,,,,N EAGLESON AVE,E 10TH ST,,531.0,S,-2.277735547052246e-05,-6.668558058962361e-06,LOCAL/CITY RD,N,URBAN,N,N,Y,LN CLOSURE,DARK (LIGHTED),CLEAR,DRY,,NO JUNCTION INVOLVED,STRAIGHT/GRADE,ASPHALT,RDWAY SURFACE CONDITION,OTHER - EXPLAIN IN NARRATIVE,EAGLESON AVEAVETENTHST,NONE,2019-06-13 23:20:00,,,
MONROE SD,BLOOMINGTON,4,0.0,0.0,0.0,0.0,,,,N CURRY,W WOODYARD,,,,39.10715569168863,-86.53160776719369,LOCAL/CITY RD,N,URBAN,N,N,N,,DAWN/DUSK,CLEAR,DRY,,FOUR-WAY INTERSECTION,STRAIGHT/LEVEL,ASPHALT,CELL PHONE USAGE,REAR END,NCURRYPKWWOODYARDRD,TRAFFIC CONTROL SIGNAL,2019-06-13 20:02:00,,,
BLOOMINGTON PD,BLOOMINGTON,2,0.0,1.0,0.0,0.0,,,,ST RD 46,E 7TH ST,,,,39.11217255626,-86.43136407378599,ST RD,Y,URBAN,N,N,N,,DAWN/DUSK,CLEAR,DRY,,T-INTERSECTION,STRAIGHT/GRADE,ASPHALT,FOLLOWING TOO CLOSELY,REAR END,7THSTST RD 46E,LN CONTROL,2019-06-13 06:51:00,,,
BLOOMINGTON PD,BLOOMINGTON,2,0.0,0.0,0.0,0.0,,,,W 3RD,S CORY LN,,,,39.13500414005822,-86.59639149134324,LOCAL/CITY RD,Y,URBAN,N,N,N,,DAYLIGHT,CLOUDY,DRY,,FOUR-WAY INTERSECTION,STRAIGHT/LEVEL,ASPHALT,DISREGARD SIGNAL/REG SIGN,SAME DIRECTION SIDESWIPE,SCORYLNW 3RDST,TRAFFIC CONTROL SIGNAL,2019-06-13 10:48:00,,,
BLOOMINGTON PD,BLOOMINGTON,2,0.0,0.0,0.0,0.0,,,,S WALNUT,E N DR,,200.0,S,39.136549441391125,-86.55440930961214,LOCAL/CITY RD,N,URBAN,N,N,N,,DAYLIGHT,CLEAR,DRY,,NO JUNCTION INVOLVED,STRAIGHT/LEVEL,ASPHALT,IMPROPER TURNING,RIGHT TURN,NORTHDRWALNUTST,LN CONTROL,2019-06-13 12:09:00,,,
BLOOMINGTON PD,BLOOMINGTON,2,1.0,0.0,0.0,0.0,,,,S WALNUT,W GORDON PK,,300.0,N,39.16458070492879,-86.58295182705105,LOCAL/CITY RD,N,URBAN,N,N,N,,DAYLIGHT,CLEAR,DRY,,NO JUNCTION INVOLVED,STRAIGHT/GRADE,ASPHALT,DRIVER DISTRACTED - EXPLAIN IN NARRATIVE,REAR END,GORDONPKSWALNUTST,NONE,2019-06-13 16:07:00,,,
BLOOMINGTON PD,BLOOMINGTON,3,0.0,0.0,0.0,0.0,,,,S WASHINGTON,E DODDS ST,,150.0,S,39.171459415393635,-86.49541372862457,LOCAL/CITY RD,N,URBAN,N,N,N,,DAYLIGHT,CLEAR,DRY,,NO JUNCTION INVOLVED,STRAIGHT/LEVEL,ASPHALT,DRIVER ASLEEP OR FATIGUED,SAME DIRECTION SIDESWIPE,EDODDSSTSWASHINGTONST,NONE,2019-06-13 17:58:00,,,
MONROE SD,BLOOMINGTON,2,0.0,1.0,0.0,0.0,,,,ST RD 45,S GARRISON CHAPEL RD,,,,39.17910321819757,-86.58312548589085,ST RD,N,RURAL,N,N,N,,DAYLIGHT,CLEAR,DRY,,FOUR-WAY INTERSECTION,STRAIGHT/LEVEL,ASPHALT,FAILURE TO YIELD RIGHT OF WAY,RIGHT ANGLE,GARRISONCHAPELRDST RD 45 W,STOP SIGN,2019-06-13 16:48:00,,,
MONROE SD,ELLETTSVILLE,2,0.0,0.0,0.0,0.0,,,,ST RD 46,,,2000.0,W,39.18594001443813,-86.51968925199249,ST RD,N,RURAL,N,N,N,,DAYLIGHT,CLEAR,DRY,,NO JUNCTION INVOLVED,CURVE/LEVEL,ASPHALT,LEFT OF CENTER,OPPOSITE DIRECTION SIDESWIPE,ST RD 46 WWCHAFINCHAPELRD,NO PASSING ZONE,2019-06-13 17:31:00,,,
MONROE SD,BLOOMINGTON,2,0.0,0.0,0.0,0.0,,,,W BELLE,S HICKORY DR,,,,39.15516537129316,-86.49775508862957,COUNTY RD,N,URBAN,N,N,N,,DAYLIGHT,CLEAR,DRY,,NO JUNCTION INVOLVED,STRAIGHT/LEVEL,ASPHALT,UNSAFE BACKING,BACKING CRASH,SHICKORYDRWBELLEAVE,NONE,2019-06-13 08:24:00,,,
INDIANA UNIV BLOOMINGTON PD,BLOOMINGTON,2,0.0,0.0,0.0,0.0,,,,E 3RD,S SWAIN AVE,,,,39.265877347797684,-86.52285662599269,LOCAL/CITY RD,N,URBAN,N,N,N,,DAYLIGHT,CLEAR,DRY,,T-INTERSECTION,STRAIGHT/LEVEL,ASPHALT,UNSAFE LN MOVEMENT,LEFT/RIGHT TURN,E 3RDSTSSWAINAVE,LN CONTROL,2019-06-14 14:39:00,,,
BLOOMINGTON PD,BLOOMINGTON,2,0.0,0.0,0.0,0.0,,,,S LIBERTY,ST RD 48,,,,39.166221937258676,-86.4813152436639,LOCAL/CITY RD,N,URBAN,N,N,N,,DAYLIGHT,CLOUDY,DRY,,FOUR-WAY INTERSECTION,STRAIGHT/LEVEL,CONCRETE,IMPROPER TURNING,LEFT TURN,SLIBERTYDRW 3RDST,STOP SIGN,2019-06-14 20:39:00,,,
BLOOMINGTON PD,BLOOMINGTON,2,0.0,0.0,0.0,0.0,,,,S SARE,E CANADA DR,,,,39.212078048866346,-86.58718891899498,LOCAL/CITY RD,N,URBAN,N,N,N,,DAYLIGHT,CLOUDY,DRY,,FOUR-WAY INTERSECTION,STRAIGHT/LEVEL,ASPHALT,FOLLOWING TOO CLOSELY,REAR END,EASTCANADADRSOUTHSARERD,STOP SIGN,2019-06-14 16:00:00,,,
BLOOMINGTON PD,BLOOMINGTON,2,0.0,3.0,0.0,0.0,,,,S WALNUT,W GORDON PK,,300.0,N,39.165628920369095,-86.53875745459364,LOCAL/CITY RD,N,URBAN,N,N,N,,DAYLIGHT,CLEAR,DRY,,NO JUNCTION INVOLVED,STRAIGHT/GRADE,ASPHALT,FAILURE TO YIELD RIGHT OF WAY,HEAD ON BETWEEN TWO MOTOR VEHICLES,GORDONPKSWALNUTST,NONE,2019-06-14 14:10:00,,,
BLOOMINGTON PD,BLOOMINGTON,2,0.0,2.0,0.0,0.0,,,,E 3RD,E ROOSEVELT ST,,200.0,W,39.20766,-86.57369,LOCAL/CITY RD,N,URBAN,N,N,N,,DAYLIGHT,CLEAR,DRY,,NO JUNCTION INVOLVED,STRAIGHT/LEVEL,ASPHALT,FAILURE TO YIELD RIGHT OF WAY,SAME DIRECTION SIDESWIPE,3RDSTROOSEVELTST,NONE,2019-06-14 13:24:00,,,
MONROE SD,BLOOMINGTON,2,0.0,0.0,0.0,0.0,,,,N CURRY,W STEBU LN,,,,39.12145,-86.52665,LOCAL/CITY RD,N,RURAL,N,N,N,,DAYLIGHT,CLEAR,DRY,NONE,T-INTERSECTION,STRAIGHT/LEVEL,ASPHALT,FOLLOWING TOO CLOSELY,REAR END,NCURRYPKWSTEBULN,NONE,2019-06-14 07:41:00,,,
BLOOMINGTON PD,BLOOMINGTON,2,0.0,0.0,0.0,0.0,,,,S COLLEGE MALL,COLLEGE MALL ACCESS,,,,39.179,-86.52832,LOCAL/CITY RD,N,URBAN,N,N,N,,DAYLIGHT,CLEAR,DRY,,FOUR-WAY INTERSECTION,STRAIGHT/LEVEL,ASPHALT,FOLLOWING TOO CLOSELY,REAR END,COLLEGEMALLACCESSRDCOLLEGEMALLRD,TRAFFIC CONTROL SIGNAL,2019-06-14 12:55:00,,,
MONROE SD,BLOOMINGTON,1,0.0,0.0,0.0,0.0,,,,S FAIRFAX,E CHERRY LN,,,,39.150485397078285,-86.53138677190489,LOCAL/CITY RD,N,URBAN,N,N,N,,DARK (LIGHTED),CLEAR,DRY,,T-INTERSECTION,STRAIGHT/GRADE,ASPHALT,RAN OFF RD RIGHT,OTHER - EXPLAIN IN NARRATIVE,CHERRYLNSFAIRFAXRD,LN CONTROL,2019-06-14 02:57:00,,,
BLOOMINGTON PD,BLOOMINGTON,1,0.0,1.0,0.0,0.0,,,,S ROGERS,W COOLIDGE DR,,,,39.129214479123895,-86.60430597791718,LOCAL/CITY RD,N,URBAN,N,N,N,,DAYLIGHT,CLEAR,DRY,,FOUR-WAY INTERSECTION,STRAIGHT/GRADE,ASPHALT,BRAKE FAILURE OR DEFECTIVE,LEFT TURN,SROGERSSTWCOOLIDGEDR,STOP SIGN,2019-06-14 15:10:00,,True,
ELLETTSVILLE PD,ELLETTSVILLE,2,0.0,0.0,0.0,0.0,,,,ST RD 46,N JACCOB ST,,,,39.12146,-86.53134,ST RD,N,URBAN,N,N,N,,DAYLIGHT,CLEAR,DRY,,NO JUNCTION INVOLVED,STRAIGHT/GRADE,ASPHALT,UNSAFE SPEED,REAR END,JACOBSTST RD 46 W,NONE,2019-06-14 15:41:00,,,
ELLETTSVILLE PD,ELLETTSVILLE,2,1.0,0.0,0.0,0.0,,,,ST RD 46,N JACCOB ST,,200.0,E,39.1666820278441,-86.54966245564125,ST RD,N,URBAN,N,N,N,,DAYLIGHT,CLEAR,DRY,,NO JUNCTION INVOLVED,STRAIGHT/GRADE,ASPHALT,UNSAFE SPEED,REAR END,JACOBSTST RD 46 W,NONE,2019-06-14 15:41:00,,,
INDIANA UNIV BLOOMINGTON PD,BLOOMINGTON,1,0.0,0.0,0.0,0.0,,,,E 3RD,S COLLEGE MALL RD,,50.0,E,39.15550308554985,-86.52807878660067,ST RD,Y,URBAN,N,N,N,,DAYLIGHT,RAIN,WET,,FOUR-WAY INTERSECTION,STRAIGHT/LEVEL,ASPHALT,OVERCORRECTING/OVERSTEERING,OTHER - EXPLAIN IN NARRATIVE,COLLEGEMALLRDST RD 46E,TRAFFIC CONTROL SIGNAL,2019-06-15 14:53:00,,,
BLOOMINGTON PD,BLOOMINGTON,4,0.0,0.0,0.0,0.0,,,,N WALNUT,ST RD 45/46,,,,39.09567999153157,-86.65870568306764,LOCAL/CITY RD,N,URBAN,Y,N,N,,DAYLIGHT,RAIN,WET,,NO JUNCTION INVOLVED,STRAIGHT/LEVEL,ASPHALT,SPEED TOO FAST FOR WEATHER CONDITIONS,LEFT TURN,NWALNUTSTSTATERD45AND46BYP,TRAFFIC CONTROL SIGNAL,2019-06-15 20:35:00,,,
BLOOMINGTON PD,BLOOMINGTON,3,0.0,0.0,0.0,0.0,,,,N COLLEGE,W KIRKWOOD AVE,,,,39.17910706210078,-86.55663144314845,LOCAL/CITY RD,N,URBAN,N,N,N,,DAYLIGHT,CLOUDY,WET,,NO JUNCTION INVOLVED,STRAIGHT/LEVEL,CONCRETE,FOLLOWING TOO CLOSELY,REAR END,KIRKWOODAVENCOLLEGEAVE,TRAFFIC CONTROL SIGNAL,2019-06-15 10:00:00,,,
MONROE SD,BLOOMINGTON,1,0.0,0.0,0.0,0.0,,,,E ROBINSON,N HUDOFF RD,,1300.0,W,39.23786,-86.61495,COUNTY RD,N,RURAL,N,N,N,,DAYLIGHT,RAIN,WET,,NO JUNCTION INVOLVED,STRAIGHT/GRADE,ASPHALT,RAN OFF RD RIGHT,RAN OFF RD,HUDOFFRDROBINSONRD,NONE,2019-06-15 16:45:00,,,
MONROE SD,BLOOMINGTON,1,0.0,0.0,0.0,0.0,,,,I-69 N,,,100.0,S,39.17157548745725,-86.50217830360435,INTERSTATE,N,RURAL,N,N,N,,DAYLIGHT,RAIN,WET,,NO JUNCTION INVOLVED,CURVE/GRADE,ASPHALT,OTHER (ENVIRONMENTAL) - EXPLAIN IN NARR,RAN OFF RD,I-69 NS ST RD 37,LN CONTROL,2019-06-15 19:14:00,,,
ISP BLOOMINGTON 33,BLOOMINGTON,1,0.0,0.0,0.0,0.0,,,,I-69 N,,,100.0,N,39.17158499566396,-86.5156707047542,INTERSTATE,N,RURAL,N,N,N,,DAYLIGHT,CLEAR,WATER (STANDING OR MOVING),,NO JUNCTION INVOLVED,CURVE/GRADE,ASPHALT,SPEED TOO FAST FOR WEATHER CONDITIONS,RAN OFF RD,I-69 N130.0,LN CONTROL,2019-06-15 20:35:00,,,
MONROE SD,BLOOMINGTON,1,0.0,0.0,0.0,0.0,,123,S,I-69 S,,,,,39.19022600977114,-86.58256242452674,INTERSTATE,N,RURAL,N,N,N,,DAYLIGHT,CLEAR,DRY,,RAMP,CURVE/LEVEL,ASPHALT,RAN OFF RD RIGHT,RAN OFF RD,I-69S,NONE,2019-06-15 16:34:00,,,
MONROE SD,BLOOMINGTON,2,0.0,1.0,0.0,0.0,,,,I-69 S,,,500.0,S,39.16763261647284,-86.50004308319049,INTERSTATE,N,URBAN,N,N,N,,DAYLIGHT,RAIN,WET,,NO JUNCTION INVOLVED,STRAIGHT/GRADE,ASPHALT,SPEED TOO FAST FOR WEATHER CONDITIONS,RIGHT ANGLE,I-69S114.5,NONE,2019-06-15 20:15:00,,,
BLOOMINGTON PD,BLOOMINGTON,3,0.0,0.0,0.0,0.0,,,,N MONROE,W 12TH ST,,200.0,N,39.164442487483186,-86.56017849636473,LOCAL/CITY RD,N,URBAN,N,N,N,,DARK (LIGHTED),RAIN,WET,,NO JUNCTION INVOLVED,STRAIGHT/LEVEL,ASPHALT,IMPROPER LN USAGE,SAME DIRECTION SIDESWIPE,12THSTMONROEST,LN CONTROL,2019-06-15 05:33:00,,,
ISP BLOOMINGTON 33,ELLETTSVILLE,2,,0.0,0.0,0.0,,,,N MT TABOR,W COWDEN RD,,183.0,N,38.88043,-86.0454,COUNTY RD,,RURAL,N,N,N,,DARK (NOT LIGHTED),RAIN,WET,,NO JUNCTION INVOLVED,,GRAVEL,UNSAFE BACKING,BACKING CRASH,,,2019-06-15 21:58:00,,,
MONROE SD,BLOOMINGTON,2,0.0,0.0,0.0,0.0,,,,S CURRY,W FARMER AVE,,100.0,S,39.12145657471994,-86.53137256293427,COUNTY RD,N,URBAN,N,N,N,,DAYLIGHT,RAIN,WET,,NO JUNCTION INVOLVED,STRAIGHT/LEVEL,ASPHALT,UNSAFE LN MOVEMENT,SAME DIRECTION SIDESWIPE,SCURRYPKWFARMERAVE,LN CONTROL,2019-06-15 09:49:00,,,
MONROE SD,BLOOMINGTON,1,0.0,0.0,0.0,0.0,,,,W BOLIN,S CROP CIR,,900.0,E,39.15737,-86.53242,LOCAL/CITY RD,N,RURAL,N,N,N,,DARK (NOT LIGHTED),RAIN,WET,,NO JUNCTION INVOLVED,STRAIGHT/LEVEL,ASPHALT,OTHER (ENVIRONMENTAL) - EXPLAIN IN NARR,COLLISION WITH OBJECT IN RD,SCROPCIRWBOLINLN,NONE,2019-06-15 20:00:00,,,
MONROE SD,BLOOMINGTON,1,0.0,0.0,0.0,0.0,,,,W GIFFORD,S WOODSIDE DR,,360.0,E,39.11107,-86.63819,COUNTY RD,N,RURAL,N,N,N,,DAYLIGHT,RAIN,WET,,NO JUNCTION INVOLVED,STRAIGHT/LEVEL,ASPHALT,ANIMAL/OBJECT IN RDWAY,COLLISION WITH OBJECT IN RD,WESTGIFFORDRDWOODSIDEDR,NONE,2019-06-15 13:03:00,,,
BLOOMINGTON PD,BLOOMINGTON,2,0.0,2.0,0.0,0.0,,,,S COLLEGE,W 3RD ST,,,,39.25958900514963,-86.65737814227965,LOCAL/CITY RD,N,URBAN,N,N,N,,DAYLIGHT,CLEAR,WET,,FOUR-WAY INTERSECTION,STRAIGHT/GRADE,ASPHALT,DISREGARD SIGNAL/REG SIGN,RIGHT ANGLE,3RDSTCOLLEGEAVE,TRAFFIC CONTROL SIGNAL,2019-06-16 09:30:00,,,
BLOOMINGTON PD,BLOOMINGTON,2,0.0,0.0,0.0,0.0,,,,S COLLEGE,W 3RD ST,,,,39.163295463936365,-86.58586797677833,LOCAL/CITY RD,N,URBAN,N,N,N,,DAYLIGHT,RAIN,WET,,FOUR-WAY INTERSECTION,STRAIGHT/LEVEL,ASPHALT,DISREGARD SIGNAL/REG SIGN,LEFT/RIGHT TURN,SCOLLEGEAVEW 3RDST,TRAFFIC CONTROL SIGNAL,2019-06-16 18:38:00,,,
BLOOMINGTON PD,BLOOMINGTON,3,0.0,1.0,0.0,0.0,,,,ST RD 46,S PARK RIDGE RD,,100.0,E,39.16421750683997,-86.51530521798264,LOCAL/CITY RD,N,URBAN,N,N,N,,DAYLIGHT,CLEAR,DRY,,NO JUNCTION INVOLVED,STRAIGHT/LEVEL,ASPHALT,FOLLOWING TOO CLOSELY,REAR END,E 3RDSTSPARKRIDGERD,NONE,2019-06-16 15:23:00,,,
MONROE SD,BLOOMINGTON,3,0.0,0.0,0.0,0.0,,,,ST RD 46,W ARLINGTON RD,,,,39.164590705208425,-86.57913178960696,ST RD,N,RURAL,N,N,N,,DAYLIGHT,CLEAR,DRY,DRIVABLE,FOUR-WAY INTERSECTION,STRAIGHT/LEVEL,ASPHALT,FAILURE TO YIELD RIGHT OF WAY,RIGHT ANGLE,ST RD 46 WWARLINGTONRD,TRAFFIC CONTROL SIGNAL,2019-06-16 14:21:00,,,
INDIANA UNIV BLOOMINGTON PD,BLOOMINGTON,2,0.0,0.0,0.0,0.0,,,,E 14TH,N WALNUT ST,,,,39.1265520246524,-86.50433067462907,LOCAL/CITY RD,N,URBAN,N,N,N,,DAYLIGHT,CLEAR,DRY,,FOUR-WAY INTERSECTION,STRAIGHT/GRADE,ASPHALT,FAILURE TO YIELD RIGHT OF WAY,RIGHT ANGLE,FOURTEENTHSTWALNUTST,STOP SIGN,2019-06-16 15:16:00,,,
MONROE SD,BLOOMINGTON,1,0.0,0.0,0.0,0.0,,,,ST RD 46,E KERR RD,,250.0,E,39.12146,-86.53134,ST RD,N,RURAL,N,N,N,,DAYLIGHT,CLEAR,DRY,NONE,NO JUNCTION INVOLVED,STRAIGHT/LEVEL,ASPHALT,RAN OFF RD RIGHT,RAN OFF RD,EKERRCREEKRDST RD 46E,LN CONTROL,2019-06-16 16:00:00,,,
MONROE SD,ELLETTSVILLE,3,0.0,1.0,0.0,0.0,,,,ST RD 46,W FLATWOODS RD,,,,39.16427,-86.506,ST RD,N,RURAL,N,N,N,,DAYLIGHT,CLEAR,DRY,,NO JUNCTION INVOLVED,STRAIGHT/LEVEL,ASPHALT,FOLLOWING TOO CLOSELY,REAR END,ST RD 46 WWFLATWOODSRD,NONE,2019-06-16 15:33:00,,,
MONROE SD,BLOOMINGTON,1,0.0,0.0,0.0,1.0,,,,W ST RD 37,E ROBINSON RD,,1200.0,N,39.15484988684381,-86.58263107589563,COUNTY RD,N,RURAL,N,N,N,,DARK (NOT LIGHTED),CLOUDY,WET,,NO JUNCTION INVOLVED,STRAIGHT/GRADE,ASPHALT,ANIMAL/OBJECT IN RDWAY,COLLISION WITH DEER,EROBINSONRDOLDST RD 37RD,NONE,2019-06-16 21:46:00,,,
BLOOMINGTON PD,BLOOMINGTON,3,0.0,2.0,0.0,0.0,,,,ST RD 46,S PETE LLIS DR,,100.0,E,39.15754,-86.53482,LOCAL/CITY RD,N,URBAN,N,N,N,,DAYLIGHT,CLOUDY,WET,,NO JUNCTION INVOLVED,STRAIGHT/LEVEL,ASPHALT,FAILURE TO YIELD RIGHT OF WAY,LEFT TURN,E 3RDSTSPETEELLISDR,NONE,2019-06-17 18:50:00,,,
MONROE SD,BLOOMINGTON,2,0.0,0.0,0.0,0.0,,,,W TAPP,I-69,,,,39.097179758143525,-86.51706604014089,LOCAL/CITY RD,N,URBAN,N,N,N,,DAYLIGHT,CLOUDY,DRY,,RAMP,CURVE/GRADE,ASPHALT,FAILURE TO YIELD RIGHT OF WAY,SAME DIRECTION SIDESWIPE,I-69 NTAPPRD,NONE,2019-06-17 06:20:00,,,
BLOOMINGTON PD,BLOOMINGTON,2,0.0,0.0,0.0,0.0,,,,ST RD 45,N PETE LLIS DR,,50.0,W,39.14120893822113,-86.53883679098193,LOCAL/CITY RD,Y,URBAN,N,N,Y,WORK ON SHOULDER,DAYLIGHT,CLOUDY,DRY,,FOUR-WAY INTERSECTION,STRAIGHT/GRADE,ASPHALT,UNSAFE LN MOVEMENT,SAME DIRECTION SIDESWIPE,E 10THSTNPETEELLISDR,TRAFFIC CONTROL SIGNAL,2019-06-17 15:18:00,,,
BLOOMINGTON PD,BLOOMINGTON,2,1.0,0.0,0.0,0.0,,,,E 3RD,S DUNN ST,,,,39.243334765409124,-86.63380431308454,LOCAL/CITY RD,N,URBAN,N,N,N,,DAYLIGHT,CLOUDY,DRY,,FOUR-WAY INTERSECTION,CURVE/GRADE,ASPHALT,OTHER (DRIVER) - EXPLAIN IN NARRATIVE,OPPOSITE DIRECTION SIDESWIPE,3RDSTDUNNST,LN CONTROL,2019-06-17 09:22:00,,,
MONROE SD,BLOOMINGTON,2,0.0,0.0,0.0,0.0,,,,ST RD 45,N RUSSELL RD,,300.0,E,39.24334527687519,-86.63378958143308,ST RD,N,RURAL,N,N,N,,DAYLIGHT,CLOUDY,WET,,NO JUNCTION INVOLVED,CURVE/GRADE,ASPHALT,LEFT OF CENTER,SAME DIRECTION SIDESWIPE,RUSSELLRDST RD 45E,NONE,2019-06-17 20:37:00,,,
INDIANA UNIV BLOOMINGTON PD,BLOOMINGTON,1,0.0,0.0,0.0,1.0,,,,ST RD 45/46,N FEE LN,,,,39.243327993180564,-86.63380037954255,ST RD,N,URBAN,N,N,N,,DARK (LIGHTED),CLEAR,WET,,FOUR-WAY INTERSECTION,CURVE/LEVEL,ASPHALT,ANIMAL/OBJECT IN RDWAY,COLLISION WITH DEER,FEELNST RD 46,LN CONTROL,2019-06-17 04:50:00,,,
BLOOMINGTON PD,BLOOMINGTON,2,0.0,2.0,0.0,0.0,,,,S WALNUT,E HILLSIDE DR,,,,39.243332964213145,-86.63376347035704,LOCAL/CITY RD,N,URBAN,N,N,N,,DAYLIGHT,CLOUDY,WET,,FOUR-WAY INTERSECTION,STRAIGHT/LEVEL,ASPHALT,FAILURE TO YIELD RIGHT OF WAY,LEFT TURN,EHILLSIDEDRSWALNUTST,TRAFFIC CONTROL SIGNAL,2019-06-17 19:19:00,,,
MONROE SD,BLOOMINGTON,2,0.0,3.0,0.0,0.0,,,,ST RD 37,E SMITHVILLE RD,,,,39.16418676029472,-86.4982964567263,ST RD,N,RURAL,N,N,N,,DAYLIGHT,CLEAR,DRY,,NO JUNCTION INVOLVED,STRAIGHT/GRADE,ASPHALT,FAILURE TO YIELD RIGHT OF WAY,HEAD ON BETWEEN TWO MOTOR VEHICLES,EASTSMITHVILLERDS ST RD 37,YIELD SIGN,2019-06-17 13:34:00,,,