Agency,City,Vehicles Involved,Trailers Involved,Number Injured,Number Dead,Number Deer,House Number,Roadway Interchange,Roadway Ramp,Roadway Id,Intersecting Road,Interchange,Feet From,Direction,Latitude,Longitude,Roadway Class,Hit and Run?,Locality,School Zone?,Rumble Strips?,Construction?,Construction Type,Light Condition,Weather Conditions,Surface Condition,Type of Median,Roadway Junction Type,Road Character,Roadway Surface,Primary Factor,Manner of Collision,Unique Location Id,Traffic Control,DateTime,Address Number,Cyclist Involved,Pedestrian Involved
MONROE SD,BLOOMINGTON,1,0.0,0.0,0.0,0.0,,,,ST RD 446,E GRUBB RD,,1500.0,N,39.190672,-86.582992,ST RD,N,URBAN,N,N,N,,DAYLIGHT,CLOUDY,WET,,NO JUNCTION INVOLVED,STRAIGHT/GRADE,ASPHALT,RAN OFF RD RIGHT,RAN OFF RD,GRUBBRDST RD 446S,NONE,2019-06-24 11:39:00,,,
BLOOMINGTON PD,BLOOMINGTON,2,0.0,1.0,0.0,0.0,,,,W BLOOMFIELD,S ROLLING RIDGE WAY,,,,39.16755,-86.5336,LOCAL/CITY RD,Y,,N,N,N,,DAYLIGHT,RAIN,WET,,FOUR-WAY INTERSECTION,STRAIGHT/LEVEL,ASPHALT,FAILURE TO YIELD RIGHT OF WAY,RIGHT ANGLE,ROLLINGRIDGEWAYWBLOOMFIELDRD,TRAFFIC CONTROL SIGNAL,2019-06-24 11:15:00,,,
BLOOMINGTON PD,BLOOMINGTON,2,0.0,1.0,0.0,0.0,,,,ST RD 48,S CURRY PK,,,,39.17680301262191,-86.53357374322854,LOCAL/CITY RD,N,URBAN,N,N,N,,DAYLIGHT,CLEAR,DRY,,FOUR-WAY INTERSECTION,STRAIGHT/LEVEL,ASPHALT,FOLLOWING TOO CLOSELY,REAR END,SCURRYPKW 3RDST,TRAFFIC CONTROL SIGNAL,2019-06-25 18:28:00,,,
BLOOMINGTON PD,BLOOMINGTON,2,0.0,0.0,0.0,0.0,,,,S PATTERSON,W 2ND ST,,,,39.16755046605273,-86.5374308520647,LOCAL/CITY RD,Y,URBAN,N,N,Y,WORK ON SHOULDER,DAYLIGHT,CLEAR,DRY,,FOUR-WAY INTERSECTION,STRAIGHT/GRADE,ASPHALT,FOLLOWING TOO CLOSELY,REAR END,2NDSTPATTERSONST,TRAFFIC CONTROL SIGNAL,2019-06-25 10:30:00,,,
MONROE SD,BLOOMINGTON,3,0.0,1.0,0.0,0.0,,,,ST RD 37,W DILLMAN RD,,,,39.18641802843306,-86.53773844588554,ST RD,N,RURAL,N,N,N,,DAYLIGHT,CLEAR,DRY,,FOUR-WAY INTERSECTION,STRAIGHT/LEVEL,ASPHALT,FAILURE TO YIELD RIGHT OF WAY,RIGHT ANGLE,S ST RD 37WESTDILLMANRD,TRAFFIC CONTROL SIGNAL,2019-06-25 17:01:00,,,
BLOOMINGTON PD,BLOOMINGTON,1,0.0,0.0,0.0,0.0,,,,E 14TH,E BROWNSTONE DR,,75.0,W,39.17149,-86.49537,LOCAL/CITY RD,N,URBAN,N,N,N,,DARK (LIGHTED),CLEAR,WET,,FOUR-WAY INTERSECTION,STRAIGHT/GRADE,ASPHALT,RAN OFF RD RIGHT,RAN OFF RD,E14THSTEBROWNSTONEDR,NONE,2019-06-25 02:44:00,,,
BLOOMINGTON PD,BLOOMINGTON,2,0.0,0.0,0.0,0.0,,,,E 2ND,S WOODLAWN AVE,,,,39.193670134018504,-86.57141694332043,LOCAL/CITY RD,N,URBAN,N,N,N,,DAYLIGHT,CLEAR,DRY,,FOUR-WAY INTERSECTION,STRAIGHT/LEVEL,ASPHALT,DISREGARD SIGNAL/REG SIGN,RIGHT ANGLE,2NDSTWOODLAWNAVE,STOP SIGN,2019-06-25 18:03:00,,,
BLOOMINGTON PD,BLOOMINGTON,2,0.0,0.0,0.0,0.0,,,,S ADDISYN,W EVENTIDE DR,,,,39.1631,-86.52402,LOCAL/CITY RD,N,URBAN,N,N,N,,DARK (LIGHTED),CLEAR,DRY,,T-INTERSECTION,STRAIGHT/LEVEL,ASPHALT,UNSAFE BACKING,BACKING CRASH,SADDISYNLNWEVENTIDEDR,NONE,2019-06-25 22:10:00,,,
BLOOMINGTON PD,BLOOMINGTON,3,0.0,1.0,0.0,0.0,,,,W BELLE,S CURRY PK,,300.0,S,41.225424261138656,-85.10186557443217,LOCAL/CITY RD,N,URBAN,N,N,N,,DAYLIGHT,CLEAR,DRY,,NO JUNCTION INVOLVED,STRAIGHT/LEVEL,ASPHALT,DRIVER DISTRACTED - EXPLAIN IN NARRATIVE,REAR END,SCURRYPKWBELLAVE,NONE,2019-06-25 17:45:00,,,
MONROE SD,ELLETTSVILLE,1,0.0,0.0,0.0,0.0,4594.0,,,W COWDEN,,,,,41.12429768868849,-85.18437411567825,UNKNOWN,Y,RURAL,N,N,N,,DARK (NOT LIGHTED),CLEAR,DRY,,NO JUNCTION INVOLVED,CURVE/LEVEL,ASPHALT,RAN OFF RD RIGHT,OTHER - EXPLAIN IN NARRATIVE,WESTCOWDENRD,NONE,2019-06-25 01:16:00,,,
INDIANA UNIV BLOOMINGTON PD,BLOOMINGTON,3,0.0,0.0,0.0,0.0,,,,ST RD 46,ST RD 45,,,,39.167498935637454,-86.52980608590063,ST RD,N,URBAN,N,N,N,,DAYLIGHT,CLEAR,DRY,,FOUR-WAY INTERSECTION,STRAIGHT/LEVEL,ASPHALT,OTHER (DRIVER) - EXPLAIN IN NARRATIVE,REAR END,10THSTST RD 46 W,TRAFFIC CONTROL SIGNAL,2019-06-26 07:35:00,,,
BLOOMINGTON PD,BLOOMINGTON,2,0.0,1.0,0.0,0.0,,,,S WALNUT,W COUNTRY CLUB DR,,,,39.165991331492194,-86.49973445704696,LOCAL/CITY RD,N,URBAN,N,N,N,,DAYLIGHT,CLEAR,DRY,,FOUR-WAY INTERSECTION,STRAIGHT/GRADE,ASPHALT,FAILURE TO YIELD RIGHT OF WAY,LEFT TURN,SWALNUTSTWCOUNTRYCLUBDR,TRAFFIC CONTROL SIGNAL,2019-06-26 17:00:00,,,
MONROE SD,BLOOMINGTON,1,0.0,0.0,0.0,1.0,,,,ST RD 46,N LOWER BIRDIE GALYAN RD,,100.0,E,39.19364556498962,-86.57150596874195,ST RD,N,RURAL,N,N,N,,DAYLIGHT,CLEAR,DRY,,NO JUNCTION INVOLVED,CURVE/LEVEL,ASPHALT,ANIMAL/OBJECT IN RDWAY,COLLISION WITH DEER,NLOWERBIRDIEGALYANRDST RD 46E,LN CONTROL,2019-06-26 07:49:00,,,
BLOOMINGTON PD,BLOOMINGTON,2,0.0,0.0,0.0,0.0,,,,S WOODSCREST,EASTLAND PLAZA DR,,,,39.17326,-86.53606,LOCAL/CITY RD,N,URBAN,N,N,N,,DAYLIGHT,CLEAR,DRY,,FOUR-WAY INTERSECTION,STRAIGHT/GRADE,ASPHALT,IMPROPER TURNING,LEFT TURN,EASTLANDACCESSRDSWOODSCRESTDR,STOP SIGN,2019-06-26 13:54:00,,,
BLOOMINGTON PD,BLOOMINGTON,2,0.0,0.0,0.0,0.0,,,,ST RD 45/46,,,1200.0,E,39.16136994886763,-86.53502770992117,ST RD,Y,URBAN,N,N,N,,DARK (LIGHTED),CLEAR,DRY,,NO JUNCTION INVOLVED,CURVE/LEVEL,ASPHALT,LEFT OF CENTER,OPPOSITE DIRECTION SIDESWIPE,NFEELNST RD 46E,LN CONTROL,2019-06-26 22:17:00,,,
BLOOMINGTON PD,BLOOMINGTON,2,0.0,0.0,0.0,0.0,,,,W KIRKWOOD,N PINE ST,,,,39.15811,-86.49789,LOCAL/CITY RD,Y,URBAN,N,N,N,,DAYLIGHT,CLEAR,DRY,,FOUR-WAY INTERSECTION,STRAIGHT/GRADE,ASPHALT,LEFT OF CENTER,SAME DIRECTION SIDESWIPE,KIRKWOODAVEPINEST,LN CONTROL,2019-06-26 11:25:00,,,
BLOOMINGTON PD,BLOOMINGTON,2,0.0,0.0,0.0,0.0,,,,S LIBERTY,ST RD 45,,,,39.15516932523871,-86.49774485224319,LOCAL/CITY RD,Y,URBAN,N,N,N,,DAYLIGHT,CLEAR,DRY,,FOUR-WAY INTERSECTION,STRAIGHT/LEVEL,ASPHALT,UNSAFE LN MOVEMENT,SAME DIRECTION SIDESWIPE,LIBERTYDRST RD 45RD,LN CONTROL,2019-06-27 15:30:00,,,
BLOOMINGTON PD,BLOOMINGTON,2,0.0,0.0,0.0,0.0,,,,ST RD 45/46,N KINSER PK,,,,39.26585143928219,-86.52285863492712,ST RD,N,URBAN,N,N,N,,DAYLIGHT,CLEAR,DRY,,FOUR-WAY INTERSECTION,STRAIGHT/LEVEL,ASPHALT,FAILURE TO YIELD RIGHT OF WAY,LEFT TURN,NKINSERPKST RD 4546 W,TRAFFIC CONTROL SIGNAL,2019-06-27 12:08:00,,,
ELLETTSVILLE PD,ELLETTSVILLE,2,0.0,0.0,0.0,0.0,,,,N SMITH,ST RD 46,,,,-4.7617471690203405e-05,-4.947103528719575e-05,ST RD,N,URBAN,N,N,N,,DAYLIGHT,CLEAR,DRY,,FOUR-WAY INTERSECTION,STRAIGHT/LEVEL,ASPHALT,BRAKE FAILURE OR DEFECTIVE,REAR END,NORTHSMITHPKST RD 46 W,TRAFFIC CONTROL SIGNAL,2019-06-27 18:09:00,,,
BLOOMINGTON PD,BLOOMINGTON,2,0.0,0.0,0.0,0.0,,,,E WINSLOW,S HENDERSON ST,,30.0,W,39.21658931911872,-86.59644646397625,LOCAL/CITY RD,N,URBAN,N,N,N,,DAYLIGHT,CLEAR,DRY,,NO JUNCTION INVOLVED,STRAIGHT/LEVEL,ASPHALT,FOLLOWING TOO CLOSELY,REAR END,EWINSLOWRDSHENDERSONST,NONE,2019-06-27 16:00:00,,,
ISP BLOOMINGTON 33,BLOOMINGTON,1,0.0,0.0,0.0,0.0,,123,C,I-69 S,N ST RD 37,Y,,,39.16296117480306,-86.41451904858347,INTERSTATE,N,RURAL,N,N,N,,DAYLIGHT,CLEAR,DRY,,RAMP,CURVE/GRADE,ASPHALT,RAN OFF RD RIGHT,RAN OFF RD,I-69,LN CONTROL,2019-06-27 13:10:00,,,
MONROE SD,BLOOMINGTON,2,0.0,0.0,0.0,0.0,,,,S CAVE,,,1200.0,N,39.186241616782176,-86.5284173937679,LOCAL/CITY RD,N,RURAL,N,N,N,,DAYLIGHT,CLEAR,DRY,,NO JUNCTION INVOLVED,STRAIGHT/HILLCREST,CONCRETE,VIEW OBSTRUCTED,LEFT TURN,SCAVERDWHOLLANDHILLLN,NONE,2019-06-27 17:15:00,,,
BLOOMINGTON PD,BLOOMINGTON,2,0.0,0.0,0.0,0.0,,,,ST RD 45,E JOHN HINKLE PL,,200.0,W,39.21513,-86.59267,LOCAL/CITY RD,N,URBAN,N,N,N,,DAYLIGHT,CLEAR,DRY,,NO JUNCTION INVOLVED,STRAIGHT/LEVEL,ASPHALT,OTHER (VEHICLE) - EXPLAIN IN NARRATIVE,HEAD ON BETWEEN TWO MOTOR VEHICLES,10THSTRANGERD,NONE,2019-06-27 12:05:00,,,
MONROE SD,BLOOMINGTON,1,1.0,1.0,0.0,0.0,,,,ST RD 45,S HARMONY RD,,500.0,E,38.880428157693224,-86.04544946180724,ST RD,N,RURAL,N,N,N,,DAYLIGHT,CLEAR,DRY,,NO JUNCTION INVOLVED,CURVE/GRADE,ASPHALT,UNSAFE SPEED,NON-COLLISION,HARMONYRDST RD 45E,NONE,2019-06-27 13:29:00,,,
MONROE SD,BLOOMINGTON,2,0.0,0.0,0.0,0.0,,,,ST RD 45,S STANFORD,,,,39.265845621579224,-86.52287853160831,ST RD,N,RURAL,N,N,N,,DAYLIGHT,CLEAR,DRY,,T-INTERSECTION,STRAIGHT/LEVEL,ASPHALT,IMPROPER LN USAGE,LEFT TURN,SBURCHRDST RD 45 W,NONE,2019-06-27 15:27:00,,,
MONROE SD,BLOOMINGTON,2,0.0,0.0,0.0,0.0,,,,ST RD 48,S KIRBY RD,,50.0,E,39.16834,-86.4116,ST RD,N,RURAL,N,N,N,,DAYLIGHT,CLEAR,DRY,,FOUR-WAY INTERSECTION,STRAIGHT/LEVEL,ASPHALT,UNSAFE SPEED,REAR END,NHARTSTRAITRDST RD 48W,NONE,2019-06-27 17:27:00,,,
BLOOMINGTON PD,BLOOMINGTON,2,0.0,2.0,0.0,0.0,,,,ST RD 45,S LIBERTY DR,,,,39.150165294884594,-86.5011926693036,LOCAL/CITY RD,N,URBAN,N,N,N,,DAYLIGHT,CLEAR,DRY,,FOUR-WAY INTERSECTION,STRAIGHT/LEVEL,ASPHALT,FAILURE TO YIELD RIGHT OF WAY,LEFT TURN,SOUTHLIBERTYDRWESTBLOOMFIELDRD,TRAFFIC CONTROL SIGNAL,2019-06-28 15:00:00,,,
INDIANA UNIV BLOOMINGTON PD,BLOOMINGTON,2,0.0,0.0,0.0,0.0,,,,E LAW,N EAGLESON AVE,,,,39.16520941898701,-86.52752931509286,LOCAL/CITY RD,N,URBAN,N,N,N,,DAYLIGHT,CLEAR,DRY,,NO JUNCTION INVOLVED,STRAIGHT/GRADE,ASPHALT,UNSAFE BACKING,BACKING CRASH,ELAWLNEAGLESON AVEAVE,NONE,2019-06-28 17:05:00,,,
MONROE SD,BLOOMINGTON,2,0.0,0.0,0.0,0.0,,,,ST RD 46 ,N CURRY PK,,1000.0,E,39.18381000722955,-86.55008698678938,ST RD,N,RURAL,N,N,Y,LN CLOSURE,DAYLIGHT,CLEAR,DRY,,NO JUNCTION INVOLVED,STRAIGHT/LEVEL,ASPHALT,FOLLOWING TOO CLOSELY,RAN OFF RD,NCURRYPKST RD 46 W,NONE,2019-06-28 17:38:00,,,
ISP BLOOMINGTON 33,BLOOMINGTON,2,0.0,0.0,0.0,0.0,,,,ST RD 37,E SMITHVILLE RD,,1200.0,S,39.27388474369024,-86.62187127631736,ST RD,Y,RURAL,N,N,N,,DAYLIGHT,CLEAR,DRY,,NO JUNCTION INVOLVED,STRAIGHT/LEVEL,ASPHALT,IMPROPER PASSING,SAME DIRECTION SIDESWIPE,SMITHVILLERDST RD 37,LN CONTROL,2019-06-28 10:25:00,,,
MONROE SD,BLOOMINGTON,2,0.0,0.0,0.0,0.0,,,,W ST RD 37,E NORTHCLIFF AVE,,,,39.04997,-86.40985,LOCAL/CITY RD,N,RURAL,N,N,N,,DAYLIGHT,CLEAR,DRY,,T-INTERSECTION,STRAIGHT/HILLCREST,ASPHALT,FOLLOWING TOO CLOSELY,REAR END,NORTHOLDSTATERD37RDNORTHCLIFFAVE,NONE,2019-06-28 16:35:00,,,
INDIANA UNIV BLOOMINGTON PD,BLOOMINGTON,2,0.0,0.0,0.0,0.0,,,,ST RD 45/46,E 10TH ST,,,,39.154942467329896,-86.56323046034444,ST RD,N,URBAN,N,N,N,,DAYLIGHT,CLEAR,DRY,,FOUR-WAY INTERSECTION,STRAIGHT/LEVEL,ASPHALT,FOLLOWING TOO CLOSELY,REAR END,ST RD 45ST RD 46,TRAFFIC CONTROL SIGNAL,2019-06-29 16:08:00,,,
MONROE SD,BLOOMINGTON,2,0.0,0.0,0.0,0.0,,,,ST RD 46,N CURRY PK,,,,39.16460770617866,-86.58299151662169,ST RD,N,URBAN,N,N,Y,LN CLOSURE,DAYLIGHT,CLEAR,DRY,,T-INTERSECTION,STRAIGHT/LEVEL,ASPHALT,DRIVER DISTRACTED - EXPLAIN IN NARRATIVE,OTHER - EXPLAIN IN NARRATIVE,NCURRYPKST RD 46 W,TRAFFIC CONTROL SIGNAL,2019-06-29 11:02:00,,,
BLOOMINGTON PD,BLOOMINGTON,2,0.0,0.0,0.0,0.0,,,,S ADAMS,W KIRKWOOD AVE,,,,39.160735846880065,-86.54850645950714,LOCAL/CITY RD,Y,URBAN,N,N,N,,DAYLIGHT,CLEAR,DRY,,FOUR-WAY INTERSECTION,CURVE/GRADE,ASPHALT,IMPROPER LN USAGE,SAME DIRECTION SIDESWIPE,SADAMSRDWKIRKWOODAVE,TRAFFIC CONTROL SIGNAL,2019-06-29 12:44:00,,,
ISP BLOOMINGTON 33,BLOOMINGTON,1,0.0,0.0,0.0,0.0,,,,I-69 S,,,0.0,N,39.092914541191206,-86.54605475744343,INTERSTATE,N,RURAL,N,N,N,,DAYLIGHT,CLEAR,DRY,,NO JUNCTION INVOLVED,STRAIGHT/LEVEL,ASPHALT,RAN OFF RD RIGHT,RAN OFF RD,I-69105.0,LN CONTROL,2019-06-29 16:30:00,,,
BLOOMINGTON PD,BLOOMINGTON,2,0.0,0.0,0.0,0.0,,,,N COLLEGE,,,500.0,S,39.17593553123039,-86.5322933419482,LOCAL/CITY RD,N,URBAN,N,N,N,,DAYLIGHT,CLEAR,DRY,,NO JUNCTION INVOLVED,STRAIGHT/LEVEL,ASPHALT,IMPROPER TURNING,RIGHT ANGLE,NORTHCOLLEGEAVEWESTVAUGHNCLIPPWAY,NONE,2019-06-29 07:38:00,,,
MONROE SD,ELLETTSVILLE,2,0.0,0.0,0.0,0.0,,,,N MT TABOR,W COWDEN RD,,,,39.16106435454994,-86.52267890902603,LOCAL/CITY RD,N,RURAL,N,N,N,,DAYLIGHT,CLEAR,DRY,,T-INTERSECTION,STRAIGHT/GRADE,ASPHALT,FAILURE TO YIELD RIGHT OF WAY,RIGHT ANGLE,NORTHMTTABORRDWESTCOWDENRD,NONE,2019-06-29 18:08:00,,,
MONROE SD,BLOOMINGTON,2,0.0,0.0,0.0,0.0,,,,N UNION VALLEY,W MEADOWVALE DR,,,,39.1407,-86.55674,COUNTY RD,N,URBAN,N,N,N,,DAYLIGHT,CLEAR,DRY,,T-INTERSECTION,STRAIGHT/GRADE,ASPHALT,FOLLOWING TOO CLOSELY,REAR END,MEADOWVALEDRNUNIONVALLEYRD,NONE,2019-06-29 09:56:00,,,
BLOOMINGTON PD,BLOOMINGTON,2,0.0,0.0,0.0,0.0,,,,ST RD 46,S HERITAGE RD,,40.0,W,39.1633,-86.58274,LOCAL/CITY RD,N,URBAN,N,N,N,,DAYLIGHT,CLEAR,DRY,,NO JUNCTION INVOLVED,STRAIGHT/LEVEL,ASPHALT,OTHER (DRIVER) - EXPLAIN IN NARRATIVE,REAR END,E 3RDSTHERITAGEDR,LN CONTROL,2019-06-29 10:21:00,,,
BLOOMINGTON PD,BLOOMINGTON,3,0.0,0.0,0.0,0.0,,,,S GATES,ST RD 48,,,,39.25549440402722,-86.59302730410754,LOCAL/CITY RD,N,URBAN,N,N,N,,DAYLIGHT,CLEAR,DRY,,FOUR-WAY INTERSECTION,STRAIGHT/LEVEL,ASPHALT,DISREGARD SIGNAL/REG SIGN,OTHER - EXPLAIN IN NARRATIVE,SGATESDRW 3RDST,TRAFFIC CONTROL SIGNAL,2019-06-30 16:16:00,,,
ELLETTSVILLE PD,ELLETTSVILLE,2,0.0,0.0,0.0,0.0,,,,ST RD 46,N CENTENNIAL DR,,,,39.18629,-86.53163,ST RD,N,URBAN,N,N,N,,DAWN/DUSK,CLOUDY,WET,,NO JUNCTION INVOLVED,STRAIGHT/LEVEL,ASPHALT,BRAKE FAILURE OR DEFECTIVE,REAR END,NORTHCENTENNIALDRST RD 46 W,TRAFFIC CONTROL SIGNAL,2019-06-30 18:00:00,,,
BLOOMINGTON PD,BLOOMINGTON,1,0.0,0.0,0.0,0.0,,,,W 17TH,N MADISON ST,,,,39.13592475155205,-86.53114207315699,LOCAL/CITY RD,N,URBAN,N,N,N,,DAYLIGHT,CLEAR,DRY,,FOUR-WAY INTERSECTION,STRAIGHT/HILLCREST,ASPHALT,RAN OFF RD RIGHT,RAN OFF RD,NKINSERPKW17THST,TRAFFIC CONTROL SIGNAL,2019-06-30 15:58:00,,,
BLOOMINGTON PD,BLOOMINGTON,1,0.0,1.0,0.0,0.0,,,,ST RD 45,N RUSSELL RD,,,,39.162643199898454,-86.41334620460461,ST RD,N,URBAN,Y,N,N,,UNKNOWN,CLEAR,DRY,,NO JUNCTION INVOLVED,CURVE/LEVEL,ASPHALT,RAN OFF RD RIGHT,RAN OFF RD,NRUSSELLRDST RD 45E,NONE,2019-06-30 08:25:00,,,
INDIANA UNIV BLOOMINGTON PD,BLOOMINGTON,1,0.0,0.0,0.0,0.0,,,,ST RD 46,W ARLINGTON RD,,,,38.85694318091581,-86.51750755486269,ST RD,N,URBAN,N,Y,Y,LN CLOSURE,DAWN/DUSK,RAIN,WET,,RAMP,CURVE/LEVEL,ASPHALT,OTHER (DRIVER) - EXPLAIN IN NARRATIVE,RAN OFF RD,ST RD 46 WARLINGTONRD,NONE,2019-06-30 19:25:00,,,
MONROE SD,BLOOMINGTON,1,0.0,0.0,0.0,0.0,,,,N WAYPORT,E LLIS RD,,300.0,N,39.18478875773086,-86.51594106596471,LOCAL/CITY RD,N,URBAN,N,N,N,,DARK (NOT LIGHTED),CLEAR,DRY,,NO JUNCTION INVOLVED,CURVE/LEVEL,ASPHALT,RAN OFF RD RIGHT,RAN OFF RD,ECHAMBERSPKNWAYPORTRD,NONE,2019-06-30 21:45:00,,,
DNR LAW ENFORCEMENT,BLOOMINGTON,1,1.0,0.0,0.0,0.0,,,,ST RD 446,E HAYS RD,,40.0,S,39.16671,-86.54841,ST RD,N,RURAL,N,N,N,,DAYLIGHT,CLEAR,DRY,,NO JUNCTION INVOLVED,CURVE/LEVEL,ASPHALT,IMPROPER LN USAGE,RAN OFF RD,HAYSRDRDST RD 446S,LN CONTROL,2019-06-30 11:25:00,,,
BLOOMINGTON PD,BLOOMINGTON,1,0.0,1.0,0.0,0.0,,,,W 1ST,S WALKER ST,,200.0,E,39.144969839411125,-86.57776079827082,LOCAL/CITY RD,N,URBAN,Y,N,N,,DAWN/DUSK,RAIN,WET,,NO JUNCTION INVOLVED,STRAIGHT/GRADE,ASPHALT,DISREGARD SIGNAL/REG SIGN,RIGHT ANGLE,SWALKERSTW1STST,NONE,2019-06-30 21:20:00,,True,
BLOOMINGTON PD,BLOOMINGTON,2,0.0,2.0,0.0,0.0,,,,S CURRY,ST RD 48,,200.0,N,39.18640456974584,-86.53773952111574,LOCAL/CITY RD,N,URBAN,N,N,N,,DAYLIGHT,CLEAR,DRY,,NO JUNCTION INVOLVED,STRAIGHT/LEVEL,ASPHALT,UNSAFE LN MOVEMENT,RIGHT ANGLE,CURRYPK3RDST,LN CONTROL,2019-07-01 12:36:00,,,
BLOOMINGTON PD,BLOOMINGTON,2,0.0,0.0,0.0,0.0,,,,S CURRY,ST RD 48,,75.0,S,39.20994990254353,-86.58275291788698,LOCAL/CITY RD,N,URBAN,N,N,N,,DAYLIGHT,CLEAR,DRY,,T-INTERSECTION,STRAIGHT/LEVEL,ASPHALT,FAILURE TO YIELD RIGHT OF WAY,RIGHT ANGLE,SCURRYPKW 3RDST,LN CONTROL,2019-07-01 13:35:00,,,
BLOOMINGTON PD,BLOOMINGTON,2,0.0,0.0,0.0,0.0,,,,S GATES,ST RD 48,,,,39.13600909520911,-86.5269092824752,LOCAL/CITY RD,N,URBAN,N,N,N,,DAYLIGHT,CLEAR,DRY,,FOUR-WAY INTERSECTION,STRAIGHT/GRADE,ASPHALT,IMPROPER LN USAGE,SAME DIRECTION SIDESWIPE,3RDSTGATESDR,TRAFFIC CONTROL SIGNAL,2019-07-01 12:50:00,,,
MONROE SD,BLOOMINGTON,2,0.0,0.0,0.0,0.0,,,,E RICHLAND,N RURAL DR,,700.0,E,39.33873,-86.50941,LOCAL/CITY RD,N,RURAL,N,N,N,,DARK (NOT LIGHTED),CLEAR,DRY,,T-INTERSECTION,STRAIGHT/LEVEL,ASPHALT,UNSAFE SPEED,OPPOSITE DIRECTION SIDESWIPE,RICHLANDDRIVERURALST,NONE,2019-07-01 22:36:00,,,
MONROE SD,BLOOMINGTON,1,0.0,0.0,0.0,0.0,,,,N LOUDEN,W RATLIFF RD,,300.0,S,39.154334194240896,-86.62893661077581,LOCAL/CITY RD,N,RURAL,N,N,N,,DAYLIGHT,CLOUDY,WET,,NO JUNCTION INVOLVED,STRAIGHT/GRADE,ASPHALT,RAN OFF RD RIGHT,RAN OFF RD,NORTHLOUDENRDWESTRATLIFFRD,NONE,2019-07-01 14:47:00,,,
BLOOMINGTON PD,BLOOMINGTON,1,0.0,0.0,0.0,0.0,,,,S HAWTHORNE,E 2ND ST,,200.0,N,39.17152026105726,-86.49088671313802,LOCAL/CITY RD,N,URBAN,N,N,N,,DAYLIGHT,CLEAR,DRY,,NO JUNCTION INVOLVED,STRAIGHT/LEVEL,ASPHALT,RAN OFF RD RIGHT,RAN OFF RD,2NDSTHAWTHORNEST,NONE,2019-07-01 10:22:00,,,
MONROE SD,BLOOMINGTON,2,0.0,3.0,0.0,0.0,,,,ST RD 45,N SKIRVIN RD,,275.0,W,39.11107,-86.63819,ST RD,N,RURAL,N,N,N,,DAYLIGHT,CLEAR,DRY,,NO JUNCTION INVOLVED,STRAIGHT/LEVEL,ASPHALT,FAILURE TO YIELD RIGHT OF WAY,RIGHT ANGLE,NSKIRVINLNST RD 45E,NONE,2019-07-01 08:47:00,,,
MONROE SD,BLOOMINGTON,1,0.0,0.0,0.0,1.0,,,,ST RD 48,S CAVE RD,,1200.0,E,39.089746357762245,-86.66643480643802,ST RD,N,URBAN,N,N,N,,DAWN/DUSK,CLEAR,DRY,,NO JUNCTION INVOLVED,CURVE/GRADE,ASPHALT,ANIMAL/OBJECT IN RDWAY,COLLISION WITH DEER,CAVERDST RD 48E,NONE,2019-07-01 05:59:00,,,
BLOOMINGTON PD,BLOOMINGTON,3,0.0,0.0,0.0,0.0,,,,N KINSER,ST RD 45/46,,,,39.16490841231543,-86.61083216977106,LOCAL/CITY RD,Y,URBAN,N,N,N,,DAYLIGHT,CLEAR,DRY,,FOUR-WAY INTERSECTION,STRAIGHT/LEVEL,ASPHALT,FOLLOWING TOO CLOSELY,REAR END,4546HWYNKINSERPK,TRAFFIC CONTROL SIGNAL,2019-07-02 16:40:00,,,
INDIANA UNIV BLOOMINGTON PD,BLOOMINGTON,2,1.0,2.0,0.0,0.0,,,,ST RD 45/46,N DUNN ST,,,,39.144983515555346,-86.57777680656379,ST RD,N,URBAN,N,N,N,,DAYLIGHT,CLEAR,DRY,,FOUR-WAY INTERSECTION,STRAIGHT/LEVEL,ASPHALT,DRIVER ASLEEP OR FATIGUED,REAR END,DUNNSTST RD 46,TRAFFIC CONTROL SIGNAL,2019-07-02 12:30:00,,,
MONROE SD,BLOOMINGTON,2,0.0,0.0,0.0,0.0,,,,N SMITH,W WOODYARD,,,,39.17340002333463,-86.5154732443935,LOCAL/CITY RD,N,URBAN,N,N,N,,DAYLIGHT,CLEAR,DRY,,T-INTERSECTION,STRAIGHT/GRADE,ASPHALT,FOLLOWING TOO CLOSELY,REAR END,SMITHPKWOODYARDRD,STOP SIGN,2019-07-02 17:52:00,,,
MONROE SD,BLOOMINGTON,1,0.0,0.0,0.0,0.0,,,,S ST RD 37,S DELLSVILLE RD,,50.0,N,39.193635984939284,-86.571401148603,LOCAL/CITY RD,N,RURAL,N,N,N,,DAYLIGHT,CLEAR,DRY,,NO JUNCTION INVOLVED,CURVE/LEVEL,ASPHALT,RAN OFF RD RIGHT,RAN OFF RD,SDELLSVILLERDSOLDSTATERD37RD,NONE,2019-07-02 13:42:00,,,
BLOOMINGTON PD,BLOOMINGTON,2,0.0,,0.0,0.0,3470.0,,,W 3RD,,,,,39.070899731836676,-86.53611598159023,UNKNOWN,Y,URBAN,N,N,N,,DAYLIGHT,CLEAR,DRY,,NO JUNCTION INVOLVED,STRAIGHT/LEVEL,ASPHALT,FAILURE TO YIELD RIGHT OF WAY,RIGHT ANGLE,WEST3RDST,STOP SIGN,2019-07-02 11:39:00,,,