Agency,City,Vehicles Involved,Trailers Involved,Number Injured,Number Dead,Number Deer,House Number,Roadway Interchange,Roadway Ramp,Roadway Id,Intersecting Road,Interchange,Feet From,Direction,Latitude,Longitude,Roadway Class,Hit and Run?,Locality,School Zone?,Rumble Strips?,Construction?,Construction Type,Light Condition,Weather Conditions,Surface Condition,Type of Median,Roadway Junction Type,Road Character,Roadway Surface,Primary Factor,Manner of Collision,Unique Location Id,Traffic Control,DateTime,Address Number,Cyclist Involved,Pedestrian Involved
ISP BLOOMINGTON 33,BLOOMINGTON,2,0.0,0.0,0.0,0.0,,,,W FOUNTAIN,W 11TH ST,,,,39.214131629497736,-86.52444582513344,LOCAL/CITY RD,N,URBAN,N,N,N,,DAYLIGHT,CLEAR,DRY,,Y-INTERSECTION,STRAIGHT/LEVEL,ASPHALT,FAILURE TO YIELD RIGHT OF WAY,LEFT TURN,11THSTFOUNTAINDR,LN CONTROL,2019-07-02 13:35:00,,,
MONROE SD,BLOOMINGTON,2,0.0,0.0,0.0,0.0,,,,W WOODYARD,W WALCOTT LN,,1000.0,S,39.17162,-86.50215,COUNTY RD,N,RURAL,N,N,N,,DAYLIGHT,CLEAR,DRY,,NO JUNCTION INVOLVED,CURVE/GRADE,ASPHALT,LEFT OF CENTER,HEAD ON BETWEEN TWO MOTOR VEHICLES,WESTWALCOTTLNWESTWOODYARDRD,NONE,2019-07-02 08:29:00,,,
BLOOMINGTON PD,BLOOMINGTON,2,0.0,0.0,0.0,0.0,,,,ST RD 46,KINGSTON DR S,,,,39.19368,-86.57139,LOCAL/CITY RD,N,URBAN,N,N,N,,DAYLIGHT,RAIN,WET,,FOUR-WAY INTERSECTION,STRAIGHT/GRADE,ASPHALT,UNSAFE LN MOVEMENT,RAN OFF RD,E 3RDSTSKINGSTONDR,TRAFFIC CONTROL SIGNAL,2019-07-03 16:59:00,,,
BLOOMINGTON PD,BLOOMINGTON,2,0.0,1.0,0.0,0.0,,,,S WALNUT,E GRIMES LN,,,,39.1667,-86.54963,LOCAL/CITY RD,N,URBAN,N,N,N,,DAYLIGHT,CLEAR,DRY,,FOUR-WAY INTERSECTION,STRAIGHT/LEVEL,ASPHALT,DRIVER DISTRACTED - EXPLAIN IN NARRATIVE,REAR END,EGRIMESLNSWALNUTST,TRAFFIC CONTROL SIGNAL,2019-07-03 14:05:00,,,
BLOOMINGTON PD,BLOOMINGTON,1,0.0,0.0,0.0,0.0,,,,S WALNUT,E KIRKWOOD AVE,,,,-2.7086357703727405e-05,-2.2518454425781483e-05,LOCAL/CITY RD,N,URBAN,N,N,N,,DAYLIGHT,CLEAR,DRY,,FOUR-WAY INTERSECTION,STRAIGHT/GRADE,ASPHALT,IMPROPER TURNING,RAN OFF RD,KIRKWOODAVEWALNUTST,TRAFFIC CONTROL SIGNAL,2019-07-03 09:15:00,,,
BLOOMINGTON PD,BLOOMINGTON,3,0.0,0.0,0.0,0.0,,,,N WALNUT,W ST RD 37,,300.0,S,39.13004939082654,-86.53476467190137,LOCAL/CITY RD,N,URBAN,N,N,N,,DAYLIGHT,CLEAR,DRY,,FOUR-WAY INTERSECTION,STRAIGHT/GRADE,ASPHALT,FOLLOWING TOO CLOSELY,REAR END,NWALNUTSTOLDSTATERD37RD,NONE,2019-07-03 16:51:00,,,
BLOOMINGTON PD,BLOOMINGTON,2,0.0,0.0,0.0,0.0,,,,W 1ST,S COLLEGE AVE,,,,39.266659803646334,-86.62077681416483,LOCAL/CITY RD,N,URBAN,N,N,N,,DARK (NOT LIGHTED),CLEAR,DRY,,FOUR-WAY INTERSECTION,STRAIGHT/LEVEL,ASPHALT,OTHER (DRIVER) - EXPLAIN IN NARRATIVE,OPPOSITE DIRECTION SIDESWIPE,1STSTCOLLEGEAVE,TRAFFIC CONTROL SIGNAL,2019-07-03 00:52:00,,,
BLOOMINGTON PD,BLOOMINGTON,3,0.0,1.0,0.0,0.0,,,,ST RD 45/46,N MONROE ST,,500.0,E,39.22713071787732,-86.59272116190385,LOCAL/CITY RD,N,URBAN,N,N,N,,DARK (NOT LIGHTED),CLEAR,WET,,NO JUNCTION INVOLVED,STRAIGHT/LEVEL,ASPHALT,FOLLOWING TOO CLOSELY,REAR END,NMONROESTWSTATERD4546BYP,NONE,2019-07-03 22:47:00,,,
ISP BLOOMINGTON 33,BLOOMINGTON,1,0.0,0.0,0.0,0.0,,,,I-69 S,,,,,39.164180359897856,-86.48279288102593,INTERSTATE,N,RURAL,N,N,N,,DAYLIGHT,RAIN,WET,,NO JUNCTION INVOLVED,STRAIGHT/LEVEL,ASPHALT,RAN OFF RD RIGHT,RAN OFF RD,I-69125,LN CONTROL,2019-07-03 17:56:00,,,
MONROE SD,BLOOMINGTON,1,0.0,0.0,0.0,0.0,,,,S LEONARD SPRINGS,,,600.0,N,39.164578631348725,-86.57619099757426,LOCAL/CITY RD,N,RURAL,N,N,N,,DAWN/DUSK,RAIN,WET,,NO JUNCTION INVOLVED,CURVE/GRADE,ASPHALT,SPEED TOO FAST FOR WEATHER CONDITIONS,RAN OFF RD,LIZZYLNSLEONARDSPRINGSRD,NONE,2019-07-03 17:50:00,,,
BLOOMINGTON PD,BLOOMINGTON,1,0.0,0.0,0.0,0.0,,,,S SARE,E ROGERS ST,,100.0,S,39.20993614029036,-86.58273242573775,LOCAL/CITY RD,N,URBAN,N,N,N,,DARK (NOT LIGHTED),CLEAR,DRY,,NO JUNCTION INVOLVED,CURVE/GRADE,ASPHALT,RAN OFF RD RIGHT,RAN OFF RD,ROGERSRDSSARERD,NONE,2019-07-03 04:51:00,,,
BLOOMINGTON PD,BLOOMINGTON,2,0.0,0.0,0.0,0.0,,,,W 3RD,,,,,39.17900583891876,-86.53777334233615,LOCAL/CITY RD,N,URBAN,N,N,N,,DAYLIGHT,CLEAR,DRY,,T-INTERSECTION,STRAIGHT/GRADE,ASPHALT,IMPROPER TURNING,LEFT TURN,I-69OPASW 3RDST,TRAFFIC CONTROL SIGNAL,2019-07-03 15:43:00,,,
BLOOMINGTON PD,BLOOMINGTON,2,0.0,0.0,0.0,0.0,,,,W FOUNTAIN,N CRESCENT RD,,100.0,S,39.17501814660454,-86.48138734282293,LOCAL/CITY RD,N,URBAN,N,N,N,,DAYLIGHT,CLEAR,DRY,,NO JUNCTION INVOLVED,STRAIGHT/GRADE,ASPHALT,FAILURE TO YIELD RIGHT OF WAY,LEFT TURN,CRESENTRDFOUNTAINDR,LN CONTROL,2019-07-03 12:34:00,,,
MONROE SD,BLOOMINGTON,2,0.0,0.0,0.0,0.0,,,,W MAPLE GROVE,N MATTHEWS DR,,,,39.20761942279189,-86.57992475244282,LOCAL/CITY RD,N,RURAL,N,N,N,,DAWN/DUSK,RAIN,WET,,FOUR-WAY INTERSECTION,STRAIGHT/LEVEL,ASPHALT,DISREGARD SIGNAL/REG SIGN,OTHER - EXPLAIN IN NARRATIVE,NMATTHEWSDRWMAPLEGROVERD,STOP SIGN,2019-07-03 19:45:00,,,
MONROE SD,BLOOMINGTON,2,0.0,0.0,0.0,0.0,,,,ST RD 45,INDUSTRIAL BLVD,,,,39.246405882837195,-86.53240201613008,ST RD,N,RURAL,N,N,N,,DAWN/DUSK,CLEAR,DRY,,FOUR-WAY INTERSECTION,STRAIGHT/LEVEL,ASPHALT,OTHER (DRIVER) - EXPLAIN IN NARRATIVE,REAR END,INDUSTRIALBLVDST RD 45 W,TRAFFIC CONTROL SIGNAL,2019-07-04 07:11:00,,,
MONROE SD,BLOOMINGTON,1,0.0,0.0,0.0,0.0,,,,ST RD 48,N OARD,,,,39.04455311281564,-86.40820410235062,ST RD,N,RURAL,N,N,N,,DARK (NOT LIGHTED),CLEAR,DRY,,T-INTERSECTION,STRAIGHT/LEVEL,ASPHALT,RAN OFF RD RIGHT,RAN OFF RD,OARDRDST RD 48E,NONE,2019-07-04 05:21:00,,,
BLOOMINGTON PD,BLOOMINGTON,2,0.0,0.0,0.0,0.0,,,,S WALNUT,E GRIMES LN,,,,39.159424766649835,-86.54605084059726,LOCAL/CITY RD,N,URBAN,N,N,N,,DAYLIGHT,CLEAR,DRY,,FOUR-WAY INTERSECTION,STRAIGHT/LEVEL,ASPHALT,FOLLOWING TOO CLOSELY,REAR END,EGRIMESLNSWALNUTST,TRAFFIC CONTROL SIGNAL,2019-07-05 14:00:00,,,
MONROE SD,BLOOMINGTON,1,0.0,0.0,0.0,0.0,,,,S COLLEGE,W 3RD ST,,,,39.16458874739464,-86.58297097729319,LOCAL/CITY RD,N,URBAN,N,N,N,,DARK (LIGHTED),CLEAR,DRY,,NO JUNCTION INVOLVED,STRAIGHT/LEVEL,ASPHALT,RAN OFF RD RIGHT,RAN OFF RD,3RDSTCOLLEGEAVE,NONE,2019-07-05 04:35:00,,,
BLOOMINGTON PD,BLOOMINGTON,2,0.0,0.0,0.0,0.0,,,,W 7TH,N COLLEGE AVE,,,,39.16462856278016,-86.58295464621948,LOCAL/CITY RD,Y,URBAN,N,N,N,,DAYLIGHT,CLEAR,DRY,,FOUR-WAY INTERSECTION,STRAIGHT/LEVEL,ASPHALT,DISREGARD SIGNAL/REG SIGN,RIGHT ANGLE,7THSTNCOLLEGEAVE,TRAFFIC CONTROL SIGNAL,2019-07-05 15:51:00,,,
MONROE SD,BLOOMINGTON,1,0.0,1.0,0.0,0.0,,,,E SAMPLE,N WAYPORT RD,,1320.0,E,39.16454921412727,-86.57620536143257,LOCAL/CITY RD,N,RURAL,N,N,N,,DAYLIGHT,CLOUDY,WET,,NO JUNCTION INVOLVED,CURVE/GRADE,ASPHALT,SPEED TOO FAST FOR WEATHER CONDITIONS,RAN OFF RD,ESAMPLERDNWAYPORTRD,NONE,2019-07-05 17:22:00,,,
BLOOMINGTON PD,BLOOMINGTON,2,0.0,0.0,0.0,0.0,,,,E 4TH,S DUNN ST,,200.0,W,39.21936470227373,-86.51412622255869,LOCAL/CITY RD,Y,URBAN,N,N,N,,,,,,NO JUNCTION INVOLVED,STRAIGHT/LEVEL,ASPHALT,,,E4THSTSDUNNST,NONE,2019-07-05 08:00:00,,,
MONROE SD,BLOOMINGTON,1,0.0,0.0,0.0,0.0,,,,E ROBINSON,W ST RD 37,,450.0,N,39.21655739299726,-86.63989833590608,LOCAL/CITY RD,N,RURAL,N,N,N,,DAYLIGHT,CLEAR,DRY,,NO JUNCTION INVOLVED,STRAIGHT/LEVEL,ASPHALT,RAN OFF RD RIGHT,RAN OFF RD,EROBINSONRDOLDSTATE37NRD,NONE,2019-07-05 06:45:00,,,
ISP BLOOMINGTON 33,BLOOMINGTON,2,0.0,0.0,0.0,0.0,,,,I-69 S,,,,,39.16102177400918,-86.52023379230226,INTERSTATE,N,RURAL,N,N,N,,DAYLIGHT,RAIN,WET,,NO JUNCTION INVOLVED,STRAIGHT/LEVEL,ASPHALT,SPEED TOO FAST FOR WEATHER CONDITIONS,RIGHT ANGLE,I-69125,LN CONTROL,2019-07-05 16:37:00,,,
MONROE SD,BLOOMINGTON,2,0.0,1.0,0.0,0.0,,,,S HANDY,S AIRLINE RD,,100.0,S,39.22762043529901,-86.4344204591323,COUNTY RD,N,RURAL,N,N,N,,DAYLIGHT,CLEAR,DRY,,Y-INTERSECTION,CURVE/LEVEL,ASPHALT,LEFT OF CENTER,HEAD ON BETWEEN TWO MOTOR VEHICLES,SAIRLINERDSHANDYRD,NONE,2019-07-05 17:26:00,,,
MONROE SD,BLOOMINGTON,1,0.0,0.0,0.0,0.0,,,,S WALNUT ST PK,E CRESTLINE DR,,210.0,N,39.16315,-86.62913,LOCAL/CITY RD,N,RURAL,N,N,N,,DAWN/DUSK,CLOUDY,WET,,NO JUNCTION INVOLVED,STRAIGHT/LEVEL,CONCRETE,RAN OFF RD RIGHT,RAN OFF RD,ECRESTLINEDRSWALNUTSTPK,NONE,2019-07-05 21:08:00,,,
ELLETTSVILLE PD,ELLETTSVILLE,2,0.0,0.0,0.0,0.0,,,,ST RD 46,N 1ST,,100.0,E,39.18640446013897,-86.53771872935936,ST RD,N,URBAN,N,N,N,,DAYLIGHT,RAIN,WET,,NO JUNCTION INVOLVED,STRAIGHT/LEVEL,ASPHALT,IMPROPER TURNING,LEFT TURN,FIRSTSTST RD 46 W,NONE,2019-07-05 16:56:00,,,
BLOOMINGTON PD,BLOOMINGTON,2,0.0,0.0,0.0,0.0,,,,W 3RD,S MULLER PKWY,,,,39.186262882552995,-86.52842881715607,LOCAL/CITY RD,N,URBAN,N,N,N,,DAYLIGHT,CLEAR,DRY,,T-INTERSECTION,STRAIGHT/LEVEL,ASPHALT,FAILURE TO YIELD RIGHT OF WAY,SAME DIRECTION SIDESWIPE,SOUTHMULLERPKWYWEST3RDST,NONE,2019-07-05 13:22:00,,,
BLOOMINGTON PD,BLOOMINGTON,2,0.0,0.0,0.0,0.0,,,,W 2ND,S COLLEGE AVE,,,,39.19065617058659,-86.58315848745472,LOCAL/CITY RD,N,URBAN,N,N,N,,DAYLIGHT,CLOUDY,DRY,,FOUR-WAY INTERSECTION,STRAIGHT/LEVEL,ASPHALT,FOLLOWING TOO CLOSELY,REAR END,SOUTHCOLLEGEAVEWEST2NDST,TRAFFIC CONTROL SIGNAL,2019-07-06 17:20:00,,,
ELLETTSVILLE PD,ELLETTSVILLE,2,0.0,0.0,0.0,0.0,,,,ST RD 46,N SMITH PK,,,,39.06679453291538,-86.54150812432154,ST RD,N,URBAN,N,N,N,,DAYLIGHT,CLEAR,DRY,,T-INTERSECTION,STRAIGHT/LEVEL,ASPHALT,DRIVER ASLEEP OR FATIGUED,REAR END,SMITHPKRDST RD 46 W,TRAFFIC CONTROL SIGNAL,2019-07-06 07:38:00,,,
BLOOMINGTON PD,BLOOMINGTON,1,0.0,0.0,0.0,1.0,,,,N WALNUT,W ST RD 37,,,,39.2289425887698,-86.62752950213661,LOCAL/CITY RD,N,URBAN,N,N,N,,DARK (NOT LIGHTED),CLEAR,DRY,,FOUR-WAY INTERSECTION,STRAIGHT/GRADE,ASPHALT,ANIMAL/OBJECT IN RDWAY,COLLISION WITH DEER,NORTHWALNUTSTOLDSTATERD37RD,TRAFFIC CONTROL SIGNAL,2019-07-06 02:40:00,,,
BLOOMINGTON PD,BLOOMINGTON,1,0.0,0.0,0.0,0.0,,,,ST RD 46,ST RD 446,,,,39.17323968193792,-86.55510384547367,UNKNOWN,N,URBAN,N,N,N,,DAYLIGHT,CLEAR,DRY,,T-INTERSECTION,STRAIGHT/LEVEL,ASPHALT,RAN OFF RD RIGHT,RAN OFF RD,E 3RDSTSSTATERD446RD,NONE,2019-07-06 15:40:00,,,
MONROE SD,BLOOMINGTON,1,0.0,0.0,0.0,0.0,7469.0,,,N CANYON,,,,,39.20118517808496,-86.60175103699336,LOCAL/CITY RD,N,RURAL,N,N,N,,DAYLIGHT,CLEAR,DRY,,T-INTERSECTION,CURVE/LEVEL,ASPHALT,DRIVER ILLNESS,RAN OFF RD,NCANYONCT,NONE,2019-07-06 13:55:00,,,
BLOOMINGTON PD,BLOOMINGTON,1,0.0,0.0,0.0,0.0,,,,N HEADLEY,E TREADWELL LN,,100.0,N,39.1642,-86.49304,LOCAL/CITY RD,N,URBAN,N,N,N,,DARK (NOT LIGHTED),CLEAR,DRY,,NO JUNCTION INVOLVED,CURVE/LEVEL,ASPHALT,ANIMAL/OBJECT IN RDWAY,RAN OFF RD,ETREADWELLLNNHEADLEYRD,NONE,2019-07-06 00:48:00,,,
BLOOMINGTON PD,BLOOMINGTON,2,0.0,0.0,0.0,0.0,,,,S ROCKPORT,W TAPP RD,,,,39.153304846987695,-86.53372375955642,LOCAL/CITY RD,Y,URBAN,N,N,N,,DAYLIGHT,CLEAR,DRY,,FOUR-WAY INTERSECTION,STRAIGHT/LEVEL,ASPHALT,FOLLOWING TOO CLOSELY,REAR END,SOUTHROCKPORTRDWESTTAPPRD,TRAFFIC CONTROL SIGNAL,2019-07-06 13:41:00,,,
BLOOMINGTON PD,BLOOMINGTON,2,0.0,0.0,0.0,0.0,,,,E 1ST,S HAWTHORNE DR,,100.0,W,39.16658,-86.53361,LOCAL/CITY RD,N,URBAN,Y,N,N,,DAYLIGHT,CLEAR,DRY,,NO JUNCTION INVOLVED,STRAIGHT/GRADE,ASPHALT,OVERCORRECTING/OVERSTEERING,SAME DIRECTION SIDESWIPE,E1STSTSHAWTHORNEDR,NONE,2019-07-07 13:35:00,,,
MONROE SD,BLOOMINGTON,2,0.0,1.0,0.0,0.0,,,,I-69 S,,,0.0,N,39.186367979502,-86.53455645954699,INTERSTATE,N,RURAL,N,Y,N,,DAYLIGHT,CLEAR,DRY,,NO JUNCTION INVOLVED,STRAIGHT/LEVEL,ASPHALT,UNSAFE SPEED,REAR END,I-69S128,NONE,2019-07-07 19:18:00,,,
MONROE SD,BLOOMINGTON,2,0.0,0.0,0.0,0.0,,,,S ST RD 37,S KETCHAM RUNAROUND,,,,39.15938,-86.53505,LOCAL/CITY RD,N,RURAL,N,N,N,,DAYLIGHT,CLEAR,DRY,,T-INTERSECTION,CURVE/LEVEL,ASPHALT,FAILURE TO YIELD RIGHT OF WAY,RIGHT ANGLE,OLDST RD 37RDSKETCHAMROUNDABOUTRD,STOP SIGN,2019-07-07 13:50:00,,,
MONROE SD,BLOOMINGTON,1,0.0,0.0,0.0,0.0,,,,ST RD 37,W ACUFF RD,,2156.0,S,39.1868,-86.54666,INTERSTATE,N,RURAL,N,N,N,,DAYLIGHT,CLEAR,DRY,,NO JUNCTION INVOLVED,STRAIGHT/LEVEL,ASPHALT,RAN OFF RD RIGHT,RAN OFF RD,ACUFFRDST RD 37,NONE,2019-07-07 19:40:00,,,
BLOOMINGTON PD,BLOOMINGTON,2,0.0,0.0,0.0,0.0,,,,E 3RD,S SWAIN AVE,,,,-1.272789534008565e-05,-6.388476924807359e-06,LOCAL/CITY RD,N,URBAN,N,N,N,,DAYLIGHT,CLEAR,DRY,,NO JUNCTION INVOLVED,STRAIGHT/LEVEL,ASPHALT,UNSAFE LN MOVEMENT,SAME DIRECTION SIDESWIPE,E 3RDSTSSWAINAVE,LN CONTROL,2019-07-08 10:35:00,,,
INDIANA UNIV BLOOMINGTON PD,BLOOMINGTON,2,0.0,0.0,0.0,0.0,,,,E 3RD,S WOODSCREST DR,,,,39.177574325107706,-86.59516453928497,LOCAL/CITY RD,N,URBAN,N,N,N,,DAYLIGHT,CLEAR,DRY,,FOUR-WAY INTERSECTION,STRAIGHT/LEVEL,ASPHALT,FAILURE TO YIELD RIGHT OF WAY,REAR END,3RDSTWOODCRESTDR,TRAFFIC CONTROL SIGNAL,2019-07-08 19:29:00,,,
BLOOMINGTON PD,BLOOMINGTON,3,0.0,2.0,0.0,0.0,,,,ST RD 45,INDUSTRIAL BLVD,,200.0,E,39.13569964288651,-86.49670870942863,ST RD,N,URBAN,N,N,N,,DAYLIGHT,CLEAR,DRY,,FOUR-WAY INTERSECTION,STRAIGHT/LEVEL,ASPHALT,DRIVER DISTRACTED - EXPLAIN IN NARRATIVE,REAR END,ST RD 45 WWINDUSTRIALBLVD,TRAFFIC CONTROL SIGNAL,2019-07-08 17:50:00,,,
MONROE SD,BLOOMINGTON,2,0.0,0.0,0.0,0.0,,,,ST RD 37,S VICTOR PK,,,,-9.406230582346332e-06,-7.036682799048833e-06,ST RD,N,RURAL,N,N,N,,DAYLIGHT,CLEAR,DRY,,FOUR-WAY INTERSECTION,STRAIGHT/GRADE,ASPHALT,FOLLOWING TOO CLOSELY,REAR END,S ST RD 37VICTORPK,TRAFFIC CONTROL SIGNAL,2019-07-08 17:25:00,,,
ISP BLOOMINGTON 33,BLOOMINGTON,2,0.0,0.0,0.0,0.0,,,,I-69 S,,,,,39.17523464875893,-86.55678959039456,INTERSTATE,Y,RURAL,N,N,N,,DAYLIGHT,CLEAR,DRY,,NO JUNCTION INVOLVED,STRAIGHT/LEVEL,ASPHALT,IMPROPER LN USAGE,SAME DIRECTION SIDESWIPE,I-69115.0,LN CONTROL,2019-07-08 08:55:00,,,
MONROE SD,BLOOMINGTON,1,0.0,1.0,0.0,0.0,,,,MAEFIELD,N UNION VALLEY RD,,100.0,E,39.24530807202195,-86.62056977470539,LOCAL/CITY RD,N,URBAN,N,N,N,,DAYLIGHT,CLEAR,DRY,,NO JUNCTION INVOLVED,STRAIGHT/LEVEL,ASPHALT,RAN OFF RD RIGHT,RAN OFF RD,NUNIONVALLEYRDWMAEFIELDST,NONE,2019-07-08 20:13:00,,,
MONROE SD,BLOOMINGTON,2,0.0,1.0,0.0,0.0,,,,S CURRY,W GIFFORD,,200.0,N,39.143555606323105,-86.58031990651804,COUNTY RD,N,RURAL,N,N,N,,DAYLIGHT,CLEAR,DRY,,NO JUNCTION INVOLVED,STRAIGHT/LEVEL,ASPHALT,UNSAFE LN MOVEMENT,SAME DIRECTION SIDESWIPE,SCURRYPKWGIFFORDRD,LN CONTROL,2019-07-08 09:10:00,,,
INDIANA UNIV BLOOMINGTON PD,BLOOMINGTON,2,0.0,0.0,0.0,0.0,,,,ST RD 45/46,E MATLOCK RD,,,,39.16481,-86.62014,ST RD,N,URBAN,N,N,N,,DAYLIGHT,CLEAR,DRY,,FOUR-WAY INTERSECTION,STRAIGHT/LEVEL,ASPHALT,FOLLOWING TOO CLOSELY,REAR END,MATLOCKRDST RD 46,TRAFFIC CONTROL SIGNAL,2019-07-08 12:10:00,,,
ELLETTSVILLE PD,ELLETTSVILLE,2,0.0,0.0,0.0,0.0,,,,ST RD 46,N LOVE LN,,,,39.15331821431801,-86.53372059982098,ST RD,N,URBAN,N,N,N,,DAYLIGHT,CLEAR,DRY,,NO JUNCTION INVOLVED,STRAIGHT/LEVEL,ASPHALT,FOLLOWING TOO CLOSELY,REAR END,LOVELNST RD 46 W,LN CONTROL,2019-07-08 09:51:00,,,
BLOOMINGTON PD,BLOOMINGTON,2,0.0,0.0,0.0,0.0,,,,W 12TH,N ILLINOIS ST,,100.0,W,39.16463,-86.53489,LOCAL/CITY RD,Y,URBAN,N,N,N,,DARK (LIGHTED),CLOUDY,DRY,,NO JUNCTION INVOLVED,STRAIGHT/GRADE,ASPHALT,UNSAFE SPEED,SAME DIRECTION SIDESWIPE,12THSTILLINOISST,NONE,2019-07-08 22:37:00,,,
ELLETTSVILLE PD,ELLETTSVILLE,1,0.0,0.0,1.0,0.0,,,,W NESTLE DOWN,N MARGIE CT,,45.0,E,39.16855,-86.53485,LOCAL/CITY RD,N,URBAN,N,N,N,,DAYLIGHT,CLEAR,DRY,,NO JUNCTION INVOLVED,CURVE/LEVEL,ASPHALT,DRIVER ILLNESS,RAN OFF RD,MAGGIECTNESTLEDOWNDR,LN CONTROL,2019-07-08 07:34:00,,,
BLOOMINGTON PD,BLOOMINGTON,2,0.0,1.0,0.0,0.0,,,,E WINSLOW,S WALNUT ST,,,,39.2654627562707,-86.51981014005011,LOCAL/CITY RD,N,URBAN,N,N,N,,DAYLIGHT,CLEAR,DRY,,FOUR-WAY INTERSECTION,STRAIGHT/LEVEL,ASPHALT,FAILURE TO YIELD RIGHT OF WAY,RIGHT ANGLE,EWINSLOWRDSWALNUTST,TRAFFIC CONTROL SIGNAL,2019-07-09 13:15:00,,,
INDIANA UNIV BLOOMINGTON PD,BLOOMINGTON,2,0.0,0.0,0.0,0.0,,,,E 10TH,N WALNUT GROVE ST,,,,39.16554087619157,-86.52825963438171,LOCAL/CITY RD,N,URBAN,N,N,N,,DAYLIGHT,CLEAR,DRY,,NO JUNCTION INVOLVED,STRAIGHT/LEVEL,ASPHALT,OVERCORRECTING/OVERSTEERING,RIGHT ANGLE,TENTHSTWALNUTGROVEST,NONE,2019-07-09 09:26:00,,,
BLOOMINGTON PD,BLOOMINGTON,3,0.0,0.0,0.0,0.0,,,,W KIRKWOOD,S ROGERS ST,,50.0,W,39.250809202030425,-86.46716216900786,LOCAL/CITY RD,N,URBAN,Y,N,N,,DAYLIGHT,CLEAR,DRY,,NO JUNCTION INVOLVED,STRAIGHT/LEVEL,ASPHALT,FOLLOWING TOO CLOSELY,REAR END,SROGERSSTWKIRKWOODAVE,NONE,2019-07-09 16:25:00,,,
BLOOMINGTON PD,BLOOMINGTON,2,0.0,0.0,0.0,0.0,,,,S COLLEGE MALL,E 2ND ST,,,,-7.643107251698355e-06,-2.251271915034037e-06,LOCAL/CITY RD,N,URBAN,N,N,N,,DAYLIGHT,CLEAR,DRY,,FOUR-WAY INTERSECTION,STRAIGHT/LEVEL,ASPHALT,FOLLOWING TOO CLOSELY,REAR END,EAST2NDSTSOUTHCOLLEGEMALL,TRAFFIC CONTROL SIGNAL,2019-07-09 11:52:00,,,
BLOOMINGTON PD,BLOOMINGTON,2,0.0,0.0,0.0,0.0,,,,W COUNTRY CLUB,S BANTA AVE,,75.0,E,39.09584887279654,-86.49385423786899,LOCAL/CITY RD,N,URBAN,N,N,Y,LN CLOSURE,DAYLIGHT,CLEAR,DRY,,NO JUNCTION INVOLVED,STRAIGHT/GRADE,ASPHALT,DRIVER DISTRACTED - EXPLAIN IN NARRATIVE,REAR END,SBANTAAVEWCOUNTRYCLUBDR,LN CONTROL,2019-07-09 09:23:00,,,
MONROE SD,BLOOMINGTON,1,0.0,0.0,0.0,0.0,,,,W HOWARD,,,2500.0,N,39.11624782105937,-86.52662254139801,LOCAL/CITY RD,N,RURAL,N,N,N,,DARK (NOT LIGHTED),CLEAR,DRY,,NO JUNCTION INVOLVED,CURVE/HILLCREST,ASPHALT,UNSAFE SPEED,RAN OFF RD,HOWARDRDSTRD43HWY,NONE,2019-07-09 00:01:00,,,
INDIANA UNIV BLOOMINGTON PD,BLOOMINGTON,2,0.0,0.0,0.0,0.0,,,,ST RD 45,ST RD 45/46,,,,39.2313308461649,-86.6212798108606,ST RD,N,URBAN,N,N,N,,DAYLIGHT,CLEAR,DRY,,FOUR-WAY INTERSECTION,CURVE/LEVEL,ASPHALT,DRIVER DISTRACTED - EXPLAIN IN NARRATIVE,REAR END,10THSTST RD 46E,TRAFFIC CONTROL SIGNAL,2019-07-10 10:04:00,,,
ISP BLOOMINGTON 33,BLOOMINGTON,2,0.0,1.0,0.0,0.0,,,,ST RD 48,S CURRY PK,,,,39.164491511920474,-86.56272107314173,ST RD,N,URBAN,N,N,N,,DAYLIGHT,CLEAR,DRY,,NO JUNCTION INVOLVED,STRAIGHT/LEVEL,ASPHALT,UNSAFE SPEED,REAR END,CURRYPKST RD 48,LN CONTROL,2019-07-10 15:35:00,,,
BLOOMINGTON PD,BLOOMINGTON,2,0.0,0.0,0.0,0.0,,,,S WALNUT,W KIRKWOOD AVE,,,,39.161358623545986,-86.53501412922938,LOCAL/CITY RD,N,URBAN,N,N,N,,DAYLIGHT,CLEAR,DRY,,FOUR-WAY INTERSECTION,STRAIGHT/LEVEL,ASPHALT,IMPROPER TURNING,LEFT TURN,KIRKWOODAVESWALNUTST,TRAFFIC CONTROL SIGNAL,2019-07-10 11:10:00,,,
MONROE SD,BLOOMINGTON,2,0.0,1.0,0.0,0.0,,,,N CURRY,W JONATHAN DR,,200.0,S,39.20995147053177,-86.58274227236758,LOCAL/CITY RD,N,URBAN,N,N,N,,DAYLIGHT,CLEAR,DRY,,NO JUNCTION INVOLVED,STRAIGHT/LEVEL,ASPHALT,FOLLOWING TOO CLOSELY,REAR END,NCURRYPKWJOHNATHANDR,NONE,2019-07-10 13:18:00,,,