Agency,City,Vehicles Involved,Trailers Involved,Number Injured,Number Dead,Number Deer,House Number,Roadway Interchange,Roadway Ramp,Roadway Id,Intersecting Road,Interchange,Feet From,Direction,Latitude,Longitude,Roadway Class,Hit and Run?,Locality,School Zone?,Rumble Strips?,Construction?,Construction Type,Light Condition,Weather Conditions,Surface Condition,Type of Median,Roadway Junction Type,Road Character,Roadway Surface,Primary Factor,Manner of Collision,Unique Location Id,Traffic Control,DateTime,Address Number,Cyclist Involved,Pedestrian Involved
BLOOMINGTON PD,BLOOMINGTON,2,0.0,0.0,0.0,0.0,,,,S COLLEGE,W 3RD ST,,,,-9.320642960931565e-06,-1.3476587078030759e-05,LOCAL/CITY RD,N,URBAN,N,N,N,,DAWN/DUSK,CLEAR,DRY,,FOUR-WAY INTERSECTION,STRAIGHT/LEVEL,ASPHALT,FOLLOWING TOO CLOSELY,REAR END,SOUTHCOLLEGEAVEWEST3RDST,TRAFFIC CONTROL SIGNAL,2019-07-22 20:30:00,,,
MONROE SD,BLOOMINGTON,1,0.0,0.0,0.0,0.0,,,,I-69 S,,,15.0,N,39.105503315849916,-86.55113932318197,INTERSTATE,N,RURAL,N,Y,N,,DAYLIGHT,CLEAR,DRY,,NO JUNCTION INVOLVED,STRAIGHT/LEVEL,ASPHALT,RAN OFF RD RIGHT,RAN OFF RD,I-69S130,LN CONTROL,2019-07-22 17:33:00,,,
BLOOMINGTON PD,BLOOMINGTON,2,1.0,0.0,0.0,0.0,,,,ST RD 45/46,W ARLINGTON RD (BRIDGE),,,,39.23842,-86.5381,LOCAL/CITY RD,N,URBAN,N,N,Y,X-OVER/LN SHIFT,DAYLIGHT,CLEAR,DRY,,NO JUNCTION INVOLVED,STRAIGHT/LEVEL,ASPHALT,OVERSIZE/OVERWEIGHT LOAD,OTHER - EXPLAIN IN NARRATIVE,NARLINGTONDRWESTSTATERD4546RD,NONE,2019-07-23 15:57:00,,,
BLOOMINGTON PD,BLOOMINGTON,2,0.0,0.0,0.0,0.0,,,,S ADAMS,W KIRKWOOD AVE,,,,39.259405064323026,-86.54599559812885,LOCAL/CITY RD,N,URBAN,N,N,N,,DAYLIGHT,CLEAR,DRY,,FOUR-WAY INTERSECTION,CURVE/GRADE,ASPHALT,UNSAFE LN MOVEMENT,SAME DIRECTION SIDESWIPE,ADAMSSTKIRKWOODAVE,TRAFFIC CONTROL SIGNAL,2019-07-23 11:40:00,,,
MONROE SD,BLOOMINGTON,3,0.0,0.0,0.0,0.0,,,,ST RD 46,S LORI LN,,,,39.166534019812296,-86.53361414374018,ST RD,N,RURAL,N,N,N,,DAYLIGHT,CLEAR,DRY,,T-INTERSECTION,STRAIGHT/LEVEL,ASPHALT,FOLLOWING TOO CLOSELY,REAR END,SLORILNST RD 46E,NONE,2019-07-23 15:03:00,,,
BLOOMINGTON PD,BLOOMINGTON,2,0.0,0.0,0.0,0.0,,,,W KIRKWOOD,N COLLEGE AVE,,,,39.16123519738026,-86.5971843800056,LOCAL/CITY RD,N,URBAN,Y,N,N,,DAYLIGHT,CLEAR,DRY,,FOUR-WAY INTERSECTION,STRAIGHT/LEVEL,ASPHALT,UNSAFE LN MOVEMENT,SAME DIRECTION SIDESWIPE,SCOLLEGEAVEWKIRKWOODAVE,TRAFFIC CONTROL SIGNAL,2019-07-24 20:05:00,,,
ISP BLOOMINGTON 33,BLOOMINGTON,2,0.0,0.0,0.0,0.0,,,,I-69 N,N ST RD 37,Y,100.0,N,39.14496156580525,-86.57777818304936,INTERSTATE,N,RURAL,N,N,N,,DAYLIGHT,CLEAR,DRY,,NO JUNCTION INVOLVED,STRAIGHT/LEVEL,ASPHALT,UNSAFE LN MOVEMENT,SAME DIRECTION SIDESWIPE,I-69113.5,LN CONTROL,2019-07-24 07:55:00,,,
BLOOMINGTON PD,BLOOMINGTON,3,0.0,0.0,0.0,0.0,,,,E MILLER,S WALNUT ST,,,,39.20994012013942,-86.58275017184197,LOCAL/CITY RD,N,URBAN,N,N,N,,DAYLIGHT,CLEAR,DRY,,T-INTERSECTION,STRAIGHT/GRADE,ASPHALT,FOLLOWING TOO CLOSELY,REAR END,MILLERDRWALNUTST,TRAFFIC CONTROL SIGNAL,2019-07-24 08:38:00,,,
BLOOMINGTON PD,BLOOMINGTON,2,0.0,0.0,0.0,0.0,205.0,,,E 20TH,,,,,39.16424068637182,-86.5177593451655,UNKNOWN,Y,URBAN,N,N,N,,DAYLIGHT,CLEAR,DRY,,NO JUNCTION INVOLVED,STRAIGHT/GRADE,CONCRETE,IMPROPER TURNING,LEFT/RIGHT TURN,E20THST,NONE,2019-07-24 13:00:00,,,
BLOOMINGTON PD,BLOOMINGTON,2,0.0,0.0,0.0,0.0,,,,N WALNUT,E 1ST,,,,39.22763803778646,-86.61593053126253,LOCAL/CITY RD,N,URBAN,N,N,N,,DAYLIGHT,CLEAR,DRY,,FOUR-WAY INTERSECTION,STRAIGHT/LEVEL,ASPHALT,OTHER (DRIVER) - EXPLAIN IN NARRATIVE,OTHER - EXPLAIN IN NARRATIVE,E1STSTNWALNIUTST,TRAFFIC CONTROL SIGNAL,2019-07-24 12:05:00,,,
BLOOMINGTON PD,BLOOMINGTON,1,0.0,1.0,0.0,0.0,,,,W KIRKWOOD,B-LINE TRAIL,,,,39.17896,-86.521088,LOCAL/CITY RD,N,URBAN,N,N,N,,DAYLIGHT,CLEAR,DRY,,FOUR-WAY INTERSECTION,STRAIGHT/LEVEL,ASPHALT,FAILURE TO YIELD RIGHT OF WAY,RIGHT ANGLE,BLINETRLWKIRKWOODAVE,YIELD SIGN,2019-07-24 11:21:00,,True,
MONROE SD,BLOOMINGTON,1,0.0,0.0,0.0,0.0,,,,N BRUMMETTS CREEK,E FLEENER RD,,,,39.13978,-86.53755,COUNTY RD,N,RURAL,N,N,N,,DAYLIGHT,CLEAR,DRY,,T-INTERSECTION,STRAIGHT/LEVEL,ASPHALT,ANIMAL/OBJECT IN RDWAY,COLLISION WITH DEER,EFLEENERRDNBRUMMETTSCREEKRD,NONE,2019-07-25 12:13:00,,,
MONROE SD,BLOOMINGTON,2,0.0,0.0,0.0,0.0,436.0,,,S WESTERN,,,,,39.227094822472424,-86.59274634483205,LOCAL/CITY RD,Y,URBAN,N,N,N,,UNKNOWN,CLEAR,DRY,,NO JUNCTION INVOLVED,STRAIGHT/LEVEL,ASPHALT,UNSAFE LN MOVEMENT,SAME DIRECTION SIDESWIPE,SWESTERNDR,NONE,2019-07-25 08:00:00,,,
BLOOMINGTON PD,BLOOMINGTON,3,0.0,2.0,0.0,0.0,,,,W 12TH,N ILLINOIS ST,,,,39.14920356813577,-86.51741539634982,LOCAL/CITY RD,N,URBAN,N,N,N,,DAYLIGHT,CLEAR,DRY,,T-INTERSECTION,STRAIGHT/LEVEL,ASPHALT,UNSAFE SPEED,SAME DIRECTION SIDESWIPE,ILLINOISSTW12THST,STOP SIGN,2019-07-25 18:25:00,,,
BLOOMINGTON PD,BLOOMINGTON,2,0.0,1.0,0.0,0.0,,,,E WINSLOW,S WALNUT ST PK,,,,39.16063887903018,-86.5827249762091,LOCAL/CITY RD,N,URBAN,N,N,N,,DAYLIGHT,CLEAR,DRY,,NO JUNCTION INVOLVED,STRAIGHT/LEVEL,ASPHALT,FOLLOWING TOO CLOSELY,REAR END,EWINSLOWRDSWALNUTSTPK,NONE,2019-07-26 15:35:00,,,
INDIANA UNIV BLOOMINGTON PD,BLOOMINGTON,2,0.0,0.0,0.0,0.0,,,,E 3RD,S SWAIN AVE,,100.0,W,39.164283335213156,-86.47209556089733,LOCAL/CITY RD,N,URBAN,N,N,N,,DAYLIGHT,CLEAR,DRY,,NO JUNCTION INVOLVED,STRAIGHT/GRADE,ASPHALT,UNSAFE LN MOVEMENT,SAME DIRECTION SIDESWIPE,SWAINAVE 3RDST,LN CONTROL,2019-07-26 20:40:00,,,
ISP BLOOMINGTON 33,BLOOMINGTON,2,0.0,0.0,0.0,0.0,,,,ST RD 46,S PARK RIDGE RD,,,,39.164249893787726,-86.51529070465601,LOCAL/CITY RD,N,URBAN,N,N,N,,DARK (LIGHTED),CLEAR,DRY,,FOUR-WAY INTERSECTION,STRAIGHT/LEVEL,ASPHALT,FAILURE TO YIELD RIGHT OF WAY,RIGHT ANGLE,3RDSTSOUTHPARKRIDGERD,STOP SIGN,2019-07-26 14:05:00,,,
BLOOMINGTON PD,BLOOMINGTON,2,0.0,0.0,0.0,0.0,,,,W 2ND,S WALKER ST,,,,39.16071298317109,-86.54849310986273,UNKNOWN,N,URBAN,N,N,N,,DAYLIGHT,CLEAR,DRY,,FOUR-WAY INTERSECTION,STRAIGHT/LEVEL,ASPHALT,FOLLOWING TOO CLOSELY,REAR END,SWALKERSTW 2NDST,TRAFFIC CONTROL SIGNAL,2019-07-26 17:20:00,,,
BLOOMINGTON PD,BLOOMINGTON,2,0.0,0.0,0.0,0.0,,,,S WALNUT,E MILLER DR,,200.0,N,39.178947538434905,-86.53351437020031,LOCAL/CITY RD,N,URBAN,N,N,N,,DAYLIGHT,CLEAR,DRY,,NO JUNCTION INVOLVED,STRAIGHT/LEVEL,ASPHALT,FOLLOWING TOO CLOSELY,REAR END,MILLERDRWALNUTST,LN CONTROL,2019-07-26 08:30:00,,,
ISP BLOOMINGTON 33,BLOOMINGTON,1,0.0,2.0,0.0,0.0,,,,ST RD 37,E SMITHVILLE RD,,300.0,N,39.15122376894508,-86.58264912219495,ST RD,N,RURAL,N,N,N,,DAYLIGHT,CLEAR,DRY,,NO JUNCTION INVOLVED,STRAIGHT/GRADE,ASPHALT,RAN OFF RD RIGHT,RAN OFF RD,SMITHVILLERDST RD 37,LN CONTROL,2019-07-26 08:18:00,,,
MONROE SD,BLOOMINGTON,1,0.0,0.0,0.0,1.0,,,,N MT TABOR,N BOTTOM RD,,500.0,N,39.1675348670537,-86.53360258096134,COUNTY RD,N,RURAL,N,N,N,,DARK (NOT LIGHTED),CLEAR,DRY,,NO JUNCTION INVOLVED,STRAIGHT/LEVEL,ASPHALT,ANIMAL/OBJECT IN RDWAY,COLLISION WITH DEER,NBOTTOMRDNMOUNTTABORRD,NONE,2019-07-26 21:30:00,,,
INDIANA UNIV BLOOMINGTON PD,BLOOMINGTON,1,0.0,0.0,0.0,0.0,,,,N SUNRISE,E 7TH ST,,300.0,N,39.17322923670807,-86.53609560183828,LOCAL/CITY RD,N,URBAN,N,N,N,,DAYLIGHT,CLEAR,DRY,,NO JUNCTION INVOLVED,STRAIGHT/LEVEL,ASPHALT,UNSAFE BACKING,OTHER - EXPLAIN IN NARRATIVE,E7THSTNSUNRISEAVE,NONE,2019-07-26 09:30:00,,,
MONROE SD,BLOOMINGTON,2,0.0,0.0,0.0,0.0,,,,S CURRY,W BELLE AVE,,,,39.138196417440085,-86.58262164966219,LOCAL/CITY RD,N,URBAN,N,N,N,,DAYLIGHT,CLEAR,DRY,,T-INTERSECTION,STRAIGHT/LEVEL,ASPHALT,FAILURE TO YIELD RIGHT OF WAY,RIGHT ANGLE,SCURRYPKWBELLEAVE,STOP SIGN,2019-07-26 10:01:00,,,
ELLETTSVILLE PD,ELLETTSVILLE,2,0.0,0.0,0.0,0.0,,,,ST RD 46,N SEASONS DR,,,,39.19369,-86.57130342,ST RD,N,URBAN,N,N,N,,DAYLIGHT,CLEAR,DRY,,NO JUNCTION INVOLVED,STRAIGHT/LEVEL,ASPHALT,FAILURE TO YIELD RIGHT OF WAY,SAME DIRECTION SIDESWIPE,RIDGEWOODDRST RD 46 W,OTHER REGULATORY SIGN/MARKING,2019-07-26 09:54:00,,,
BLOOMINGTON PD,BLOOMINGTON,2,0.0,2.0,0.0,0.0,,,,W BLOOMFIELD,I-69 N,Y,,,39.17324653705354,-86.55512066253655,ST RD,N,URBAN,N,N,N,,DAYLIGHT,CLEAR,DRY,,FOUR-WAY INTERSECTION,STRAIGHT/LEVEL,ASPHALT,FAILURE TO YIELD RIGHT OF WAY,LEFT TURN,N ST RD 37WBLOOMFIELDRD,TRAFFIC CONTROL SIGNAL,2019-07-27 19:59:00,,,
BLOOMINGTON PD,BLOOMINGTON,2,0.0,0.0,0.0,0.0,,,,N WALNUT,,,700.0,N,39.201830981486395,-86.58540875817062,LOCAL/CITY RD,N,URBAN,N,N,N,,DAYLIGHT,CLEAR,DRY,,NO JUNCTION INVOLVED,STRAIGHT/LEVEL,ASPHALT,FOLLOWING TOO CLOSELY,REAR END,NWALNUTSTST RD 46 W,NONE,2019-07-27 12:14:00,,,
BLOOMINGTON PD,BLOOMINGTON,1,0.0,0.0,0.0,0.0,,,,W GRIMES,S MORTON ST,,,,39.33455488004425,-86.58610101478098,LOCAL/CITY RD,N,URBAN,Y,N,N,,DARK (LIGHTED),CLOUDY,DRY,,T-INTERSECTION,STRAIGHT/GRADE,ASPHALT,OTHER (DRIVER) - EXPLAIN IN NARRATIVE,OTHER - EXPLAIN IN NARRATIVE,GRIMESLNMORTONST,NONE,2019-07-27 01:04:00,,,
BLOOMINGTON PD,BLOOMINGTON,2,0.0,0.0,0.0,0.0,,,,ST RD 45/46,N COLLEGE AVE,,,,39.166553992005525,-86.53492656477071,ST RD,N,URBAN,N,N,N,,DARK (LIGHTED),CLEAR,DRY,,NO JUNCTION INVOLVED,STRAIGHT/LEVEL,ASPHALT,FAILURE TO YIELD RIGHT OF WAY,HEAD ON BETWEEN TWO MOTOR VEHICLES,ST RD 4546EWALNUTST,TRAFFIC CONTROL SIGNAL,2019-07-28 22:02:00,,,
MONROE SD,BLOOMINGTON,2,0.0,0.0,0.0,0.0,,,,E SMITHVILLE,ST RD 37,,,,39.08954490380274,-86.41977949851054,LOCAL/CITY RD,N,RURAL,N,N,N,,DARK (NOT LIGHTED),CLEAR,DRY,,FOUR-WAY INTERSECTION,STRAIGHT/LEVEL,ASPHALT,FOLLOWING TOO CLOSELY,REAR END,ESMITHVILLERDSIN37RD,STOP SIGN,2019-07-28 22:00:00,,,
MONROE SD,BLOOMINGTON,1,0.0,0.0,0.0,0.0,,,,N CURRY,N LINTEL DR,,,,39.07346106,-86.50460699,LOCAL/CITY RD,Y,RURAL,N,N,N,,DAYLIGHT,CLEAR,DRY,,NO JUNCTION INVOLVED,STRAIGHT/LEVEL,ASPHALT,RAN OFF RD RIGHT,RAN OFF RD,LINTELDRNCURRYPK,NONE,2019-07-28 09:31:00,,,
MONROE SD,BLOOMINGTON,2,0.0,0.0,0.0,0.0,,,,ST RD 446,E WALDRIP CREEK RD,,3400.0,N,39.16463,-86.53489,ST RD,N,RURAL,N,N,N,,DAYLIGHT,CLEAR,DRY,,NO JUNCTION INVOLVED,STRAIGHT/LEVEL,CONCRETE,FOLLOWING TOO CLOSELY,REAR END,EWALDRIPCREEKRDST RD 446S,NONE,2019-07-28 15:36:00,,,
MONROE SD,BLOOMINGTON,1,0.0,1.0,0.0,0.0,1550.0,,,ST RD 446,,,,,41.38015384638823,-85.07449518156093,ST RD,N,RURAL,N,N,N,,DAWN/DUSK,CLEAR,DRY,,NO JUNCTION INVOLVED,CURVE/LEVEL,ASPHALT,RAN OFF RD RIGHT,RAN OFF RD,ST RD 446N,NONE,2019-07-28 05:56:00,,,
BLOOMINGTON PD,BLOOMINGTON,2,0.0,0.0,0.0,0.0,,I-69,,W 3RD,I-69,,,,39.1869186398579,-86.5513102988751,LOCAL/CITY RD,Y,URBAN,N,N,N,,DAYLIGHT,RAIN,WATER (STANDING OR MOVING),,INTERCHANGE,STRAIGHT/LEVEL,CONCRETE,DISREGARD SIGNAL/REG SIGN,LEFT TURN,W 3RDST,LN CONTROL,2019-07-29 15:30:00,,,
BLOOMINGTON PD,BLOOMINGTON,2,0.0,0.0,0.0,0.0,,,,N WALNUT,ST RD 45/46,,,,39.166663173724395,-86.54964236374256,LOCAL/CITY RD,Y,URBAN,N,N,N,,DAYLIGHT,RAIN,WET,,FOUR-WAY INTERSECTION,STRAIGHT/LEVEL,ASPHALT,OTHER (VEHICLE) - EXPLAIN IN NARRATIVE,REAR END,NORTHCOLLEGEAVESTATERD46,LN CONTROL,2019-07-29 16:05:00,,,
INDIANA UNIV BLOOMINGTON PD,BLOOMINGTON,1,0.0,2.0,0.0,0.0,,,,E 10TH,N JEFFERSON ST,,,,39.16633168616479,-86.46613405400004,LOCAL/CITY RD,N,URBAN,N,N,N,,DAYLIGHT,CLEAR,DRY,,RAILRD CROSSINGS,CURVE/LEVEL,ASPHALT,OVERCORRECTING/OVERSTEERING,COLLISION WITH OBJECT IN RD,10THSTJEFFERSONST,LN CONTROL,2019-07-29 11:46:00,,,
MONROE SD,BLOOMINGTON,2,0.0,0.0,0.0,0.0,,,,S WALNUT,S ORCHARD LN,,,,39.16656839924097,-86.53491533704886,LOCAL/CITY RD,N,URBAN,N,N,N,,DAYLIGHT,CLEAR,DRY,,NO JUNCTION INVOLVED,STRAIGHT/LEVEL,ASPHALT,FOLLOWING TOO CLOSELY,REAR END,SOLDSTATERD37ROWSORCHARDLN,NONE,2019-07-29 14:09:00,,,
MONROE SD,BLOOMINGTON,1,0.0,0.0,0.0,1.0,,,,ST RD 37,E SMITHVILLE RD,,200.0,N,39.23839272813517,-86.53813065451529,ST RD,N,RURAL,N,N,N,,DAYLIGHT,RAIN,WET,,FOUR-WAY INTERSECTION,STRAIGHT/LEVEL,ASPHALT,ANIMAL/OBJECT IN RDWAY,COLLISION WITH DEER,SMITHVILLERDN ST RD 37,NONE,2019-07-29 15:46:00,,,
INDIANA UNIV BLOOMINGTON PD,BLOOMINGTON,1,1.0,0.0,0.0,0.0,,,,N DUNN,E 20TH ST,,,,39.14689,-86.53265,LOCAL/CITY RD,N,URBAN,N,N,N,,DAYLIGHT,CLEAR,DRY,,NO JUNCTION INVOLVED,STRAIGHT/GRADE,ASPHALT,OTHER (ENVIRONMENTAL) - EXPLAIN IN NARR,NON-COLLISION,DUNNSTTWENTIETHST,NONE,2019-07-29 13:12:00,,,
BLOOMINGTON PD,BLOOMINGTON,2,0.0,0.0,0.0,0.0,,,,N SMITH,E GRANDVIEW DR,,,,39.18184,-86.53213518,LOCAL/CITY RD,N,URBAN,N,N,N,,DAYLIGHT,RAIN,WET,,T-INTERSECTION,STRAIGHT/GRADE,ASPHALT,FOLLOWING TOO CLOSELY,REAR END,EGRANDVIEWDRNSMITHRD,NONE,2019-07-29 16:28:00,,,
INDIANA UNIV BLOOMINGTON PD,BLOOMINGTON,2,0.0,0.0,0.0,0.0,,,,ST RD 45/46,N MARTHA ST,,,,39.15936,-86.53365,ST RD,N,URBAN,N,N,N,,DAYLIGHT,RAIN,WET,,NO JUNCTION INVOLVED,STRAIGHT/LEVEL,ASPHALT,SPEED TOO FAST FOR WEATHER CONDITIONS,REAR END,MARTHASTST RD 46,NONE,2019-07-29 17:25:00,,,
BLOOMINGTON PD,BLOOMINGTON,2,0.0,0.0,0.0,0.0,,,,W 6TH,N WALNUT ST,,100.0,W,39.17088423312133,-86.54807644302608,LOCAL/CITY RD,Y,URBAN,N,N,N,,DAYLIGHT,CLEAR,DRY,,FOUR-WAY INTERSECTION,STRAIGHT/GRADE,ASPHALT,IMPROPER TURNING,SAME DIRECTION SIDESWIPE,NWALNUTSTW6THST,NONE,2019-07-29 08:30:00,,,
ISP BLOOMINGTON 33,BLOOMINGTON,2,0.0,0.0,0.0,0.0,,,,W COUNTY CLUB,S WALNUT ST,,,,39.17229969070947,-86.3987020065287,LOCAL/CITY RD,N,URBAN,N,N,N,,DAYLIGHT,CLEAR,DRY,,FOUR-WAY INTERSECTION,STRAIGHT/LEVEL,ASPHALT,FOLLOWING TOO CLOSELY,REAR END,COUNTYCLUBDRWALNUTST,TRAFFIC CONTROL SIGNAL,2019-07-29 10:56:00,,,
MONROE SD,BLOOMINGTON,1,1.0,0.0,0.0,0.0,,,,N CURRY,W VERNAL PK,,1500.0,S,39.16502095739536,-86.5865642791413,COUNTY RD,Y,URBAN,N,N,N,,DAYLIGHT,CLEAR,DRY,,NO JUNCTION INVOLVED,STRAIGHT/GRADE,ASPHALT,RAN OFF RD RIGHT,,NORTHCURRYPKWESTVERNALPK,NONE,2019-07-30 14:25:00,,,
MONROE SD,BLOOMINGTON,2,0.0,0.0,0.0,0.0,,,,N CURRY,W JONATHAN DR,,400.0,S,39.17418653172736,-86.55141594661369,COUNTY RD,N,URBAN,N,N,N,,DAYLIGHT,CLEAR,DRY,,T-INTERSECTION,STRAIGHT/LEVEL,ASPHALT,FAILURE TO YIELD RIGHT OF WAY,RIGHT TURN,NORTHCURRYPKWESTJONATHANDR,OTHER REGULATORY SIGN/MARKING,2019-07-30 13:40:00,,,
MONROE SD,BLOOMINGTON,2,1.0,0.0,0.0,0.0,,,,S WALNUT,W CHURCH LN,,,,39.1359726780899,-86.52882669380844,COUNTY RD,N,RURAL,N,N,N,,DAYLIGHT,CLEAR,DRY,,NO JUNCTION INVOLVED,STRAIGHT/LEVEL,ASPHALT,UNSAFE BACKING,BACKING CRASH,SOLDSTATE37RDWCHURCHLN,TRAFFIC CONTROL SIGNAL,2019-07-30 10:20:00,,,
BLOOMINGTON PD,BLOOMINGTON,2,0.0,0.0,0.0,0.0,,,,ST RD 46,S PARK RIDGE RD,,,,39.16421788072955,-86.51528411858447,LOCAL/CITY RD,N,URBAN,N,N,N,,DAYLIGHT,CLEAR,DRY,,FOUR-WAY INTERSECTION,STRAIGHT/LEVEL,ASPHALT,FAILURE TO YIELD RIGHT OF WAY,RIGHT ANGLE,E 3RDSTSPARKRIDGERD,STOP SIGN,2019-07-30 08:55:00,,,
MONROE SD,ELLETTSVILLE,4,0.0,1.0,0.0,0.0,,,,ST RD 46,W ARLINGTON RD,,300.0,W,39.1641864785856,-86.47633128959579,ST RD,N,RURAL,N,N,Y,LN CLOSURE,DAWN/DUSK,CLEAR,DRY,,NO JUNCTION INVOLVED,STRAIGHT/GRADE,CONCRETE,UNSAFE SPEED,REAR END,ST RD 46 WWARLINGTONRD,LN CONTROL,2019-07-30 06:57:00,,,
BLOOMINGTON PD,BLOOMINGTON,2,0.0,2.0,0.0,0.0,,,,S LIBERTY,W CONSTITUTION AVE,,,,39.16141188176832,-86.54616809433624,LOCAL/CITY RD,N,URBAN,N,N,N,,DAYLIGHT,CLEAR,DRY,,T-INTERSECTION,STRAIGHT/GRADE,ASPHALT,FOLLOWING TOO CLOSELY,REAR END,SLIBERTYDRWCONSTITUTIONAVE,NONE,2019-07-30 14:30:00,,,
MONROE SD,BLOOMINGTON,1,0.0,0.0,0.0,0.0,,,,S ST RD 37,S HARRODSBURG RD,,,,39.146862777966156,-86.53265469553855,ST RD,N,RURAL,N,N,N,,DARK (NOT LIGHTED),CLEAR,DRY,,Y-INTERSECTION,CURVE/GRADE,ASPHALT,RAN OFF RD RIGHT,RAN OFF RD,SHARRODSBURGRDS ST RD 37,NONE,2019-07-30 01:57:00,,,
BLOOMINGTON PD,BLOOMINGTON,2,0.0,1.0,0.0,0.0,,,,S ROGERS,W 3RD ST,,,,39.070870886098895,-86.53613629161794,LOCAL/CITY RD,N,URBAN,N,N,N,,DARK (LIGHTED),CLEAR,DRY,,FOUR-WAY INTERSECTION,STRAIGHT/GRADE,ASPHALT,FAILURE TO YIELD RIGHT OF WAY,HEAD ON BETWEEN TWO MOTOR VEHICLES,SROGERSSTW 3RDST,TRAFFIC CONTROL SIGNAL,2019-07-30 23:03:00,,,
MONROE SD,BLOOMINGTON,2,0.0,0.0,0.0,0.0,,,,ST RD 45,S LIBERTY DR,,,,39.31073055506969,-86.63321435091918,ST RD,N,URBAN,N,N,N,,DAYLIGHT,CLEAR,DRY,,FOUR-WAY INTERSECTION,STRAIGHT/LEVEL,ASPHALT,FAILURE TO YIELD RIGHT OF WAY,RIGHT ANGLE,SLIBERTYDRST RD 45 W,TRAFFIC CONTROL SIGNAL,2019-07-31 13:39:00,,,
BLOOMINGTON PD,BLOOMINGTON,2,0.0,0.0,0.0,0.0,,,,S COLLEGE,W KIRKWOOD AVE,,,,39.168502940009866,-86.51243977115203,LOCAL/CITY RD,N,URBAN,N,N,N,,DAYLIGHT,CLEAR,DRY,,FOUR-WAY INTERSECTION,STRAIGHT/GRADE,ASPHALT,DISREGARD SIGNAL/REG SIGN,RIGHT ANGLE,SCOLLEGEAVEWKIRKWOODAVE,TRAFFIC CONTROL SIGNAL,2019-07-31 19:15:00,,,
MONROE SD,BLOOMINGTON,1,0.0,0.0,0.0,0.0,,,,E BETHEL,N STIDD DR,,1000.0,W,39.1633,-86.58274,LOCAL/CITY RD,N,RURAL,N,N,N,,DAWN/DUSK,CLEAR,DRY,,NO JUNCTION INVOLVED,CURVE/LEVEL,ASPHALT,RAN OFF RD RIGHT,RAN OFF RD,EBETHELLNNSTIDDDR,NONE,2019-07-31 05:17:00,,,
MONROE SD,ELLETTSVILLE,2,0.0,0.0,0.0,0.0,,,,N MAPLE GROVE,W MAPLE GROVE RD,,1000.0,N,39.21858327916044,-86.60123434771279,LOCAL/CITY RD,N,RURAL,N,N,N,,DAYLIGHT,CLEAR,DRY,,NO JUNCTION INVOLVED,STRAIGHT/LEVEL,ASPHALT,UNSAFE LN MOVEMENT,SAME DIRECTION SIDESWIPE,NMAPLEGROVERDWMAPLEGROVERD,NONE,2019-07-31 16:15:00,,,
MONROE SD,BLOOMINGTON,2,0.0,0.0,0.0,0.0,,,,N PROFILE,ST RD 48,,,,39.14748039763909,-86.57294859162275,COUNTY RD,Y,RURAL,N,N,B,,DAYLIGHT,CLEAR,DRY,,FOUR-WAY INTERSECTION,STRAIGHT/LEVEL,ASPHALT,UNSAFE BACKING,BACKING CRASH,PROFILEPKWYW 3RDST,TRAFFIC CONTROL SIGNAL,2019-07-31 20:00:00,,,
ELLETTSVILLE PD,ELLETTSVILLE,2,0.0,0.0,0.0,0.0,,,,ST RD 46,JUDY ST,,50.0,W,39.186368,-86.5344,ST RD,N,URBAN,N,N,N,,DARK (LIGHTED),CLEAR,DRY,,NO JUNCTION INVOLVED,STRAIGHT/GRADE,ASPHALT,ENGINE FAILURE OR DEFECTIVE,BACKING CRASH,JUDYSTST RD 46 W,LN CONTROL,2019-07-31 22:43:00,,,
ISP BLOOMINGTON 33,BLOOMINGTON,1,0.0,2.0,0.0,0.0,,,,ST RD 46,S FRIENDSHIP RD,,1375.0,W,39.15335908685448,-86.53638143631316,ST RD,N,RURAL,N,N,N,,DAYLIGHT,CLEAR,DRY,,NO JUNCTION INVOLVED,CURVE/LEVEL,ASPHALT,RAN OFF RD RIGHT,RAN OFF RD,FRIENDSHIPRDST RD 46E,LN CONTROL,2019-07-31 14:00:00,,,
MONROE SD,ELLETTSVILLE,2,0.0,0.0,0.0,0.0,,,,ST RD 46,,,300.0,E,39.18619674969617,-86.534555275356,ST RD,N,RURAL,N,Y,N,,DAWN/DUSK,CLEAR,DRY,,NO JUNCTION INVOLVED,STRAIGHT/LEVEL,ASPHALT,UNSAFE LN MOVEMENT,SAME DIRECTION SIDESWIPE,ST RD 46 WWARLINGTONRD,NONE,2019-07-31 18:44:00,,,
INDIANA UNIV BLOOMINGTON PD,BLOOMINGTON,2,0.0,0.0,0.0,0.0,,,,ST RD 46,ST RD 46,,348.0,N,39.070885463303824,-86.53612279263159,ST RD,N,URBAN,N,N,N,,DAYLIGHT,CLEAR,DRY,,NO JUNCTION INVOLVED,STRAIGHT/GRADE,ASPHALT,UNSAFE LN MOVEMENT,SAME DIRECTION SIDESWIPE,EIGHTHSTST RD 46,NONE,2019-08-01 12:32:00,,,