Agency,City,Vehicles Involved,Trailers Involved,Number Injured,Number Dead,Number Deer,House Number,Roadway Interchange,Roadway Ramp,Roadway Id,Intersecting Road,Interchange,Feet From,Direction,Latitude,Longitude,Roadway Class,Hit and Run?,Locality,School Zone?,Rumble Strips?,Construction?,Construction Type,Light Condition,Weather Conditions,Surface Condition,Type of Median,Roadway Junction Type,Road Character,Roadway Surface,Primary Factor,Manner of Collision,Unique Location Id,Traffic Control,DateTime,Address Number,Cyclist Involved,Pedestrian Involved
BLOOMINGTON PD,BLOOMINGTON,1,0.0,1.0,0.0,0.0,,,,W BLOOMFIELD,S OAKDALE DR,,,,-3.4679552986198036e-06,-4.8093532140899245e-05,LOCAL/CITY RD,N,URBAN,N,N,N,,DAYLIGHT,CLEAR,DRY,,FOUR-WAY INTERSECTION,CURVE/GRADE,CONCRETE,RAN OFF RD RIGHT,RAN OFF RD,SOAKDALEDRWBLOOMFIELDRD,TRAFFIC CONTROL SIGNAL,2019-08-11 18:44:00,,,
MONROE SD,BLOOMINGTON,2,0.0,1.0,0.0,0.0,,,,I-69 S,,,5.0,N,39.05795606383421,-86.67143048435364,INTERSTATE,N,RURAL,N,Y,N,,DAYLIGHT,CLEAR,DRY,,NO JUNCTION INVOLVED,STRAIGHT/LEVEL,CONCRETE,UNSAFE LN MOVEMENT,SAME DIRECTION SIDESWIPE,I-69S109.5,NONE,2019-08-11 08:24:00,,,
BLOOMINGTON PD,BLOOMINGTON,1,0.0,0.0,0.0,0.0,,,,N ILLINOIS,W 11TH ST,,50.0,N,39.055440661306775,-86.40894263910764,LOCAL/CITY RD,Y,URBAN,N,N,N,,DARK (NOT LIGHTED),CLEAR,DRY,,NO JUNCTION INVOLVED,STRAIGHT/LEVEL,ASPHALT,RAN OFF RD RIGHT,RAN OFF RD,NILLINOISSTW11THST,NONE,2019-08-11 05:17:00,,,
MONROE SD,BLOOMINGTON,1,0.0,1.0,0.0,0.0,,,,S FAIRFAX,E CLEVE BUTCHER RD,,50.0,N,39.1171492722432,-86.5333622115154,COUNTY RD,N,RURAL,N,N,N,,UNKNOWN,CLEAR,DRY,,T-INTERSECTION,CURVE/LEVEL,ASPHALT,UNSAFE SPEED,RAN OFF RD,ECLEVEBUTCHERRDSFAIRFAXRD,NONE,2019-08-11 17:10:00,,,
BLOOMINGTON PD,BLOOMINGTON,2,0.0,0.0,0.0,0.0,,,,S WALNUT,E 3RD ST,,,,39.093293257367336,-86.59196435617542,LOCAL/CITY RD,N,URBAN,N,N,N,,DAYLIGHT,CLOUDY,DRY,,FOUR-WAY INTERSECTION,STRAIGHT/LEVEL,ASPHALT,DISREGARD SIGNAL/REG SIGN,RIGHT ANGLE,3RDSTWALNUTST,TRAFFIC CONTROL SIGNAL,2019-08-12 12:22:00,,,
BLOOMINGTON PD,BLOOMINGTON,2,0.0,0.0,0.0,0.0,,,,E 4TH,S DUNN ST,,75.0,W,39.162666250705406,-86.55051226334224,LOCAL/CITY RD,N,URBAN,N,N,N,,DAYLIGHT,CLOUDY,DRY,,NO JUNCTION INVOLVED,STRAIGHT/LEVEL,ASPHALT,OVERCORRECTING/OVERSTEERING,SAME DIRECTION SIDESWIPE,E4THSTSDUNNST,NONE,2019-08-12 10:47:00,,,
MONROE SD,BLOOMINGTON,2,0.0,2.0,0.0,0.0,,,,S ST RD 37,W MOORMAN RD,,100.0,N,39.1642,-86.49495,LOCAL/CITY RD,N,RURAL,N,N,N,,DAYLIGHT,CLEAR,DRY,,NO JUNCTION INVOLVED,STRAIGHT/LEVEL,ASPHALT,FAILURE TO YIELD RIGHT OF WAY,HEAD ON BETWEEN TWO MOTOR VEHICLES,SOLDSTATERD37RDWMOORMANRD,NONE,2019-08-12 16:51:00,,,
BLOOMINGTON PD,BLOOMINGTON,2,0.0,1.0,0.0,0.0,,,,S ROGERS,W COOLIDGE DR,,,,39.166544183983596,-86.45506315550595,LOCAL/CITY RD,N,URBAN,N,N,N,,DAYLIGHT,CLEAR,DRY,,FOUR-WAY INTERSECTION,STRAIGHT/LEVEL,ASPHALT,DRIVER DISTRACTED - EXPLAIN IN NARRATIVE,REAR END,SROGERSSTWCOOLIDGEDR,NONE,2019-08-12 15:15:00,,,
BLOOMINGTON PD,BLOOMINGTON,3,0.0,3.0,0.0,0.0,,,,W 3RD,S MULLER PKWY,,,,39.19366048016135,-86.57143233384997,LOCAL/CITY RD,N,URBAN,N,N,N,,DAYLIGHT,CLOUDY,DRY,,RAILRD CROSSINGS,STRAIGHT/LEVEL,ASPHALT,FOLLOWING TOO CLOSELY,REAR END,SMULLERPKWYW 3RDST,NONE,2019-08-12 11:15:00,,,
INDIANA UNIV BLOOMINGTON PD,BLOOMINGTON,2,0.0,0.0,0.0,0.0,1600.0,,,ST RD 45,N PETE LLIS DR,,,,39.16420849695504,-86.49826679908372,UNKNOWN,Y,URBAN,N,N,N,,DAYLIGHT,CLEAR,DRY,,NO JUNCTION INVOLVED,STRAIGHT/LEVEL,ASPHALT,OTHER (VEHICLE) - EXPLAIN IN NARRATIVE,OTHER - EXPLAIN IN NARRATIVE,E 10THSTST,NONE,2019-08-13 14:00:00,,,
BLOOMINGTON PD,BLOOMINGTON,2,0.0,1.0,0.0,0.0,,,,N WALNUT,N FRITZ DR,,,,39.164216818695536,-86.4982747047576,LOCAL/CITY RD,N,URBAN,N,N,N,,DAYLIGHT,CLEAR,DRY,,T-INTERSECTION,STRAIGHT/LEVEL,ASPHALT,STEERING FAILURE,REAR END,FRITZDRNWALNUTST,NONE,2019-08-13 18:18:00,,,
ELLETTSVILLE PD,ELLETTSVILLE,2,0.0,0.0,0.0,0.0,,,,S 2ND,ST RD 46,,,,39.179682681005886,-86.5073052017919,LOCAL/CITY RD,N,URBAN,N,N,N,,DAYLIGHT,CLEAR,DRY,,T-INTERSECTION,STRAIGHT/LEVEL,ASPHALT,UNSAFE BACKING,BACKING CRASH,2NDST46HWY,STOP SIGN,2019-08-13 14:38:00,,,
BLOOMINGTON PD,BLOOMINGTON,1,0.0,0.0,0.0,0.0,2500.0,,,S ROCKPORT,,,,,39.164200455691415,-86.51528842280827,UNKNOWN,Y,URBAN,N,N,N,,DARK (LIGHTED),RAIN,WET,,NO JUNCTION INVOLVED,CURVE/GRADE,ASPHALT,SPEED TOO FAST FOR WEATHER CONDITIONS,RAN OFF RD,ROCKPORTRD,NONE,2019-08-13 03:06:00,,,
BLOOMINGTON PD,BLOOMINGTON,2,0.0,1.0,0.0,0.0,3291.0,,,S WALNUT ST PK,,,,,,,LOCAL/CITY RD,N,URBAN,N,N,N,,DAYLIGHT,CLEAR,DRY,,NO JUNCTION INVOLVED,STRAIGHT/HILLCREST,ASPHALT,UNSAFE SPEED,RAN OFF RD,SWALNUTSTPK,NONE,2019-08-13 19:08:00,,,
ISP BLOOMINGTON 33,BLOOMINGTON,1,0.0,0.0,0.0,0.0,,,,ST RD 446,E HAYS RD,,,,39.07517559010618,-86.5070862918069,ST RD,N,RURAL,N,N,N,,DARK (NOT LIGHTED),CLEAR,WET,,T-INTERSECTION,CURVE/GRADE,ASPHALT,RAN OFF RD RIGHT,RAN OFF RD,EASTHAYSRDST RD 446,LN CONTROL,2019-08-13 06:02:00,,,
ELLETTSVILLE PD,ELLETTSVILLE,2,0.0,0.0,0.0,0.0,,,,ST RD 46,N BRIAR GATE DR,,200.0,E,39.140159815206935,-86.58260728288816,ST RD,N,URBAN,N,N,N,,DAYLIGHT,CLEAR,DRY,,NO JUNCTION INVOLVED,STRAIGHT/LEVEL,ASPHALT,FAILURE TO YIELD RIGHT OF WAY,RIGHT ANGLE,BRIARGATEDRST RD 46 W,LN CONTROL,2019-08-13 17:04:00,,,
MONROE SD,BLOOMINGTON,1,0.0,0.0,0.0,0.0,,,,ST RD 46,,,1200.0,E,39.21204281240388,-86.58704513002934,ST RD,N,URBAN,N,Y,N,,DAYLIGHT,CLOUDY,WET,,NO JUNCTION INVOLVED,STRAIGHT/HILLCREST,CONCRETE,RAN OFF RD RIGHT,RAN OFF RD,ST RD 46 WWARLINGTONRD,NONE,2019-08-13 08:30:00,,,
BLOOMINGTON PD,BLOOMINGTON,2,0.0,0.0,0.0,0.0,,,,W TAPP,S LEONARD SPRINGS RD,,,,39.1708929439222,-86.54810220456895,LOCAL/CITY RD,N,URBAN,N,N,N,,DAYLIGHT,CLEAR,DRY,,T-INTERSECTION,STRAIGHT/LEVEL,ASPHALT,FOLLOWING TOO CLOSELY,REAR END,SLEONARDSPRINGSRDWTAPPRD,STOP SIGN,2019-08-13 15:22:00,,,
BLOOMINGTON PD,BLOOMINGTON,2,0.0,0.0,0.0,0.0,,,,E WINSLOW,S WALNUT ST PK,,,,39.16458834287606,-86.58297080697761,LOCAL/CITY RD,N,URBAN,N,N,N,,DAYLIGHT,CLEAR,DRY,,FOUR-WAY INTERSECTION,STRAIGHT/LEVEL,ASPHALT,FOLLOWING TOO CLOSELY,REAR END,WALNUTSTPKWINSLOWRD,NONE,2019-08-14 07:50:00,,,
BLOOMINGTON PD,BLOOMINGTON,2,0.0,0.0,0.0,0.0,,,,ST RD 45/46,N DUNN ST,,150.0,W,39.16456763209472,-86.57622741431031,LOCAL/CITY RD,Y,URBAN,N,N,N,,DAYLIGHT,CLEAR,DRY,,NO JUNCTION INVOLVED,STRAIGHT/LEVEL,ASPHALT,UNSAFE LN MOVEMENT,SAME DIRECTION SIDESWIPE,ESTATERD46HWYNDUNNST,NONE,2019-08-14 17:50:00,,,
BLOOMINGTON PD,BLOOMINGTON,2,0.0,0.0,0.0,0.0,,,,S HENDERSON,E WINSLOW RD,,,,39.13595859070175,-86.53112481422355,LOCAL/CITY RD,N,URBAN,N,N,N,,DAYLIGHT,CLEAR,DRY,,FOUR-WAY INTERSECTION,STRAIGHT/LEVEL,ASPHALT,FOLLOWING TOO CLOSELY,REAR END,EASTWINSLOWRDSHENDERSONST,TRAFFIC CONTROL SIGNAL,2019-08-14 17:15:00,,,
MONROE SD,BLOOMINGTON,2,0.0,0.0,0.0,0.0,,,,N CURRY,W PROFILE PKWY,,,,39.10733800981157,-86.54488606796409,LOCAL/CITY RD,N,URBAN,N,N,N,,DAYLIGHT,CLEAR,DRY,,T-INTERSECTION,STRAIGHT/LEVEL,ASPHALT,FOLLOWING TOO CLOSELY,REAR END,NCURRYPKWPROFILEPKWY,TRAFFIC CONTROL SIGNAL,2019-08-14 12:36:00,,,
BLOOMINGTON PD,BLOOMINGTON,2,0.0,0.0,0.0,0.0,,,,W 3RD,S CORY LN,,,,38.88038714078657,-86.04540259728226,LOCAL/CITY RD,N,URBAN,N,N,N,,DAYLIGHT,CLEAR,DRY,,FOUR-WAY INTERSECTION,STRAIGHT/LEVEL,ASPHALT,FAILURE TO YIELD RIGHT OF WAY,LEFT TURN,SCORYLNW 3RDST,TRAFFIC CONTROL SIGNAL,2019-08-14 13:32:00,,,
BLOOMINGTON PD,BLOOMINGTON,2,0.0,0.0,0.0,0.0,,,,E ATWATER,S MITCHELL ST,,,,39.159299603383346,-86.52717019697062,LOCAL/CITY RD,N,URBAN,N,N,N,,DAYLIGHT,CLEAR,DRY,,FOUR-WAY INTERSECTION,STRAIGHT/LEVEL,ASPHALT,FAILURE TO YIELD RIGHT OF WAY,RIGHT ANGLE,EATWATERAVESMITCHELLST,STOP SIGN,2019-08-14 16:05:00,,,
MONROE SD,BLOOMINGTON,2,0.0,0.0,0.0,0.0,,,,S LAKE RIDGE,S POINTE RIDGE LN,,,,39.17458,-86.37843,UNKNOWN,N,RURAL,N,N,N,,DAYLIGHT,CLEAR,DRY,,NO JUNCTION INVOLVED,STRAIGHT/GRADE,ASPHALT,IMPROPER TURNING,RIGHT TURN,LAKERIDGEDRSPOINTERIDGELN,NONE,2019-08-14 16:35:00,,,
MONROE SD,BLOOMINGTON,2,0.0,0.0,0.0,0.0,,,,ST RD 45/46,,,2640.0,W,39.149712862052766,-86.53350021578548,ST RD,N,RURAL,N,Y,Y,X-OVER/LN SHIFT,DAYLIGHT,CLEAR,DRY,,NO JUNCTION INVOLVED,STRAIGHT/LEVEL,CONCRETE,FOLLOWING TOO CLOSELY,REAR END,NSTONELAKEDRST RD 46 W,LN CONTROL,2019-08-14 15:33:00,,,
BLOOMINGTON PD,BLOOMINGTON,2,0.0,0.0,0.0,0.0,,,,W KIRKWOOD,S MAPLE ST,,,,39.164775876974595,-86.59910228100864,LOCAL/CITY RD,N,URBAN,N,N,N,,DAYLIGHT,CLEAR,DRY,,FOUR-WAY INTERSECTION,STRAIGHT/LEVEL,ASPHALT,BRAKE FAILURE OR DEFECTIVE,REAR END,SMAPLESTWKIRKWOODAVE,LN CONTROL,2019-08-14 00:38:00,,,
BLOOMINGTON PD,BLOOMINGTON,2,0.0,1.0,0.0,0.0,,,,ST RD 45/46,N KINSER PK,,100.0,W,39.20077152500762,-86.54289243862553,LOCAL/CITY RD,N,URBAN,N,N,N,,DAYLIGHT,CLEAR,DRY,,FOUR-WAY INTERSECTION,STRAIGHT/LEVEL,ASPHALT,FOLLOWING TOO CLOSELY,REAR END,NKINSERPKWSTATERD4546RD,TRAFFIC CONTROL SIGNAL,2019-08-15 15:25:00,,,
BLOOMINGTON PD,BLOOMINGTON,2,0.0,0.0,0.0,0.0,,,,S CURRY,ST RD 48,,,,39.18636270283327,-86.54674676646653,LOCAL/CITY RD,N,URBAN,N,N,N,,DAYLIGHT,CLEAR,DRY,,FOUR-WAY INTERSECTION,STRAIGHT/GRADE,ASPHALT,FAILURE TO YIELD RIGHT OF WAY,LEFT TURN,CURRYPKW 3RDST,TRAFFIC CONTROL SIGNAL,2019-08-15 15:49:00,,,
MONROE SD,BLOOMINGTON,2,0.0,0.0,0.0,0.0,,,,S WALNUT,S ORCHARD LN,,450.0,N,39.014964080298085,-86.4821512581682,LOCAL/CITY RD,N,RURAL,N,N,N,,DAWN/DUSK,CLEAR,DRY,,NO JUNCTION INVOLVED,STRAIGHT/LEVEL,ASPHALT,BRAKE FAILURE OR DEFECTIVE,REAR END,SOLDSTATERD37RDSORCHARDLN,NONE,2019-08-15 07:44:00,,,
BLOOMINGTON PD,BLOOMINGTON,2,0.0,0.0,0.0,0.0,,,,E WINSLOW,S ALLENDALE DR,,,,39.16364,-86.64987,LOCAL/CITY RD,N,URBAN,N,N,N,,DAYLIGHT,CLEAR,DRY,,T-INTERSECTION,STRAIGHT/LEVEL,ASPHALT,FOLLOWING TOO CLOSELY,REAR END,EWINSLOWRDSALLENDALEDR,STOP SIGN,2019-08-15 13:40:00,,,
ISP BLOOMINGTON 33,BLOOMINGTON,1,0.0,1.0,0.0,1.0,,,,I-69 N,,,200.0,N,39.166625929329015,-86.53987774880817,INTERSTATE,N,RURAL,N,N,N,,DARK (NOT LIGHTED),CLEAR,DRY,,NO JUNCTION INVOLVED,CURVE/LEVEL,CONCRETE,ANIMAL/OBJECT IN RDWAY,COLLISION WITH DEER,I-69104.5,LN CONTROL,2019-08-15 21:13:00,,,
MONROE SD,ELLETTSVILLE,2,0.0,0.0,0.0,0.0,,,,N RIDGEWOOD,N CRIDER DR,,,,39.14977,-86.56889,COUNTY RD,Y,RURAL,N,N,N,,DAYLIGHT,CLEAR,DRY,,NO JUNCTION INVOLVED,STRAIGHT/GRADE,ASPHALT,IMPROPER LN USAGE,SAME DIRECTION SIDESWIPE,NCRIDERDRNRIDGEWOODDR,LN CONTROL,2019-08-15 13:11:00,,,
MONROE SD,BLOOMINGTON,2,0.0,0.0,0.0,0.0,,,,S FAIRFAX,E SANDERS SECOND AVE,,,,41.12433224846721,-85.18437321365826,LOCAL/CITY RD,N,URBAN,N,N,N,,DAYLIGHT,CLEAR,DRY,,NO JUNCTION INVOLVED,STRAIGHT/LEVEL,ASPHALT,FOLLOWING TOO CLOSELY,REAR END,ESANDERSSECONDAVESFAIRFAXRD,NONE,2019-08-15 07:22:00,,,
MONROE SD,BLOOMINGTON,1,0.0,0.0,0.0,1.0,,,,S FAIRFAX,E SCOTT RD,,200.0,N,39.17326,-86.55044,COUNTY RD,N,RURAL,N,N,N,,DARK (NOT LIGHTED),CLEAR,DRY,,T-INTERSECTION,STRAIGHT/GRADE,ASPHALT,ANIMAL/OBJECT IN RDWAY,COLLISION WITH DEER,FAIRFAXRDSCOTTLN,NONE,2019-08-15 03:43:00,,,
MONROE SD,BLOOMINGTON,1,0.0,0.0,0.0,0.0,,,,S FRIENDSHIP,E LAMPKINS RIDGE RD,,500.0,N,39.04580691770647,-86.49058061390679,COUNTY RD,N,RURAL,N,N,N,,DARK (NOT LIGHTED),CLEAR,DRY,,NO JUNCTION INVOLVED,CURVE/LEVEL,GRAVEL,DRIVER DISTRACTED - EXPLAIN IN NARRATIVE,RAN OFF RD,FRIENDSHIPRDLAMPKINSRIDGERD,NONE,2019-08-15 20:59:00,,,
MONROE SD,BLOOMINGTON,2,0.0,0.0,0.0,0.0,,,,W ROGERS,,,1500.0,W,39.1645441349322,-86.53365185034521,COUNTY RD,N,RURAL,N,N,N,,DAWN/DUSK,CLEAR,DRY,,NO JUNCTION INVOLVED,STRAIGHT/GRADE,ASPHALT,OTHER (DRIVER) - EXPLAIN IN NARRATIVE,OPPOSITE DIRECTION SIDESWIPE,SOLDSTATERD37RDWROGERSRD,NONE,2019-08-15 19:57:00,,,
ISP BLOOMINGTON 33,BLOOMINGTON,1,0.0,0.0,0.0,0.0,,,,I-69 S,ST RD 45,Y,500.0,N,39.16552356793661,-86.52822666877918,INTERSTATE,N,URBAN,N,N,N,,DAYLIGHT,CLEAR,DRY,,NO JUNCTION INVOLVED,CURVE/LEVEL,ASPHALT,RAN OFF RD RIGHT,RAN OFF RD,BLOOMFIELDRDI-69,LN CONTROL,2019-08-16 10:35:00,,,
BLOOMINGTON PD,BLOOMINGTON,3,0.0,1.0,0.0,0.0,,,,W COUNTRY CLUB,S WALNUT ST,,,,39.038566812389746,-86.53941464456416,LOCAL/CITY RD,N,URBAN,N,N,N,,DARK (LIGHTED),CLEAR,DRY,,FOUR-WAY INTERSECTION,STRAIGHT/GRADE,ASPHALT,OTHER (DRIVER) - EXPLAIN IN NARRATIVE,REAR END,SWALNUTSTWCOUNTRYCLUBDR,TRAFFIC CONTROL SIGNAL,2019-08-16 22:00:00,,,
MONROE SD,BLOOMINGTON,2,0.0,0.0,0.0,0.0,,,,N CURRY,W PROFILE PKWY,,500.0,N,39.14121336161692,-86.5388529830724,COUNTY RD,N,RURAL,N,N,N,,DAYLIGHT,CLEAR,DRY,,T-INTERSECTION,STRAIGHT/LEVEL,ASPHALT,FOLLOWING TOO CLOSELY,REAR END,NCURRYPKWPROFILEPKWY,NONE,2019-08-16 19:08:00,,,
MONROE SD,BLOOMINGTON,2,0.0,0.0,0.0,0.0,,,,I-69 S,,,0.0,N,39.164487512255505,-86.56269952725772,INTERSTATE,N,RURAL,N,N,N,,DAYLIGHT,CLEAR,DRY,,NO JUNCTION INVOLVED,STRAIGHT/GRADE,ASPHALT,UNSAFE LN MOVEMENT,SAME DIRECTION SIDESWIPE,I-69S124.5,LN CONTROL,2019-08-16 17:08:00,,,
MONROE SD,BLOOMINGTON,1,0.0,0.0,0.0,0.0,,,,S LEONARD SPRINGS,W CEDAR CHASE DR,,400.0,N,39.17147902396193,-86.49541326024692,LOCAL/CITY RD,N,RURAL,N,N,N,,DAYLIGHT,CLEAR,DRY,,NO JUNCTION INVOLVED,STRAIGHT/GRADE,ASPHALT,RAN OFF RD RIGHT,RAN OFF RD,SLEONARDSPRINGSRDWCEDARCHASEDR,LN CONTROL,2019-08-16 09:46:00,,,
DNR LAW ENFORCEMENT,ELLETTSVILLE,2,0.0,0.0,0.0,0.0,,,,ST RD 46,N RED HILL RD,,,,39.19138,-86.53308,ST RD,N,URBAN,N,N,N,,DAYLIGHT,CLOUDY,DRY,,NO JUNCTION INVOLVED,CURVE/GRADE,ASPHALT,FAILURE TO YIELD RIGHT OF WAY,LEFT TURN,REDHILLRDRDST RD 46 W,NONE,2019-08-16 14:48:00,,,
ISP BLOOMINGTON 33,BLOOMINGTON,2,0.0,0.0,0.0,0.0,,,,W 6TH,N COLLEGE AVE,,75.0,E,39.23195062149713,-86.62218549801733,LOCAL/CITY RD,N,URBAN,N,N,N,,DAYLIGHT,CLEAR,DRY,,NO JUNCTION INVOLVED,STRAIGHT/LEVEL,ASPHALT,IMPROPER TURNING,RIGHT TURN,6THSTCOLLEGEAVE,LN CONTROL,2019-08-16 07:35:00,,,
BLOOMINGTON PD,BLOOMINGTON,2,0.0,0.0,0.0,0.0,,,,W GOURLEY,W CASCADE AVE,,400.0,N,39.14107,-86.54566,LOCAL/CITY RD,N,URBAN,N,N,N,,DAYLIGHT,CLEAR,DRY,,NO JUNCTION INVOLVED,CURVE/LEVEL,ASPHALT,LEFT OF CENTER,SAME DIRECTION SIDESWIPE,WCASCADEAVEWGOURLEYPK,NONE,2019-08-16 15:16:00,,,
ELLETTSVILLE PD,ELLETTSVILLE,2,0.0,0.0,0.0,0.0,,,,W RITTER,S 1ST,,,,39.165648,-86.5336,LOCAL/CITY RD,N,URBAN,N,N,N,,DAWN/DUSK,CLEAR,DRY,,NO JUNCTION INVOLVED,STRAIGHT/HILLCREST,ASPHALT,FAILURE TO YIELD RIGHT OF WAY,RIGHT ANGLE,SOUTHFIRSTSTWESTRITTERST,STOP SIGN,2019-08-16 20:08:00,,,
ISP BLOOMINGTON 33,BLOOMINGTON,1,0.0,1.0,0.0,0.0,,,,N WAYPORT,E SAMPLE RD,,1500.0,N,39.04458788523558,-86.40821479653299,COUNTY RD,N,RURAL,N,N,N,,DAYLIGHT,CLEAR,DRY,,NO JUNCTION INVOLVED,CURVE/GRADE,ASPHALT,RAN OFF RD RIGHT,RAN OFF RD,SAMPLERDWAYPORTRD,LN CONTROL,2019-08-17 20:15:00,,,
ISP BLOOMINGTON 33,BLOOMINGTON,1,0.0,0.0,0.0,1.0,,,,E WINSLOW,S HIGH ST,,,,39.216582714499644,-86.59641604316126,LOCAL/CITY RD,N,RURAL,N,N,N,,DARK (LIGHTED),CLOUDY,DRY,,TRAFFIC CIRCLE/ROUNDABOUT,CURVE/GRADE,ASPHALT,ANIMAL/OBJECT IN RDWAY,COLLISION WITH DEER,HIGHSTWINSLOWRD,LN CONTROL,2019-08-17 20:57:00,,,
BLOOMINGTON PD,BLOOMINGTON,2,0.0,0.0,0.0,0.0,,,,S COLLEGE MALL,COLLEGE MALL ACCESS,,,,39.20565907007262,-86.57047657392164,LOCAL/CITY RD,N,URBAN,N,N,N,,DARK (LIGHTED),CLEAR,DRY,,FOUR-WAY INTERSECTION,STRAIGHT/LEVEL,ASPHALT,FAILURE TO YIELD RIGHT OF WAY,OPPOSITE DIRECTION SIDESWIPE,NACCESSTOCOLLEGEMALLRDSCOLLEGEMALLRD,TRAFFIC CONTROL SIGNAL,2019-08-17 23:00:00,,,
MONROE SD,BLOOMINGTON,2,0.0,1.0,0.0,0.0,,,,S LIBERTY,,,2000.0,N,39.13680124188328,-86.58261094948976,LOCAL/CITY RD,N,RURAL,N,N,N,,DAYLIGHT,CLOUDY,WET,,NO JUNCTION INVOLVED,STRAIGHT/LEVEL,ASPHALT,SPEED TOO FAST FOR WEATHER CONDITIONS,REAR END,SLIBERYDRWCONSTITUTIONAVE,NONE,2019-08-17 01:01:00,,,
MONROE SD,BLOOMINGTON,2,0.0,0.0,0.0,0.0,,,,W KIRKWOOD,N RITTER ST,,,,39.13599,-86.52881,LOCAL/CITY RD,Y,URBAN,N,N,N,,DAYLIGHT,CLEAR,DRY,,T-INTERSECTION,STRAIGHT/LEVEL,ASPHALT,UNSAFE SPEED,RIGHT ANGLE,NRITTERSTWKIRKWOODAVE,NONE,2019-08-17 18:03:00,,,
BLOOMINGTON PD,BLOOMINGTON,1,0.0,0.0,0.0,1.0,,,,W ST RD 37,E MEL CURRIE RD,,100.0,N,39.18629,-86.52841,COUNTY RD,N,RURAL,N,N,N,,DAYLIGHT,CLEAR,DRY,,NO JUNCTION INVOLVED,STRAIGHT/GRADE,ASPHALT,ANIMAL/OBJECT IN RDWAY,COLLISION WITH DEER,EMELCURRYRDNOLDSTATERD37HWY,NONE,2019-08-17 14:46:00,,,
BLOOMINGTON PD,BLOOMINGTON,2,0.0,0.0,0.0,0.0,,,,ST RD 45/46,N COLLEGE AVE,,,,39.136014765535414,-86.52688928048171,ST RD,N,URBAN,N,N,Y,WORK ON SHOULDER,DAYLIGHT,CLEAR,DRY,,FOUR-WAY INTERSECTION,STRAIGHT/LEVEL,ASPHALT,OVERCORRECTING/OVERSTEERING,SAME DIRECTION SIDESWIPE,NCOLLEGEAVEST RD 46 W,TRAFFIC CONTROL SIGNAL,2019-08-18 00:33:00,,,
BLOOMINGTON PD,BLOOMINGTON,2,0.0,0.0,0.0,0.0,,,,ST RD 45/46,N DUNN ST,,,,39.171935187401864,-86.5829864350804,ST RD,N,URBAN,N,N,N,,DAYLIGHT,CLEAR,DRY,,FOUR-WAY INTERSECTION,STRAIGHT/LEVEL,ASPHALT,FOLLOWING TOO CLOSELY,REAR END,NDUNNSTST RD 46E,TRAFFIC CONTROL SIGNAL,2019-08-18 11:33:00,,,
INDIANA UNIV BLOOMINGTON PD,BLOOMINGTON,2,0.0,0.0,0.0,0.0,,,,E 10TH,N JEFFERSON ST,,,,39.16445737093984,-86.56018034110795,LOCAL/CITY RD,N,URBAN,N,N,N,,DAYLIGHT,CLEAR,DRY,,T-INTERSECTION,STRAIGHT/LEVEL,ASPHALT,IMPROPER TURNING,LEFT/RIGHT TURN,10THSTJEFFERSONST,STOP SIGN,2019-08-18 12:40:00,,,
INDIANA UNIV BLOOMINGTON PD,BLOOMINGTON,2,0.0,0.0,0.0,0.0,,,,S HENDERSON,E ATWATER AVE,,,,39.16303468174463,-86.51421871321362,LOCAL/CITY RD,N,URBAN,N,N,N,,DAYLIGHT,CLEAR,DRY,,FOUR-WAY INTERSECTION,STRAIGHT/LEVEL,ASPHALT,DISREGARD SIGNAL/REG SIGN,RIGHT ANGLE,ATWATERAVEHENDERSONAVE,TRAFFIC CONTROL SIGNAL,2019-08-18 15:15:00,,,
MONROE SD,BLOOMINGTON,2,0.0,2.0,0.0,0.0,,,,S WALNUT,S ORCHARD LN,,200.0,S,39.03042930744188,-86.5065552522659,COUNTY RD,N,RURAL,N,N,N,,DAYLIGHT,CLEAR,DRY,,NO JUNCTION INVOLVED,STRAIGHT/GRADE,ASPHALT,LEFT OF CENTER,HEAD ON BETWEEN TWO MOTOR VEHICLES,SOLDSTATE37RDSORCHARDLN,LN CONTROL,2019-08-18 11:25:00,,,
MONROE SD,ELLETTSVILLE,2,0.0,0.0,0.0,0.0,,,,ST RD 46,W ARLINGTON RD,,,,39.18688450908161,-86.5464423991447,ST RD,N,RURAL,N,N,N,,DAYLIGHT,CLEAR,DRY,,T-INTERSECTION,CURVE/LEVEL,ASPHALT,FOLLOWING TOO CLOSELY,REAR END,NARLINIGTONRDST RD 46 W,TRAFFIC CONTROL SIGNAL,2019-08-18 16:49:00,,,
MONROE SD,BLOOMINGTON,1,0.0,0.0,0.0,0.0,,,,ST RD 48,W VERNAL PK,,500.0,W,39.16660315794397,-86.54224481914954,ST RD,N,RURAL,N,N,N,,DARK (NOT LIGHTED),CLEAR,WET,,T-INTERSECTION,CURVE/LEVEL,ASPHALT,UNSAFE SPEED,RAN OFF RD,ST RD 48WWVERNALPK,NONE,2019-08-18 21:30:00,,,