Agency,City,Vehicles Involved,Trailers Involved,Number Injured,Number Dead,Number Deer,House Number,Roadway Interchange,Roadway Ramp,Roadway Id,Intersecting Road,Interchange,Feet From,Direction,Latitude,Longitude,Roadway Class,Hit and Run?,Locality,School Zone?,Rumble Strips?,Construction?,Construction Type,Light Condition,Weather Conditions,Surface Condition,Type of Median,Roadway Junction Type,Road Character,Roadway Surface,Primary Factor,Manner of Collision,Unique Location Id,Traffic Control,DateTime,Address Number,Cyclist Involved,Pedestrian Involved
BLOOMINGTON PD,BLOOMINGTON,3,0.0,5.0,0.0,0.0,,,,ST RD 45/46,N KINSER PK,,300.0,W,39.19065954544213,-86.58318411302407,LOCAL/CITY RD,N,URBAN,N,N,N,,DAYLIGHT,CLEAR,DRY,,NO JUNCTION INVOLVED,STRAIGHT/GRADE,ASPHALT,DRIVER DISTRACTED - EXPLAIN IN NARRATIVE,REAR END,NKINSERPKWYWSTATERD46HWY,NONE,2019-09-12 15:20:00,,,
INDIANA UNIV BLOOMINGTON PD,BLOOMINGTON,2,0.0,0.0,0.0,0.0,,,,E 3RD,S HIGHLAND AVE,,,,39.09290702915276,-86.54604265738988,LOCAL/CITY RD,N,URBAN,N,N,N,,DAYLIGHT,CLEAR,DRY,,T-INTERSECTION,STRAIGHT/LEVEL,ASPHALT,UNSAFE LN MOVEMENT,SAME DIRECTION SIDESWIPE,HIGHLANDAVE 3RDST,LN CONTROL,2019-09-12 17:50:00,,,
BLOOMINGTON PD,BLOOMINGTON,2,0.0,0.0,0.0,0.0,,,,W ST RD 37,N WALNUT ST,,200.0,E,-1.2349466874545615e-05,-4.061121337877147e-05,LOCAL/CITY RD,N,URBAN,N,N,N,,DAYLIGHT,CLEAR,DRY,,NO JUNCTION INVOLVED,STRAIGHT/GRADE,ASPHALT,IMPROPER TURNING,LEFT TURN,NOLDST RD 37RDWALNUTST,LN CONTROL,2019-09-12 08:30:00,,,
MONROE SD,BLOOMINGTON,1,0.0,0.0,0.0,0.0,,,,S WALNUT,S ORCHARD LN,,300.0,S,39.168805826119446,-86.51618734455796,LOCAL/CITY RD,N,RURAL,N,N,Y,WORK ON SHOULDER,DAYLIGHT,CLEAR,DRY,,NO JUNCTION INVOLVED,STRAIGHT/LEVEL,ASPHALT,DRIVER DISTRACTED - EXPLAIN IN NARRATIVE,RAN OFF RD,SOLDSTATEROD37RDSORCHARDLN,NONE,2019-09-12 00:40:00,,,
ELLETTSVILLE PD,ELLETTSVILLE,2,0.0,0.0,0.0,0.0,,,,EDGEWOOD,EDGEWOOD DR,,,,39.17044,-86.52698,UNKNOWN,N,RURAL,Y,N,N,,DAYLIGHT,CLEAR,DRY,,T-INTERSECTION,STRAIGHT/GRADE,ASPHALT,DRIVER DISTRACTED - EXPLAIN IN NARRATIVE,REAR END,EDGEWOODDREDGEWOODDR,NONE,2019-09-12 14:40:00,,,
BLOOMINGTON PD,BLOOMINGTON,2,0.0,0.0,0.0,0.0,,,,N COLLEGE,W 8TH ST,,,,39.08634650957878,-86.51705063376346,LOCAL/CITY RD,N,URBAN,N,N,N,,DAYLIGHT,CLEAR,DRY,,FOUR-WAY INTERSECTION,STRAIGHT/LEVEL,ASPHALT,IMPROPER TURNING,LEFT TURN,COLLEGEAVEW8THST,NONE,2019-09-12 17:20:00,,,
BLOOMINGTON PD,BLOOMINGTON,2,0.0,0.0,0.0,0.0,,,,N GRANT,E 16TH ST,,,,39.1642,-86.49495,LOCAL/CITY RD,N,URBAN,N,N,N,,DARK (NOT LIGHTED),CLEAR,DRY,,NO JUNCTION INVOLVED,STRAIGHT/LEVEL,ASPHALT,FAILURE TO YIELD RIGHT OF WAY,RIGHT ANGLE,16THSTGRANTST,STOP SIGN,2019-09-12 21:30:00,,,
ELLETTSVILLE PD,ELLETTSVILLE,2,0.0,2.0,0.0,0.0,4455.0,,,N HARTSTRAIT,S PARK ST,,1000.0,S,39.17157,-86.51247,COUNTY RD,N,RURAL,N,N,N,,DAYLIGHT,CLEAR,DRY,,NO JUNCTION INVOLVED,CURVE/GRADE,ASPHALT,DRIVER DISTRACTED - EXPLAIN IN NARRATIVE,OPPOSITE DIRECTION SIDESWIPE,4455HARSTRAITRDPARKST,LN CONTROL,2019-09-12 07:33:00,,,
MONROE SD,BLOOMINGTON,2,0.0,0.0,0.0,0.0,,,,N ST RD 37,W BAYLES RD,,100.0,N,39.1859145911078,-86.5196682510072,COUNTY RD,N,RURAL,N,N,N,,DAWN/DUSK,CLEAR,DRY,,NO JUNCTION INVOLVED,STRAIGHT/LEVEL,ASPHALT,FOLLOWING TOO CLOSELY,REAR END,EBAYLESRDNSTATEBUSINESS37RD,LN CONTROL,2019-09-12 06:44:00,,,
INDIANA UNIV BLOOMINGTON PD,BLOOMINGTON,1,0.0,0.0,0.0,0.0,,,,S WOODLAWN,E 3RD ST,,,,39.17325230650081,-86.51896194109933,LOCAL/CITY RD,N,URBAN,N,N,N,,DAYLIGHT,CLEAR,DRY,,T-INTERSECTION,STRAIGHT/LEVEL,ASPHALT,FAILURE TO YIELD RIGHT OF WAY,LEFT TURN,3RDSTWOODLAWNAVE,TRAFFIC CONTROL SIGNAL,2019-09-12 17:36:00,,True,
ISP BLOOMINGTON 33,BLOOMINGTON,2,,1.0,0.0,0.0,,,,W BAYLES,N NORTHWOODS LN,,0.0,S,39.17328,-86.53358,COUNTY RD,,RURAL,N,N,N,,DAYLIGHT,CLEAR,DRY,,T-INTERSECTION,,ASPHALT,FAILURE TO YIELD RIGHT OF WAY,HEAD ON BETWEEN TWO MOTOR VEHICLES,,,2019-09-12 16:34:00,,,
MONROE SD,BLOOMINGTON,1,0.0,1.0,0.0,0.0,,,,W COUNTRY CLUB,PRIVATE DR INTO WALNUT PARK SHOPPING CENTER,,200.0,W,39.16425,-86.52261,LOCAL/CITY RD,N,URBAN,N,N,N,,DAYLIGHT,CLEAR,DRY,,FOUR-WAY INTERSECTION,STRAIGHT/GRADE,ASPHALT,FAILURE TO YIELD RIGHT OF WAY,RIGHT ANGLE,COUNTRYCLUBDRSWALNUTST,NONE,2019-09-12 16:00:00,,True,
BLOOMINGTON PD,BLOOMINGTON,3,0.0,0.0,0.0,0.0,,,,ST RD 46,E 10TH ST,,300.0,S,-4.96054525279242e-05,-2.741986961057005e-05,ST RD,N,URBAN,N,N,N,,DARK (LIGHTED),CLEAR,DRY,,NO JUNCTION INVOLVED,STRAIGHT/GRADE,ASPHALT,FOLLOWING TOO CLOSELY,REAR END,E 10THSTST RD 46N,NONE,2019-09-13 21:21:00,,,
BLOOMINGTON PD,BLOOMINGTON,2,1.0,0.0,0.0,0.0,,,,S COLLEGE MALL,E 3RD ST,,,,39.166593578862475,-86.54220980421196,LOCAL/CITY RD,N,URBAN,N,N,N,,DAYLIGHT,CLEAR,DRY,,FOUR-WAY INTERSECTION,STRAIGHT/LEVEL,ASPHALT,UNSAFE LN MOVEMENT,LEFT/RIGHT TURN,COLLEGEMALLE 3RDST,TRAFFIC CONTROL SIGNAL,2019-09-13 15:29:00,,,
MONROE SD,BLOOMINGTON,2,0.0,0.0,0.0,0.0,,,,ST RD 45,S CURRY PK,,500.0,W,39.08676953750502,-86.67203709691417,ST RD,N,RURAL,N,N,N,,DAYLIGHT,CLEAR,DRY,,NO JUNCTION INVOLVED,STRAIGHT/LEVEL,ASPHALT,OTHER (VEHICLE) - EXPLAIN IN NARRATIVE,OTHER - EXPLAIN IN NARRATIVE,SCURRYPKST RD 45 W,NO PASSING ZONE,2019-09-13 11:50:00,,,
BLOOMINGTON PD,BLOOMINGTON,2,0.0,0.0,0.0,0.0,,,,W 3RD,S WALNUT ST,,,,39.173266681522676,-86.5189346253185,LOCAL/CITY RD,N,URBAN,N,N,Y,LN CLOSURE,DAYLIGHT,CLEAR,DRY,,FOUR-WAY INTERSECTION,STRAIGHT/LEVEL,ASPHALT,FAILURE TO YIELD RIGHT OF WAY,RIGHT ANGLE,SWALNUTSTW 3RDST,NONE,2019-09-13 11:17:00,,,
MONROE SD,BLOOMINGTON,2,0.0,0.0,0.0,0.0,,,,N CURRY,W VERNAL PK,,100.0,S,39.173274553647936,-86.53362353584527,COUNTY RD,Y,RURAL,N,N,N,,DARK (LIGHTED),CLEAR,DRY,,FOUR-WAY INTERSECTION,STRAIGHT/LEVEL,ASPHALT,FOLLOWING TOO CLOSELY,REAR END,NCURRYPKWVERNALPK,NONE,2019-09-13 21:00:00,,,
BLOOMINGTON PD,BLOOMINGTON,2,0.0,0.0,0.0,0.0,,,,E 3RD,S WOODSCREST DR,,200.0,W,39.15334938666204,-86.53372634133054,LOCAL/CITY RD,N,URBAN,N,N,N,,DAYLIGHT,CLEAR,DRY,,FOUR-WAY INTERSECTION,STRAIGHT/GRADE,ASPHALT,FOLLOWING TOO CLOSELY,REAR END,E 3RDSTSWOODCRESTDR,NONE,2019-09-13 17:50:00,,,
BLOOMINGTON PD,BLOOMINGTON,3,1.0,2.0,0.0,0.0,,,,ST RD 46,E 7TH ST,,50.0,W,39.179105305040444,-86.58310795167893,ST RD,N,URBAN,N,N,N,,DAYLIGHT,CLEAR,DRY,,NO JUNCTION INVOLVED,STRAIGHT/GRADE,ASPHALT,DRIVER DISTRACTED - EXPLAIN IN NARRATIVE,REAR END,E7THSTST RD 46S,NONE,2019-09-13 19:10:00,,,
INDIANA UNIV BLOOMINGTON PD,BLOOMINGTON,2,0.0,1.0,0.0,0.0,,,,ST RD 46,E ASTGATE LN,,165.0,S,39.19022143326102,-86.5825593974243,ST RD,N,URBAN,N,N,N,,DAYLIGHT,CLEAR,DRY,,NO JUNCTION INVOLVED,STRAIGHT/LEVEL,ASPHALT,FOLLOWING TOO CLOSELY,REAR END,EEASTGATELNST RD 46N,NONE,2019-09-13 17:55:00,,,
BLOOMINGTON PD,BLOOMINGTON,2,0.0,0.0,0.0,0.0,,,,S BASSWOOD,W BLOOMFIELD RD,,,,39.14684095390488,-86.53267482594146,LOCAL/CITY RD,N,URBAN,N,N,N,,DAYLIGHT,CLEAR,DRY,,FOUR-WAY INTERSECTION,STRAIGHT/GRADE,ASPHALT,FOLLOWING TOO CLOSELY,REAR END,BASSWOODDRWBLOOMFIELDRD,TRAFFIC CONTROL SIGNAL,2019-09-13 11:04:00,,,
BLOOMINGTON PD,BLOOMINGTON,2,0.0,0.0,0.0,0.0,,,,E 10TH,N DUNN ST,,,,39.18771851455662,-86.52854517225704,LOCAL/CITY RD,N,URBAN,N,N,N,,DAYLIGHT,CLEAR,DRY,,FOUR-WAY INTERSECTION,STRAIGHT/GRADE,ASPHALT,FOLLOWING TOO CLOSELY,REAR END,10STDUNNST,NONE,2019-09-13 09:50:00,,,
INDIANA UNIV BLOOMINGTON PD,BLOOMINGTON,2,0.0,0.0,0.0,0.0,,,,E 10TH,N PARK LN,,,,39.08591,-86.54225,LOCAL/CITY RD,N,URBAN,N,N,N,,DARK (NOT LIGHTED),CLEAR,DRY,,NO JUNCTION INVOLVED,STRAIGHT/LEVEL,ASPHALT,FOLLOWING TOO CLOSELY,REAR END,PARKAVETENTHST,NONE,2019-09-13 22:07:00,,,
INDIANA UNIV BLOOMINGTON PD,BLOOMINGTON,2,0.0,0.0,0.0,0.0,,,,E ATWATER,S HIGHLAND AVE,,,,39.23304938128743,-86.62548730996527,LOCAL/CITY RD,N,URBAN,N,N,N,,DAYLIGHT,CLEAR,DRY,,FOUR-WAY INTERSECTION,STRAIGHT/GRADE,ASPHALT,FAILURE TO YIELD RIGHT OF WAY,RIGHT ANGLE,ATWATERAVEHIGHLANDAVE,STOP SIGN,2019-09-13 14:43:00,,,
MONROE SD,BLOOMINGTON,1,0.0,3.0,0.0,0.0,,,,S HARMONY,,,2500.0,W,39.17146952406371,-86.49541895254711,COUNTY RD,N,RURAL,N,N,N,,DAYLIGHT,CLEAR,DRY,,NO JUNCTION INVOLVED,CURVE/LEVEL,ASPHALT,UNSAFE SPEED,RAN OFF RD,HARMONYRDVICTORPK,NONE,2019-09-13 16:30:00,,,
MONROE SD,BLOOMINGTON,3,0.0,1.0,0.0,0.0,,,,S ROGERS,W WALLS DR,,,,39.13602,-86.52688,COUNTY RD,N,URBAN,N,N,N,,DAYLIGHT,CLEAR,DRY,,T-INTERSECTION,STRAIGHT/GRADE,ASPHALT,FOLLOWING TOO CLOSELY,REAR END,EASTWALLSDRSOUTHROGERSST,NONE,2019-09-13 07:43:00,,,
BLOOMINGTON PD,BLOOMINGTON,2,0.0,0.0,0.0,0.0,1965.0,,,S WALNUT,,,,,39.19363763379839,-86.57140737690644,UNKNOWN,N,URBAN,N,N,N,,DAYLIGHT,CLEAR,DRY,,NO JUNCTION INVOLVED,STRAIGHT/LEVEL,ASPHALT,UNSAFE BACKING,BACKING CRASH,SWALNUTST,NONE,2019-09-13 18:26:00,,,
BLOOMINGTON PD,BLOOMINGTON,2,0.0,1.0,0.0,0.0,,,,ST RD 46,E 3RD ST,,50.0,N,39.1936667095981,-86.57139522611017,ST RD,N,URBAN,N,N,N,,DAYLIGHT,CLEAR,DRY,,NO JUNCTION INVOLVED,STRAIGHT/LEVEL,ASPHALT,FOLLOWING TOO CLOSELY,REAR END,E 3RDSTST RD 46S,NONE,2019-09-14 16:00:00,,,
ISP BLOOMINGTON 33,BLOOMINGTON,3,,0.0,0.0,0.0,,,,S GATES,ST RD 48,,10.0,E,39.18503712929337,-86.53774778257988,ST RD,,URBAN,N,N,N,,DAYLIGHT,CLEAR,DRY,,FOUR-WAY INTERSECTION,,ASPHALT,DISREGARD SIGNAL/REG SIGN,SAME DIRECTION SIDESWIPE,,,2019-09-14 08:05:00,,,
INDIANA UNIV BLOOMINGTON PD,BLOOMINGTON,2,0.0,0.0,0.0,0.0,,,,N EAGLESON AVE,E 17TH ST,,635.0,N,39.164891195405346,-86.61081890598452,LOCAL/CITY RD,Y,URBAN,N,N,N,,DAYLIGHT,CLEAR,DRY,,NO JUNCTION INVOLVED,CURVE/LEVEL,ASPHALT,IMPROPER LN USAGE,HEAD ON BETWEEN TWO MOTOR VEHICLES,EAST17THSTNEAGLESON AVEAVE,NONE,2019-09-14 13:05:00,,,
BLOOMINGTON PD,BLOOMINGTON,2,0.0,1.0,0.0,0.0,,,,N COLLEGE,W 9TH ST,,,,39.15931720102931,-86.53368962611017,LOCAL/CITY RD,N,URBAN,N,N,N,,DAYLIGHT,CLEAR,DRY,,NO JUNCTION INVOLVED,STRAIGHT/LEVEL,ASPHALT,FAILURE TO YIELD RIGHT OF WAY,SAME DIRECTION SIDESWIPE,9THSTCOLLEGEAVE,NONE,2019-09-14 12:11:00,,,
INDIANA UNIV BLOOMINGTON PD,BLOOMINGTON,2,0.0,0.0,0.0,0.0,,,,E 3RD,S HIGHLAND AVE,,,,39.02605069549957,-86.53451504565643,LOCAL/CITY RD,N,URBAN,N,N,N,,DAYLIGHT,CLEAR,DRY,,T-INTERSECTION,STRAIGHT/LEVEL,ASPHALT,UNSAFE LN MOVEMENT,SAME DIRECTION SIDESWIPE,HIGHLANDAVE 3RDST,LN CONTROL,2019-09-14 16:42:00,,,
BLOOMINGTON PD,BLOOMINGTON,1,0.0,1.0,0.0,0.0,,,,ST RD 45,N SMITH RD,,,,39.10673691753615,-86.55284421175836,LOCAL/CITY RD,N,URBAN,N,N,N,,DAYLIGHT,CLEAR,DRY,,T-INTERSECTION,CURVE/HILLCREST,ASPHALT,OVERCORRECTING/OVERSTEERING,OTHER - EXPLAIN IN NARRATIVE,EAST10THSTNORTHSMITHRD,NONE,2019-09-14 17:45:00,,,
BLOOMINGTON PD,BLOOMINGTON,3,0.0,0.0,0.0,0.0,,,,ST RD 45/46,N MONROE ST,,100.0,E,39.089758094971394,-86.66645770863056,LOCAL/CITY RD,N,RURAL,N,N,N,,DAYLIGHT,CLEAR,DRY,,NO JUNCTION INVOLVED,STRAIGHT/GRADE,ASPHALT,FOLLOWING TOO CLOSELY,REAR END,4546BYPMONROEST,NONE,2019-09-14 10:20:00,,,
BLOOMINGTON PD,BLOOMINGTON,2,0.0,0.0,0.0,0.0,,,,ST RD 45/46,N MONROE ST,,,,39.12785932390396,-86.60651994498463,ST RD,N,URBAN,N,N,Y,WORK ON SHOULDER,DAYLIGHT,CLEAR,DRY,,FOUR-WAY INTERSECTION,STRAIGHT/LEVEL,ASPHALT,FOLLOWING TOO CLOSELY,REAR END,NMONROESTST RD 46 W,LN CONTROL,2019-09-14 10:07:00,,,
MONROE SD,BLOOMINGTON,2,0.0,0.0,0.0,0.0,,,,ST RD 37,W DILLMAN RD,,,,39.16418748963934,-86.49308556152508,ST RD,N,RURAL,N,N,N,,DAYLIGHT,CLEAR,DRY,,FOUR-WAY INTERSECTION,STRAIGHT/LEVEL,ASPHALT,FAILURE TO YIELD RIGHT OF WAY,RIGHT ANGLE,S ST RD 37WDILLMANRD,FLASHING OVERHEAD BEACON,2019-09-14 16:29:00,,,
MONROE SD,BLOOMINGTON,1,0.0,0.0,0.0,0.0,700.0,,,E SAMPLE,W ST RD 37,,2100.0,W,39.18638193600394,-86.53774608644432,LOCAL/CITY RD,N,RURAL,N,N,N,,DARK (NOT LIGHTED),CLEAR,DRY,,NO JUNCTION INVOLVED,CURVE/GRADE,ASPHALT,ANIMAL/OBJECT IN RDWAY,COLLISION WITH OBJECT IN RD,700ESAMPLERDOLDST RD 37RD,LN CONTROL,2019-09-14 06:09:00,,,
MONROE SD,BLOOMINGTON,1,0.0,0.0,0.0,0.0,,,,ST RD 37,S ZIKES RD,,1500.0,N,39.16423875712127,-86.51775066112921,ST RD,N,RURAL,N,N,N,,DAYLIGHT,CLEAR,DRY,DRIVABLE,NO JUNCTION INVOLVED,STRAIGHT/LEVEL,ASPHALT,RAN OFF RD RIGHT,RAN OFF RD,SZIKESRDS ST RD 37,LN CONTROL,2019-09-14 17:03:00,,,
BLOOMINGTON PD,BLOOMINGTON,2,0.0,0.0,0.0,0.0,,,,N CLARK,E 7TH ST,,,,39.166741774901624,-86.53368917848016,LOCAL/CITY RD,Y,URBAN,N,Y,N,,DARK (NOT LIGHTED),CLEAR,DRY,,FOUR-WAY INTERSECTION,STRAIGHT/LEVEL,ASPHALT,UNSAFE BACKING,BACKING CRASH,E7THSTNCLARKST,NONE,2019-09-14 03:01:00,,,
BLOOMINGTON PD,BLOOMINGTON,2,0.0,0.0,0.0,0.0,800.0,,,N COLLEGE,W 14TH ST,,500.0,S,39.117165053307154,-86.53335755202308,LOCAL/CITY RD,N,URBAN,N,N,N,,DAYLIGHT,CLEAR,DRY,,NO JUNCTION INVOLVED,STRAIGHT/LEVEL,ASPHALT,IMPROPER TURNING,LEFT TURN,14THST800BLKNCOLLEGEAVE,LN CONTROL,2019-09-14 11:56:00,,,
ELLETTSVILLE PD,ELLETTSVILLE,4,0.0,0.0,0.0,0.0,,,,N HARTSTRAIT,CAMPBELLS PARK,,3500.0,N,39.23666,-86.63133,COUNTY RD,N,URBAN,N,N,N,,DAYLIGHT,CLEAR,DRY,,NO JUNCTION INVOLVED,CURVE/GRADE,ASPHALT,FOLLOWING TOO CLOSELY,REAR END,CAMPBELLSPARKDRHARTSTRAITRD,LN CONTROL,2019-09-14 00:40:00,,,
BLOOMINGTON PD,BLOOMINGTON,2,0.0,0.0,0.0,0.0,,,,N INDIANA,E 9TH ST,,,,39.169453629977376,-86.5348335879459,LOCAL/CITY RD,N,URBAN,N,N,N,,DAYLIGHT,CLEAR,DRY,,FOUR-WAY INTERSECTION,STRAIGHT/LEVEL,ASPHALT,FAILURE TO YIELD RIGHT OF WAY,RIGHT ANGLE,E9THSTNINDIANAAVE,STOP SIGN,2019-09-14 15:47:00,,,
BLOOMINGTON PD,BLOOMINGTON,2,0.0,1.0,0.0,0.0,,,,ST RD 45/46,ENTRANCE TO IU  10 ,,500.0,E,39.17776,-86.5297,ST RD,N,URBAN,N,N,N,,DAYLIGHT,CLEAR,DRY,,NO JUNCTION INVOLVED,STRAIGHT/LEVEL,ASPHALT,FAILURE TO YIELD RIGHT OF WAY,RIGHT ANGLE,NDUNNSTST RD 4546E,NONE,2019-09-14 16:35:00,,,
BLOOMINGTON PD,BLOOMINGTON,1,0.0,0.0,0.0,1.0,,,,W TAPP,S ADAMS ST,,100.0,W,39.22717011692816,-86.61981796189866,LOCAL/CITY RD,N,URBAN,N,N,N,,DARK (NOT LIGHTED),CLEAR,DRY,,NO JUNCTION INVOLVED,STRAIGHT/GRADE,ASPHALT,ANIMAL/OBJECT IN RDWAY,COLLISION WITH DEER,ADAMSRDTAPPRD,NONE,2019-09-14 05:30:00,,,
BLOOMINGTON PD,BLOOMINGTON,3,0.0,3.0,0.0,0.0,,,,ST RD 48,S CURRY PK,,,,39.21542852048402,-86.53705980679258,LOCAL/CITY RD,N,URBAN,N,N,N,,DAYLIGHT,CLEAR,DRY,,FOUR-WAY INTERSECTION,STRAIGHT/LEVEL,ASPHALT,FAILURE TO YIELD RIGHT OF WAY,LEFT TURN,SCURRYPKW 3RDST,TRAFFIC CONTROL SIGNAL,2019-09-15 10:49:00,,,
BLOOMINGTON PD,BLOOMINGTON,2,0.0,0.0,0.0,0.0,411.0,,,ALLEY,ALLEY,,,,39.164216718184605,-86.52262379008563,UNKNOWN,Y,URBAN,N,N,N,,DAYLIGHT,CLEAR,DRY,,NO JUNCTION INVOLVED,STRAIGHT/GRADE,ASPHALT,FAILURE TO YIELD RIGHT OF WAY,RIGHT ANGLE,W 3RDST,NONE,2019-09-15 17:34:00,,,
MONROE SD,BLOOMINGTON,1,0.0,0.0,0.0,1.0,,,,N WAYPORT,N TURNER DR,,500.0,N,39.21549,-86.54198,LOCAL/CITY RD,N,RURAL,N,N,N,,DAYLIGHT,CLEAR,DRY,,NO JUNCTION INVOLVED,CURVE/GRADE,ASPHALT,ANIMAL/OBJECT IN RDWAY,COLLISION WITH DEER,NTURNERDRNWAYPORTRD,LN CONTROL,2019-09-15 08:29:00,,,
INDIANA UNIV BLOOMINGTON PD,BLOOMINGTON,2,1.0,0.0,0.0,0.0,,,,ST RD 45/46,E 10TH ST,,,,39.135941592153074,-86.53113305736527,ST RD,N,URBAN,N,N,N,,DAYLIGHT,CLEAR,DRY,,FOUR-WAY INTERSECTION,STRAIGHT/LEVEL,ASPHALT,FOLLOWING TOO CLOSELY,REAR END,10THSTST RD 45S,TRAFFIC CONTROL SIGNAL,2019-09-16 08:46:00,,,
INDIANA UNIV BLOOMINGTON PD,BLOOMINGTON,2,0.0,0.0,0.0,0.0,,,,ST RD 45/46,E 17TH ST,,209.0,N,39.171586513932084,-86.50217950307771,ST RD,N,URBAN,N,Y,N,,DAYLIGHT,CLEAR,DRY,,T-INTERSECTION,STRAIGHT/LEVEL,ASPHALT,UNSAFE LN MOVEMENT,REAR END,EAST17THSTST RD 46,TRAFFIC CONTROL SIGNAL,2019-09-16 19:50:00,,,
MONROE SD,BLOOMINGTON,2,0.0,0.0,0.0,0.0,,,,ST RD 37,S ST RD 37,,,,39.16420448496912,-86.49829085096508,ST RD,N,RURAL,N,Y,N,,DAYLIGHT,CLEAR,DRY,,FOUR-WAY INTERSECTION,STRAIGHT/LEVEL,ASPHALT,DISREGARD SIGNAL/REG SIGN,OTHER - EXPLAIN IN NARRATIVE,SOUTHOLDSTATERD37RDS ST RD 37,TRAFFIC CONTROL SIGNAL,2019-09-16 10:01:00,,,
BLOOMINGTON PD,BLOOMINGTON,3,0.0,0.0,0.0,0.0,,,,ST RD 46,E 7TH ST,,,,39.14192020171966,-86.58260872416983,LOCAL/CITY RD,N,URBAN,N,N,N,,DARK (LIGHTED),CLEAR,DRY,,T-INTERSECTION,STRAIGHT/LEVEL,ASPHALT,FOLLOWING TOO CLOSELY,REAR END,E7THSTESTATERD46HWY,NONE,2019-09-16 20:55:00,,,
MONROE SD,BLOOMINGTON,1,0.0,1.0,0.0,0.0,,,,ST RD 48,W VERNAL PK,,3200.0,W,39.16454358001823,-86.53363111171409,ST RD,N,RURAL,N,N,N,,DARK (NOT LIGHTED),CLEAR,WET,,NO JUNCTION INVOLVED,CURVE/GRADE,ASPHALT,SPEED TOO FAST FOR WEATHER CONDITIONS,RAN OFF RD,ST RD 48WWESTVERNALPK,NONE,2019-09-16 04:42:00,,,
BLOOMINGTON PD,BLOOMINGTON,2,0.0,0.0,0.0,0.0,,,,E 4TH,S INDIANA AVE,,50.0,W,39.17911616739745,-86.58312978286408,LOCAL/CITY RD,N,URBAN,N,N,N,,DAYLIGHT,CLEAR,DRY,,NO JUNCTION INVOLVED,STRAIGHT/LEVEL,ASPHALT,FAILURE TO YIELD RIGHT OF WAY,SAME DIRECTION SIDESWIPE,E4THSTSINDIANAAVE,NONE,2019-09-16 10:43:00,,,
INDIANA UNIV BLOOMINGTON PD,BLOOMINGTON,2,0.0,0.0,0.0,0.0,,,,E 7TH,N CAMPBELL ST,,,,39.16427,-86.5024,,Y,URBAN,N,N,N,,DARK (LIGHTED),CLEAR,DRY,,NO JUNCTION INVOLVED,CURVE/LEVEL,ASPHALT,OTHER (VEHICLE) - EXPLAIN IN NARRATIVE,SAME DIRECTION SIDESWIPE,E7THSTNCAMPBELLST,NONE,2019-09-16 03:03:00,,,
MONROE SD,BLOOMINGTON,1,0.0,0.0,0.0,0.0,3078.0,,,E MATTATHA,,,,,39.167612986806574,-86.50007720352924,COUNTY RD,N,RURAL,N,N,N,,DAYLIGHT,CLEAR,DRY,,NO JUNCTION INVOLVED,STRAIGHT/LEVEL,ASPHALT,RAN OFF RD RIGHT,RAN OFF RD,EMATTATHADR,NONE,2019-09-16 08:46:00,,,
BLOOMINGTON PD,BLOOMINGTON,2,0.0,0.0,0.0,0.0,,,,E WYLIE,S WASHINGTON ST,,60.0,E,39.17012591217593,-86.50140984212439,,Y,RURAL,N,N,N,,UNKNOWN,CLEAR,DRY,,NO JUNCTION INVOLVED,STRAIGHT/GRADE,ASPHALT,UNSAFE LN MOVEMENT,OPPOSITE DIRECTION SIDESWIPE,WASHINGTONSTWYLIEST,NONE,2019-09-16 09:00:00,,,
INDIANA UNIV BLOOMINGTON PD,BLOOMINGTON,2,0.0,0.0,0.0,0.0,,,,N FISHER,N EAGLESON AVE,,,,39.14975623973867,-86.56891444281514,LOCAL/CITY RD,N,URBAN,N,N,N,,DAYLIGHT,CLEAR,DRY,,NO JUNCTION INVOLVED,STRAIGHT/LEVEL,ASPHALT,UNSAFE BACKING,SAME DIRECTION SIDESWIPE,NFISHERCTNEAGLESON AVEAVE,NONE,2019-09-16 13:30:00,,,
ELLETTSVILLE PD,ELLETTSVILLE,1,0.0,0.0,0.0,0.0,,,,N HARTSTRAIT,S PARK ST,,,,39.17162481980603,-86.52826628827592,LOCAL/CITY RD,N,URBAN,N,N,N,,DAYLIGHT,CLEAR,DRY,,Y-INTERSECTION,STRAIGHT/LEVEL,ASPHALT,RAN OFF RD RIGHT,RAN OFF RD,NORTHCAMPBELLSPARKRDNORTHHARTSTRAIGHTRD,STOP SIGN,2019-09-16 15:00:00,,,
MONROE SD,BLOOMINGTON,2,0.0,0.0,0.0,0.0,,,,S CRAMER,W ROCKCREST DR,,120.0,N,39.17165,-86.52465,LOCAL/CITY RD,Y,RURAL,N,N,N,,DARK (LIGHTED),CLEAR,DRY,,NO JUNCTION INVOLVED,STRAIGHT/LEVEL,ASPHALT,RAN OFF RD RIGHT,RAN OFF RD,ROCKCRESTDRSOUTHCRAMERCIRCLECIR,NONE,2019-09-16 00:15:00,,,