Agency,City,Vehicles Involved,Trailers Involved,Number Injured,Number Dead,Number Deer,House Number,Roadway Interchange,Roadway Ramp,Roadway Id,Intersecting Road,Interchange,Feet From,Direction,Latitude,Longitude,Roadway Class,Hit and Run?,Locality,School Zone?,Rumble Strips?,Construction?,Construction Type,Light Condition,Weather Conditions,Surface Condition,Type of Median,Roadway Junction Type,Road Character,Roadway Surface,Primary Factor,Manner of Collision,Unique Location Id,Traffic Control,DateTime,Address Number,Cyclist Involved,Pedestrian Involved
BLOOMINGTON PD,BLOOMINGTON,2,1.0,0.0,0.0,0.0,,,,S GRANT,W 4TH ST,,,,39.163022565477974,-86.51776825380756,LOCAL/CITY RD,N,URBAN,N,N,N,,DAYLIGHT,CLEAR,DRY,,FOUR-WAY INTERSECTION,STRAIGHT/LEVEL,ASPHALT,IMPROPER PASSING,SAME DIRECTION SIDESWIPE,SGRANTSTW4THST,NONE,2019-09-16 12:51:00,,,
BLOOMINGTON PD,BLOOMINGTON,1,0.0,1.0,0.0,0.0,,,,W 2ND,S PATTERSON DR,,,,,,LOCAL/CITY RD,N,URBAN,N,N,N,,DAYLIGHT,CLEAR,DRY,,FOUR-WAY INTERSECTION,STRAIGHT/LEVEL,CONCRETE,FAILURE TO YIELD RIGHT OF WAY,RIGHT TURN,SPATTERSONDRW 2NDST,TRAFFIC CONTROL SIGNAL,2019-09-17 15:25:00,,True,
MONROE SD,BLOOMINGTON,1,0.0,0.0,0.0,0.0,,,,N LOW GAP,,,5280.0,N,39.13414130529926,-86.53841492814045,LOCAL/CITY RD,N,RURAL,N,N,N,,DAYLIGHT,CLEAR,DRY,,NO JUNCTION INVOLVED,CURVE/LEVEL,ASPHALT,RAN OFF RD RIGHT,RAN OFF RD,ANDERSONRDLOWGAPRD,LN CONTROL,2019-09-17 12:59:00,,,
ELLETTSVILLE PD,ELLETTSVILLE,2,0.0,0.0,0.0,0.0,,,,S TURTLEBACK CREEK,S PARK ST,,300.0,N,39.18296278845348,-86.53411426240713,LOCAL/CITY RD,N,URBAN,N,N,N,,DAYLIGHT,CLEAR,DRY,,NO JUNCTION INVOLVED,STRAIGHT/GRADE,ASPHALT,VIEW OBSTRUCTED,BACKING CRASH,SOUTHPARKSTSOUTHTURTLEBACKCREEKRD,NONE,2019-09-17 15:48:00,,,
BLOOMINGTON PD,BLOOMINGTON,2,0.0,0.0,0.0,0.0,,,,S WALNUT,E RIDGEVIEW DR,,,,39.16433,-86.47207,LOCAL/CITY RD,N,URBAN,N,N,N,,DAYLIGHT,CLEAR,DRY,,FOUR-WAY INTERSECTION,STRAIGHT/HILLCREST,ASPHALT,FAILURE TO YIELD RIGHT OF WAY,RAN OFF RD,ERIDGEVIEWDRSWALNUTST,NONE,2019-09-17 17:10:00,,,
ELLETTSVILLE PD,ELLETTSVILLE,2,0.0,0.0,0.0,0.0,,,,ST RD 46,ENWRIGHT DR,,,,39.16458,-86.57619,ST RD,N,URBAN,N,N,N,,DAYLIGHT,CLEAR,DRY,,NO JUNCTION INVOLVED,CURVE/LEVEL,ASPHALT,FOLLOWING TOO CLOSELY,REAR END,ENWRIGHTDRST RD 46 W,NONE,2019-09-17 08:17:00,,,
INDIANA UNIV BLOOMINGTON PD,BLOOMINGTON,2,0.0,0.0,0.0,0.0,,,,E 3RD,S EAGLESON AVE,,117.0,W,39.17881813939057,-86.51247443511924,LOCAL/CITY RD,N,URBAN,N,N,N,,DAYLIGHT,CLEAR,DRY,,NO JUNCTION INVOLVED,STRAIGHT/LEVEL,ASPHALT,UNSAFE LN MOVEMENT,SAME DIRECTION SIDESWIPE,EAGLESON AVEAVE 3RDST,LN CONTROL,2019-09-18 11:21:00,,,
MONROE SD,BLOOMINGTON,2,0.0,0.0,0.0,0.0,,,,ST RD 45,W AIRPORT RD,,,,39.17042885755812,-86.53485739401464,ST RD,N,RURAL,N,N,N,,DARK (NOT LIGHTED),CLEAR,DRY,,T-INTERSECTION,STRAIGHT/GRADE,ASPHALT,FOLLOWING TOO CLOSELY,REAR END,AIRPORTRDST RD 45 W,TRAFFIC CONTROL SIGNAL,2019-09-18 21:04:00,,,
BLOOMINGTON PD,BLOOMINGTON,2,0.0,0.0,0.0,0.0,,,,W COUNTRY CLUB,S MADISON ST,,,,39.164260996150794,-86.51773114997654,LOCAL/CITY RD,N,URBAN,N,N,N,,DAYLIGHT,CLEAR,DRY,,T-INTERSECTION,STRAIGHT/LEVEL,CONCRETE,FAILURE TO YIELD RIGHT OF WAY,LEFT TURN,SOUTHMADISONSTWESTCOUNTRYCLUBDR,NONE,2019-09-18 18:00:00,,,
INDIANA UNIV BLOOMINGTON PD,BLOOMINGTON,2,0.0,0.0,0.0,0.0,1051.0,,,E 17TH,,,,,39.172628520039325,-86.48267895452295,UNKNOWN,Y,URBAN,N,N,N,,DAYLIGHT,CLEAR,DRY,,NO JUNCTION INVOLVED,STRAIGHT/LEVEL,ASPHALT,OTHER (DRIVER) - EXPLAIN IN NARRATIVE,OTHER - EXPLAIN IN NARRATIVE,E17THST,NONE,2019-09-18 12:00:00,,,
BLOOMINGTON PD,BLOOMINGTON,2,0.0,0.0,0.0,0.0,,,,E UNIVERSITY,S HENDERSON ST,,,,39.186763349505746,-86.54670578335909,,Y,,N,N,N,,DAYLIGHT,CLEAR,DRY,,FOUR-WAY INTERSECTION,STRAIGHT/LEVEL,ASPHALT,DISREGARD SIGNAL/REG SIGN,RIGHT ANGLE,EUNIVERSITYSTSHENDERSONST,STOP SIGN,2019-09-18 08:35:00,,,
ISP BLOOMINGTON 33,BLOOMINGTON,3,,1.0,0.0,0.0,,,,I-69 S,,,0.0,S,39.18679977128696,-86.54667125895035,INTERSTATE,,RURAL,N,N,N,,DARK (NOT LIGHTED),CLEAR,DRY,,NO JUNCTION INVOLVED,,ASPHALT,OTHER (DRIVER) - EXPLAIN IN NARRATIVE,OTHER - EXPLAIN IN NARRATIVE,,,2019-09-18 21:03:00,,,
ISP BLOOMINGTON 33,BLOOMINGTON,1,,1.0,0.0,0.0,,,,I-69 S,,,581.0,E,39.09291655918396,-86.5460464067657,INTERSTATE,,RURAL,N,N,N,,DARK (NOT LIGHTED),CLEAR,DRY,,NO JUNCTION INVOLVED,,ASPHALT,,RAN OFF RD,,,2019-09-18 21:01:00,,,
MONROE SD,BLOOMINGTON,1,0.0,0.0,0.0,0.0,,,,N FRONTAGE W,W SIMPSON CHAPEL RD,,,,39.26587318326579,-86.52287193122032,LOCAL/CITY RD,N,RURAL,N,N,N,,DARK (NOT LIGHTED),CLEAR,DRY,,NO JUNCTION INVOLVED,CURVE/LEVEL,ASPHALT,RAN OFF RD RIGHT,RAN OFF RD,BURMARDSIMPSONCHAPELRD,NONE,2019-09-18 06:09:00,,,
BLOOMINGTON PD,BLOOMINGTON,2,0.0,0.0,0.0,0.0,,,,N WASHINGTON,E 7TH ST,,,,39.04931251301033,-86.53635091871523,LOCAL/CITY RD,N,URBAN,N,N,N,,DAYLIGHT,CLEAR,DRY,,FOUR-WAY INTERSECTION,STRAIGHT/LEVEL,ASPHALT,DISREGARD SIGNAL/REG SIGN,OTHER - EXPLAIN IN NARRATIVE,E7THSTNWASHINGTONST,STOP SIGN,2019-09-18 16:22:00,,,
BLOOMINGTON PD,BLOOMINGTON,2,0.0,0.0,0.0,0.0,,,,S DUNN,E 4TH ST,,,,39.168186709667495,-86.50503407104519,LOCAL/CITY RD,Y,URBAN,N,N,N,,DAYLIGHT,CLEAR,DRY,,FOUR-WAY INTERSECTION,STRAIGHT/LEVEL,ASPHALT,OTHER (DRIVER) - EXPLAIN IN NARRATIVE,BACKING CRASH,E4THSTSDUNNST,STOP SIGN,2019-09-18 18:30:00,,,
BLOOMINGTON PD,BLOOMINGTON,2,0.0,1.0,0.0,0.0,,,,S LEONARD SPRINGS,W WOODHAVEN DR,,,,39.17592414592954,-86.53476275473191,LOCAL/CITY RD,N,URBAN,N,N,N,,DARK (NOT LIGHTED),CLEAR,DRY,,NO JUNCTION INVOLVED,STRAIGHT/LEVEL,ASPHALT,FAILURE TO YIELD RIGHT OF WAY,RIGHT ANGLE,LEONARDSPRINGSRDWOODHAVENDR,STOP SIGN,2019-09-18 21:00:00,,,
INDIANA UNIV BLOOMINGTON PD,BLOOMINGTON,2,0.0,0.0,0.0,0.0,,,,ST RD 45,ST RD 45/46,,,,39.22629425069631,-86.61636848384993,LOCAL/CITY RD,N,URBAN,N,N,N,,DAYLIGHT,CLEAR,DRY,,FOUR-WAY INTERSECTION,STRAIGHT/LEVEL,ASPHALT,FOLLOWING TOO CLOSELY,REAR END,ST RD 45ST RD 46,TRAFFIC CONTROL SIGNAL,2019-09-19 19:15:00,,,
BLOOMINGTON PD,BLOOMINGTON,2,0.0,1.0,0.0,0.0,,,,W 17TH,N KINSER PK,,,,39.17039530770866,-86.52702092904298,LOCAL/CITY RD,N,URBAN,N,N,N,,DAYLIGHT,CLEAR,DRY,,NO JUNCTION INVOLVED,STRAIGHT/GRADE,ASPHALT,UNSAFE LN MOVEMENT,LEFT TURN,KINSERPKWYW17THST,NONE,2019-09-19 07:35:00,,,
BLOOMINGTON PD,BLOOMINGTON,2,0.0,0.0,0.0,0.0,,,,E 3RD,S OVERHILL DR,,50.0,E,39.1715157217419,-86.49794987362822,LOCAL/CITY RD,N,URBAN,N,N,N,,DAYLIGHT,CLEAR,DRY,,NO JUNCTION INVOLVED,STRAIGHT/GRADE,ASPHALT,FOLLOWING TOO CLOSELY,REAR END,E 3RDSTSOVERHILLDR,NONE,2019-09-19 19:00:00,,,
MONROE SD,BLOOMINGTON,2,0.0,0.0,0.0,0.0,,,,ST RD 46,N CURRY PK,,,,39.136521420833816,-86.55444249520933,ST RD,N,URBAN,N,Y,Y,X-OVER/LN SHIFT,DAYLIGHT,CLEAR,DRY,DRIVABLE,FOUR-WAY INTERSECTION,STRAIGHT/LEVEL,ASPHALT,DRIVER DISTRACTED - EXPLAIN IN NARRATIVE,REAR END,NCURRYPKST RD 46 W,LN CONTROL,2019-09-19 17:43:00,,,
BLOOMINGTON PD,BLOOMINGTON,2,0.0,0.0,0.0,0.0,,,,W COUNTRY CLUB,S MADISON ST,,,,39.164625300378184,-86.58298993938756,LOCAL/CITY RD,N,URBAN,N,N,N,,DAYLIGHT,CLEAR,DRY,,T-INTERSECTION,STRAIGHT/GRADE,ASPHALT,FOLLOWING TOO CLOSELY,REAR END,COUNTRYCLUBDRMADISONST,LN CONTROL,2019-09-19 09:11:00,,,
INDIANA UNIV BLOOMINGTON PD,BLOOMINGTON,2,0.0,0.0,0.0,0.0,,,,E 7TH,N FORREST AVE,,50.0,S,39.15556948911669,-86.53371212391302,LOCAL/CITY RD,N,URBAN,N,N,N,,DAYLIGHT,CLEAR,DRY,,T-INTERSECTION,STRAIGHT/LEVEL,ASPHALT,IMPROPER PASSING,RIGHT ANGLE,E7THSTNFORRESTAVE,NONE,2019-09-19 09:15:00,,,
INDIANA UNIV BLOOMINGTON PD,BLOOMINGTON,2,0.0,1.0,0.0,0.0,,,,E UNIVERSITY,S BALLANTINE RD,,75.0,E,39.26184,-86.52209,LOCAL/CITY RD,N,URBAN,N,N,N,,DAYLIGHT,CLEAR,DRY,,NO JUNCTION INVOLVED,STRAIGHT/LEVEL,ASPHALT,IMPROPER LN USAGE,RIGHT ANGLE,EKIRKWOODAVESBALLANTINERD,NONE,2019-09-19 09:32:00,,,
ELLETTSVILLE PD,ELLETTSVILLE,2,0.0,0.0,0.0,0.0,,,,EDGEWOOD,EDGEWOOD DR,,,,39.17158505011722,-86.5021817230797,UNKNOWN,N,URBAN,Y,N,N,,DAYLIGHT,CLEAR,DRY,,T-INTERSECTION,STRAIGHT/GRADE,ASPHALT,FAILURE TO YIELD RIGHT OF WAY,OTHER - EXPLAIN IN NARRATIVE,EDGEWOODDREDGEWOODDR,YIELD SIGN,2019-09-19 14:30:00,,,
ISP BLOOMINGTON 33,BLOOMINGTON,1,,0.0,0.0,0.0,,,,I-69 N,,,686.0,N,-1.645331622417834e-05,-8.748210448891703e-06,INTERSTATE,,URBAN,N,N,N,,DAYLIGHT,CLEAR,DRY,,NO JUNCTION INVOLVED,,ASPHALT,ANIMAL/OBJECT IN RDWAY,COLLISION WITH OBJECT IN RD,,,2019-09-19 12:10:00,,,
BLOOMINGTON PD,BLOOMINGTON,2,0.0,0.0,0.0,0.0,,,,I-69 S,ST RD 48,,500.0,S,39.17969000683922,-86.50727095957767,US ROUTE,Y,URBAN,N,N,N,,DAYLIGHT,CLEAR,DRY,,NO JUNCTION INVOLVED,STRAIGHT/LEVEL,ASPHALT,UNSAFE LN MOVEMENT,SAME DIRECTION SIDESWIPE,US69SW 3RDST,LN CONTROL,2019-09-19 12:07:00,,,
BLOOMINGTON PD,BLOOMINGTON,2,0.0,0.0,0.0,0.0,,,,N KINSER,W SKYLINE DR,,,,39.08525325445996,-86.54276807361967,LOCAL/CITY RD,N,URBAN,N,N,N,,DAYLIGHT,CLEAR,DRY,,NO JUNCTION INVOLVED,STRAIGHT/LEVEL,ASPHALT,UNSAFE SPEED,REAR END,NORTHKINSERPKSKYLINEDR,NONE,2019-09-19 16:30:00,,,
INDIANA UNIV BLOOMINGTON PD,BLOOMINGTON,1,0.0,1.0,0.0,0.0,,,,S EAGLESON AVE,E ATWATER AVE,,,,39.16761565907353,-86.5000517967055,LOCAL/CITY RD,N,URBAN,N,N,N,,DAYLIGHT,CLEAR,DRY,,FOUR-WAY INTERSECTION,STRAIGHT/LEVEL,ASPHALT,DISREGARD SIGNAL/REG SIGN,OTHER - EXPLAIN IN NARRATIVE,ATWATERAVEEAGLESON AVEAVE,TRAFFIC CONTROL SIGNAL,2019-09-19 13:33:00,,True,
BLOOMINGTON PD,BLOOMINGTON,2,0.0,0.0,0.0,0.0,,,,S ROGERS,W GRAHAM DR,,200.0,S,39.16840267688557,-86.6612013529773,LOCAL/CITY RD,Y,URBAN,N,N,N,,DARK (NOT LIGHTED),CLEAR,DRY,,T-INTERSECTION,STRAIGHT/LEVEL,ASPHALT,,OPPOSITE DIRECTION SIDESWIPE,SROGERSSTWGRAHAMDR,NONE,2019-09-19 20:30:00,,,
ELLETTSVILLE PD,ELLETTSVILLE,2,0.0,0.0,0.0,0.0,,,,S SALE,N THOMAS RD,,,,39.16551068827949,-86.52693575283182,LOCAL/CITY RD,N,URBAN,N,N,N,,DAYLIGHT,CLEAR,DRY,,T-INTERSECTION,STRAIGHT/LEVEL,ASPHALT,FOLLOWING TOO CLOSELY,REAR END,NORTHTHOMASRDSOUTHSALEST,STOP SIGN,2019-09-19 17:30:00,,,
MONROE SD,BLOOMINGTON,1,0.0,0.0,0.0,1.0,,,,ST RD 45,N BRUMMETTS CREEK RD,,150.0,S,39.16867682141931,-86.5139081391658,ST RD,N,RURAL,N,N,N,,DARK (NOT LIGHTED),CLEAR,DRY,,NO JUNCTION INVOLVED,CURVE/GRADE,ASPHALT,ANIMAL/OBJECT IN RDWAY,COLLISION WITH DEER,BRUMMETTSCREEKRDST RD 45E,NONE,2019-09-19 21:17:00,,,
INDIANA UNIV BLOOMINGTON PD,BLOOMINGTON,2,1.0,0.0,0.0,0.0,,,,ST RD 45/46,E 10TH ST,,150.0,N,39.1715940656061,-86.50216014129612,ST RD,N,URBAN,N,N,N,,DAYLIGHT,CLEAR,DRY,,FOUR-WAY INTERSECTION,STRAIGHT/LEVEL,ASPHALT,FOLLOWING TOO CLOSELY,SAME DIRECTION SIDESWIPE,E 10THSTST RD 4546E,TRAFFIC CONTROL SIGNAL,2019-09-20 11:55:00,,,
INDIANA UNIV BLOOMINGTON PD,BLOOMINGTON,2,0.0,0.0,0.0,0.0,,,,N UNION,E 10TH ST,,,,-2.7450355888496536e-05,-1.5076219535240663e-05,LOCAL/CITY RD,N,URBAN,N,N,N,,DAYLIGHT,CLEAR,DRY,,NO JUNCTION INVOLVED,STRAIGHT/LEVEL,ASPHALT,UNSAFE BACKING,BACKING CRASH,TENTHSTUNIONST,NONE,2019-09-20 17:15:00,,,
BLOOMINGTON PD,BLOOMINGTON,2,0.0,0.0,0.0,0.0,,,,S ROGERS,W 2ND ST,,,,39.158313017832015,-86.53244000473984,LOCAL/CITY RD,N,URBAN,N,N,N,,DAYLIGHT,CLEAR,DRY,,FOUR-WAY INTERSECTION,STRAIGHT/LEVEL,ASPHALT,FAILURE TO YIELD RIGHT OF WAY,RIGHT ANGLE,SROGERSSTW 2NDST,TRAFFIC CONTROL SIGNAL,2019-09-20 09:59:00,,,
MONROE SD,BLOOMINGTON,1,0.0,0.0,0.0,1.0,,,,ST RD 45,W HINDS RD,,500.0,W,39.18371213278962,-86.51690278417489,ST RD,N,RURAL,N,N,N,,DARK (NOT LIGHTED),CLEAR,DRY,,NO JUNCTION INVOLVED,CURVE/GRADE,ASPHALT,ANIMAL/OBJECT IN RDWAY,COLLISION WITH DEER,HINESRDST RD 45 W,NONE,2019-09-20 21:26:00,,,
MONROE SD,BLOOMINGTON,2,0.0,0.0,0.0,0.0,,,,ST RD 46,W HEDRICK RD,,150.0,E,39.22718859059493,-86.61982021421652,ST RD,N,RURAL,N,N,N,,DAYLIGHT,CLOUDY,DRY,,NO JUNCTION INVOLVED,STRAIGHT/GRADE,CONCRETE,FOLLOWING TOO CLOSELY,REAR END,ST RD 46 WWHEDRICKRD,NONE,2019-09-20 17:52:00,,,
BLOOMINGTON PD,BLOOMINGTON,2,0.0,0.0,0.0,0.0,,,,W 17TH,N WILLIS DR,,,,39.12456504732768,-86.5475572262212,LOCAL/CITY RD,N,URBAN,N,N,N,,DAYLIGHT,CLEAR,DRY,,T-INTERSECTION,STRAIGHT/GRADE,ASPHALT,FAILURE TO YIELD RIGHT OF WAY,LEFT TURN,NWILLISDRW17THST,NONE,2019-09-20 10:28:00,,,
BLOOMINGTON PD,BLOOMINGTON,2,0.0,0.0,0.0,0.0,,,,W KIRKWOOD,S ROGERS ST,,,,39.165535660425846,-86.5298393981479,LOCAL/CITY RD,N,URBAN,N,N,N,,DAWN/DUSK,CLEAR,DRY,,FOUR-WAY INTERSECTION,STRAIGHT/LEVEL,ASPHALT,FAILURE TO YIELD RIGHT OF WAY,RIGHT ANGLE,SROGERSSTWKIRKWOODAVE,NONE,2019-09-20 19:43:00,,,
BLOOMINGTON PD,BLOOMINGTON,2,0.0,0.0,0.0,0.0,,,,N ROGERS,W 8TH ST,,,,39.160719852562664,-86.54852263983713,LOCAL/CITY RD,N,URBAN,N,N,N,,DARK (LIGHTED),CLEAR,DRY,,NO JUNCTION INVOLVED,STRAIGHT/GRADE,ASPHALT,FAILURE TO YIELD RIGHT OF WAY,RIGHT ANGLE,8THSTROGERSST,STOP SIGN,2019-09-20 01:19:00,,,
MONROE SD,BLOOMINGTON,2,0.0,0.0,0.0,0.0,,,,S CURRY,W DOYLE AVE,,,,39.29353115844872,-86.40064241156932,LOCAL/CITY RD,N,URBAN,N,N,N,,DAYLIGHT,CLOUDY,DRY,,T-INTERSECTION,STRAIGHT/LEVEL,ASPHALT,FOLLOWING TOO CLOSELY,REAR END,DOYLEAVESCURRYPK,TRAFFIC CONTROL SIGNAL,2019-09-20 14:01:00,,,
MONROE SD,BLOOMINGTON,1,0.0,0.0,0.0,1.0,,,,S HARRELL,E MOFFETT LN,,1000.0,N,39.227114838833195,-86.61992831954285,LOCAL/CITY RD,N,RURAL,N,N,N,,DARK (NOT LIGHTED),CLEAR,DRY,,NO JUNCTION INVOLVED,STRAIGHT/GRADE,ASPHALT,ANIMAL/OBJECT IN RDWAY,COLLISION WITH DEER,HARRELLRDMOFFETTLN,NONE,2019-09-20 21:04:00,,,
BLOOMINGTON PD,BLOOMINGTON,2,0.0,0.0,0.0,0.0,,,,ST RD 46,S COLLEGE MALL RD,,500.0,E,39.13192718927315,-86.53148570864761,LOCAL/CITY RD,N,URBAN,N,N,N,,DAYLIGHT,CLEAR,DRY,,NO JUNCTION INVOLVED,STRAIGHT/LEVEL,ASPHALT,FOLLOWING TOO CLOSELY,REAR END,EAST3RDSTSOUTHCOLLEGEMALL,NONE,2019-09-21 10:57:00,,,
BLOOMINGTON PD,BLOOMINGTON,3,0.0,1.0,0.0,0.0,,,,ST RD 45/46,N KINSER PK,,,,39.2255068846815,-86.61282019705244,ST RD,N,URBAN,N,N,N,,DAYLIGHT,CLEAR,DRY,,FOUR-WAY INTERSECTION,STRAIGHT/LEVEL,ASPHALT,FAILURE TO YIELD RIGHT OF WAY,RIGHT ANGLE,NKINSERPKST RD 46 W,TRAFFIC CONTROL SIGNAL,2019-09-21 10:13:00,,,
BLOOMINGTON PD,BLOOMINGTON,2,0.0,0.0,0.0,0.0,,,,W COUNTRY CLUB,S WALNUT ST,,150.0,W,39.164247496979996,-86.51642162949238,LOCAL/CITY RD,N,URBAN,N,N,N,,DAYLIGHT,CLOUDY,DRY,,NO JUNCTION INVOLVED,STRAIGHT/LEVEL,ASPHALT,OTHER (DRIVER) - EXPLAIN IN NARRATIVE,SAME DIRECTION SIDESWIPE,SWALNUTSTWCOUNTRYCLUBDR,LN CONTROL,2019-09-21 12:06:00,,,
BLOOMINGTON PD,BLOOMINGTON,2,0.0,0.0,0.0,0.0,,,,ST RD 46,ST RD 446,,,,39.13634374686629,-86.59440547256095,ST RD,N,URBAN,N,N,N,,DAYLIGHT,CLOUDY,DRY,,T-INTERSECTION,STRAIGHT/GRADE,ASPHALT,FOLLOWING TOO CLOSELY,REAR END,ST RD 446SST RD 46E,TRAFFIC CONTROL SIGNAL,2019-09-21 10:46:00,,,
BLOOMINGTON PD,BLOOMINGTON,2,0.0,1.0,0.0,0.0,,,,W COUNTRY CLUB,S ROGERS ST,,,,39.13599663227937,-86.53714277773,LOCAL/CITY RD,N,URBAN,N,N,N,,DAYLIGHT,CLEAR,DRY,,FOUR-WAY INTERSECTION,STRAIGHT/GRADE,ASPHALT,DRIVER DISTRACTED - EXPLAIN IN NARRATIVE,REAR END,SROGERSSTWCOUNTRYCLUBDR,TRAFFIC CONTROL SIGNAL,2019-09-21 08:25:00,,,
BLOOMINGTON PD,BLOOMINGTON,1,0.0,0.0,0.0,0.0,,,,N GRANT,E 8TH ST,,50.0,S,39.178937248316345,-86.52075760162577,LOCAL/CITY RD,N,URBAN,N,N,N,,DAYLIGHT,CLEAR,DRY,,NO JUNCTION INVOLVED,STRAIGHT/LEVEL,ASPHALT,RAN OFF RD RIGHT,RAN OFF RD,E8THSTNGRANTST,NONE,2019-09-21 19:20:00,,,
BLOOMINGTON PD,BLOOMINGTON,1,0.0,0.0,0.0,0.0,,,,N PETE LLIS,E BRAESIDE DR,,100.0,N,39.160388379338634,-86.52720366088776,LOCAL/CITY RD,N,URBAN,N,N,N,,DAYLIGHT,CLEAR,DRY,,NO JUNCTION INVOLVED,CURVE/GRADE,ASPHALT,RAN OFF RD RIGHT,RAN OFF RD,EBRAESIDEDRNPETEELLISDR,NONE,2019-09-21 13:52:00,,,
MONROE SD,BLOOMINGTON,2,0.0,1.0,0.0,0.0,,,,S FAIRFAX,E HARBOR DR,,115.0,S,39.07183837,-86.62467275,COUNTY RD,N,RURAL,N,N,N,,DAYLIGHT,CLOUDY,DRY,,NO JUNCTION INVOLVED,STRAIGHT/GRADE,ASPHALT,FAILURE TO YIELD RIGHT OF WAY,LEFT/RIGHT TURN,FAIRFAXRDMTEBALRD,NONE,2019-09-21 17:25:00,,,
BLOOMINGTON PD,BLOOMINGTON,2,0.0,3.0,0.0,0.0,,,,S WALNUT,W GRIMES LN,,,,39.07200083,-86.62645775,LOCAL/CITY RD,N,URBAN,N,N,N,,DAWN/DUSK,CLEAR,DRY,,FOUR-WAY INTERSECTION,STRAIGHT/LEVEL,ASPHALT,FAILURE TO YIELD RIGHT OF WAY,LEFT TURN,EGRIMESLNSWALNUTST,TRAFFIC CONTROL SIGNAL,2019-09-22 19:57:00,,,
BLOOMINGTON PD,BLOOMINGTON,2,0.0,2.0,0.0,0.0,,,,W 2ND,S ROGERS ST,,150.0,W,39.27322155438997,-86.52856387112452,LOCAL/CITY RD,N,URBAN,N,N,N,,DAYLIGHT,CLEAR,DRY,,NO JUNCTION INVOLVED,STRAIGHT/GRADE,ASPHALT,FOLLOWING TOO CLOSELY,REAR END,2NDSTROGERSST,NONE,2019-09-22 11:00:00,,,
BLOOMINGTON PD,BLOOMINGTON,2,0.0,0.0,0.0,0.0,,,,S OAKDALE,W BLOOMFIELD RD,,,,39.1685206008422,-86.5323471069561,LOCAL/CITY RD,N,URBAN,N,N,N,,DAYLIGHT,CLEAR,DRY,,FOUR-WAY INTERSECTION,STRAIGHT/LEVEL,ASPHALT,UNSAFE LN MOVEMENT,HEAD ON BETWEEN TWO MOTOR VEHICLES,BLOOMFIELDRDOAKDALEDR,TRAFFIC CONTROL SIGNAL,2019-09-22 14:20:00,,,
BLOOMINGTON PD,BLOOMINGTON,2,0.0,0.0,0.0,0.0,,,,E 3RD,S EAGLESON AVE,,,,39.16554545606512,-86.52823196114745,LOCAL/CITY RD,N,URBAN,N,N,N,,DARK (LIGHTED),CLEAR,DRY,,FOUR-WAY INTERSECTION,STRAIGHT/LEVEL,ASPHALT,IMPROPER TURNING,LEFT TURN,EAST3RDSTSOUTHEAGLESON AVEAVE,TRAFFIC CONTROL SIGNAL,2019-09-22 19:23:00,,,
BLOOMINGTON PD,BLOOMINGTON,2,0.0,0.0,0.0,0.0,,,,E MOORES,ST RD 446,,,,39.128234670893214,-86.58253924449753,LOCAL/CITY RD,N,URBAN,N,N,N,,DAYLIGHT,CLEAR,DRY,,NO JUNCTION INVOLVED,STRAIGHT/GRADE,ASPHALT,FOLLOWING TOO CLOSELY,REAR END,446HWYMOORESPKWY,NONE,2019-09-22 13:10:00,,,
MONROE SD,BLOOMINGTON,1,0.0,5.0,0.0,0.0,,,,S HARMONY,S ROCKPORT RD,,2640.0,N,39.14355206151936,-86.58031981710413,COUNTY RD,N,RURAL,N,N,N,,DAYLIGHT,CLEAR,DRY,,NO JUNCTION INVOLVED,CURVE/GRADE,ASPHALT,UNSAFE SPEED,RAN OFF RD,SHARMONYRDSROCKPORTRD,NO PASSING ZONE,2019-09-22 13:56:00,,,
MONROE SD,BLOOMINGTON,1,0.0,0.0,0.0,0.0,,,,S KIRBY,W AIRPORT RD,,,,39.179039672480606,-86.537744856989,LOCAL/CITY RD,N,RURAL,N,N,N,,DARK (LIGHTED),CLEAR,DRY,,T-INTERSECTION,STRAIGHT/LEVEL,ASPHALT,DRIVER ILLNESS,RAN OFF RD,AIRPORTRDKIRBYRD,STOP SIGN,2019-09-22 00:22:00,,,
MONROE SD,BLOOMINGTON,1,0.0,0.0,0.0,2.0,,,,S SNOW,W ROCK E RD,,100.0,E,39.16425,-86.50164,COUNTY RD,N,RURAL,N,N,N,,DARK (NOT LIGHTED),CLEAR,DRY,,NO JUNCTION INVOLVED,STRAIGHT/GRADE,ASPHALT,ANIMAL/OBJECT IN RDWAY,COLLISION WITH DEER,BREEDENRDSNOWRD,NONE,2019-09-22 20:33:00,,,
ISP INDIANAPOLIS 52,BLOOMINGTON,2,,1.0,0.0,0.0,,,,W 3RD,I-69,Y,264.0,E,39.19365966516929,-86.57140112174609,LOCAL/CITY RD,,URBAN,N,N,N,,DAWN/DUSK,CLEAR,DRY,,FOUR-WAY INTERSECTION,,ASPHALT,DISREGARD SIGNAL/REG SIGN,RIGHT ANGLE,,,2019-09-23 19:17:00,,,