Agency,City,Vehicles Involved,Trailers Involved,Number Injured,Number Dead,Number Deer,House Number,Roadway Interchange,Roadway Ramp,Roadway Id,Intersecting Road,Interchange,Feet From,Direction,Latitude,Longitude,Roadway Class,Hit and Run?,Locality,School Zone?,Rumble Strips?,Construction?,Construction Type,Light Condition,Weather Conditions,Surface Condition,Type of Median,Roadway Junction Type,Road Character,Roadway Surface,Primary Factor,Manner of Collision,Unique Location Id,Traffic Control,DateTime,Address Number,Cyclist Involved,Pedestrian Involved
BLOOMINGTON PD,BLOOMINGTON,2,0.0,0.0,0.0,0.0,,,,S WALNUT,W COUNTRY CLUB DR,,,,39.18700883378354,-86.55530523889377,LOCAL/CITY RD,N,URBAN,N,N,N,,DAYLIGHT,CLEAR,DRY,,FOUR-WAY INTERSECTION,STRAIGHT/LEVEL,ASPHALT,FAILURE TO YIELD RIGHT OF WAY,HEAD ON BETWEEN TWO MOTOR VEHICLES,COUNTRYCLUBDRSOUTHWALNUTST,TRAFFIC CONTROL SIGNAL,2019-09-30 17:40:00,,,
MONROE SD,BLOOMINGTON,2,0.0,0.0,0.0,0.0,,,,S WALNUT,ST RD 37,,,,39.16360869364341,-86.43818571076386,ST RD,N,RURAL,N,N,N,,DAYLIGHT,CLEAR,DRY,,FOUR-WAY INTERSECTION,STRAIGHT/GRADE,ASPHALT,FOLLOWING TOO CLOSELY,REAR END,OLDSTATERD37RDS ST RD 37,TRAFFIC CONTROL SIGNAL,2019-09-30 15:53:00,,,
INDIANA UNIV BLOOMINGTON PD,BLOOMINGTON,2,1.0,1.0,0.0,0.0,,,,ST RD 45/46,N FEE LN,,,,39.070874433085464,-86.53611702564235,ST RD,N,URBAN,N,N,N,,DAYLIGHT,CLEAR,DRY,,FOUR-WAY INTERSECTION,STRAIGHT/LEVEL,ASPHALT,BRAKE FAILURE OR DEFECTIVE,REAR END,MATLOCKRDST RD 46,TRAFFIC CONTROL SIGNAL,2019-09-30 18:35:00,,,
BLOOMINGTON PD,BLOOMINGTON,2,0.0,0.0,0.0,0.0,,,,S ADAMS,S PATTERSON DR,,100.0,N,39.1751135265749,-86.52107409608995,LOCAL/CITY RD,N,URBAN,N,N,N,,DAYLIGHT,CLEAR,DRY,,NO JUNCTION INVOLVED,CURVE/GRADE,ASPHALT,FAILURE TO YIELD RIGHT OF WAY,LEFT TURN,ADAMSSTPATTERSONDR,LN CONTROL,2019-09-30 12:07:00,,,
BLOOMINGTON PD,BLOOMINGTON,2,0.0,1.0,0.0,0.0,,,,W 3RD,S PATTERSON DR,,,,39.15421625453161,-86.50882428368317,LOCAL/CITY RD,N,URBAN,N,N,N,,DAYLIGHT,CLEAR,DRY,,T-INTERSECTION,STRAIGHT/LEVEL,ASPHALT,FOLLOWING TOO CLOSELY,REAR END,E 3RDSTSPATTERSONDR,TRAFFIC CONTROL SIGNAL,2019-09-30 12:20:00,,,
BLOOMINGTON PD,BLOOMINGTON,2,0.0,0.0,0.0,0.0,,,,E 10TH,N LINCOLN ST,,,,39.16307003096616,-86.52590907126701,LOCAL/CITY RD,N,URBAN,N,N,N,,DAYLIGHT,CLEAR,DRY,,FOUR-WAY INTERSECTION,STRAIGHT/LEVEL,ASPHALT,FAILURE TO YIELD RIGHT OF WAY,RIGHT ANGLE,E 10THSTNLINCOLNST,STOP SIGN,2019-09-30 14:29:00,,,
ISP BLOOMINGTON 33,BLOOMINGTON,1,,0.0,0.0,0.0,,,,E TOWER RIDGE,,,0.0,S,39.11453718326191,-86.54648548217764,COUNTY RD,,RURAL,N,N,N,,DAYLIGHT,CLEAR,LOOSE MATERIAL ON RD,,NO JUNCTION INVOLVED,,GRAVEL,,RAN OFF RD,,,2019-09-30 18:00:00,,,
BLOOMINGTON PD,BLOOMINGTON,2,0.0,0.0,0.0,0.0,,,,S HENDERSON,E HILLSIDE DR,,,,39.107632222329734,-86.64365697886558,LOCAL/CITY RD,N,URBAN,N,N,N,,DAYLIGHT,CLEAR,DRY,,FOUR-WAY INTERSECTION,STRAIGHT/GRADE,ASPHALT,UNSAFE LN MOVEMENT,SAME DIRECTION SIDESWIPE,HENDERSONSTHILLSIDEDR,LN CONTROL,2019-09-30 08:38:00,,,
MONROE SD,BLOOMINGTON,2,0.0,0.0,0.0,0.0,300.0,,,W CLEAR CREEK,S MADISON ST,,50.0,W,39.16446014723469,-86.56273019254753,LOCAL/CITY RD,N,RURAL,Y,N,N,,DAYLIGHT,CLEAR,DRY,,NO JUNCTION INVOLVED,STRAIGHT/LEVEL,ASPHALT,UNSAFE BACKING,BACKING CRASH,SMADISONSTW300CLEARCREEKDR,NONE,2019-09-30 15:47:00,,,
BLOOMINGTON PD,BLOOMINGTON,1,0.0,0.0,0.0,0.0,130.0,,,W GRIMES,,,,,39.168694426730355,-86.5425310758899,LOCAL/CITY RD,N,URBAN,N,N,N,,DAYLIGHT,CLEAR,DRY,,T-INTERSECTION,STRAIGHT/LEVEL,CONCRETE,IMPROPER TURNING,OTHER - EXPLAIN IN NARRATIVE,WGRIMESLN,NONE,2019-09-30 18:57:00,,,
INDIANA UNIV BLOOMINGTON PD,BLOOMINGTON,1,0.0,0.0,0.0,0.0,,,,E 17TH,N INDIANA AVE,,,,39.16457338707017,-86.53367173395118,LOCAL/CITY RD,N,URBAN,N,N,N,,DAYLIGHT,CLEAR,DRY,,NO JUNCTION INVOLVED,STRAIGHT/GRADE,OTHER - EXPLAIN IN NARRATIVE,IMPROPER TURNING,COLLISION WITH OBJECT IN RD,EAST17THSTINDIANAAVE,NONE,2019-10-01 10:00:00,,,
BLOOMINGTON PD,BLOOMINGTON,1,0.0,1.0,0.0,0.0,,,,W 1ST,S COLLEGE AVE,,,,39.10715966600977,-86.5265269390534,LOCAL/CITY RD,N,URBAN,N,N,N,,DAYLIGHT,CLEAR,DRY,,NO JUNCTION INVOLVED,STRAIGHT/LEVEL,ASPHALT,FAILURE TO YIELD RIGHT OF WAY,LEFT TURN,SCOLLEGEAVEW1STST,TRAFFIC CONTROL SIGNAL,2019-10-01 19:00:00,,,
MONROE SD,BLOOMINGTON,2,0.0,0.0,0.0,0.0,,,,S FAIRFAX,S WALNUT ST PK,,,,39.166549454712296,-86.45506458405279,COUNTY RD,N,RURAL,N,N,N,,DAYLIGHT,CLEAR,DRY,,T-INTERSECTION,STRAIGHT/LEVEL,ASPHALT,IMPROPER TURNING,LEFT TURN,SFAIRFAXRDSWALNUTSTPK,STOP SIGN,2019-10-01 17:26:00,,,
BLOOMINGTON PD,BLOOMINGTON,2,0.0,1.0,0.0,0.0,,,,N GATES,W JONATHAN DR,,,,39.16658386386222,-86.5386968376307,LOCAL/CITY RD,N,URBAN,N,N,N,,DAYLIGHT,CLEAR,DRY,,FOUR-WAY INTERSECTION,STRAIGHT/LEVEL,CONCRETE,FOLLOWING TOO CLOSELY,REAR END,WGATESDRWJONATHANDR,STOP SIGN,2019-10-01 14:25:00,,,
BLOOMINGTON PD,BLOOMINGTON,2,0.0,1.0,0.0,0.0,,,,N PETE LLIS,E LONGVIEW AVE,,,,39.16306686451619,-86.51420570984735,LOCAL/CITY RD,N,URBAN,N,N,N,,DAYLIGHT,CLEAR,DRY,,FOUR-WAY INTERSECTION,STRAIGHT/LEVEL,ASPHALT,FAILURE TO YIELD RIGHT OF WAY,RIGHT ANGLE,ELONGVIEWAVENPETEELLISDR,STOP SIGN,2019-10-01 11:42:00,,,
BLOOMINGTON PD,BLOOMINGTON,2,0.0,0.0,0.0,0.0,,,,N WALNUT,W 11TH ST,,,,39.17051669065045,-86.53478836193311,LOCAL/CITY RD,Y,URBAN,N,N,N,,DAYLIGHT,CLEAR,DRY,,T-INTERSECTION,STRAIGHT/HILLCREST,ASPHALT,UNSAFE LN MOVEMENT,SAME DIRECTION SIDESWIPE,NWALNUTSTW11THST,NONE,2019-10-01 11:41:00,,,
BLOOMINGTON PD,BLOOMINGTON,2,0.0,0.0,0.0,0.0,,,,S ROGERS,S PATTERSON DR,,,,39.168529921785975,-86.53611173134583,LOCAL/CITY RD,N,URBAN,N,N,N,,DAYLIGHT,CLEAR,DRY,,FOUR-WAY INTERSECTION,STRAIGHT/LEVEL,ASPHALT,IMPROPER TURNING,LEFT TURN,SOUTHROGERSSTWESTPATTERSONDR,NONE,2019-10-01 11:01:00,,,
BLOOMINGTON PD,BLOOMINGTON,3,0.0,0.0,0.0,0.0,,,,S WALNUT,W SOUTHERN DR,,,,39.17249,-86.521,LOCAL/CITY RD,N,URBAN,N,N,N,,DAYLIGHT,CLEAR,DRY,,FOUR-WAY INTERSECTION,STRAIGHT/LEVEL,CONCRETE,FOLLOWING TOO CLOSELY,REAR END,ESOUTHERNDRSWALNUTST,STOP SIGN,2019-10-01 15:15:00,,,
BLOOMINGTON PD,BLOOMINGTON,2,0.0,1.0,0.0,0.0,,,,S CURRY,ST RD 45,,150.0,N,39.17245079367795,-86.52104164796314,LOCAL/CITY RD,N,URBAN,N,N,N,,DARK (NOT LIGHTED),CLEAR,DRY,,NO JUNCTION INVOLVED,STRAIGHT/GRADE,ASPHALT,FOLLOWING TOO CLOSELY,REAR END,SCURRYPKST RD 45 W,NONE,2019-10-02 20:30:00,,,
MONROE SD,BLOOMINGTON,2,0.0,0.0,0.0,0.0,,,,S WALNUT,W CHURCH LN,,,,39.1685299504059,-86.53233829170694,COUNTY RD,N,RURAL,N,N,N,,DARK (LIGHTED),CLEAR,DRY,NONE,FOUR-WAY INTERSECTION,STRAIGHT/LEVEL,ASPHALT,IMPROPER LN USAGE,HEAD ON BETWEEN TWO MOTOR VEHICLES,SOLDSTATE37RDWCHURCHLN,TRAFFIC CONTROL SIGNAL,2019-10-02 19:48:00,,,
MONROE SD,BLOOMINGTON,2,0.0,0.0,0.0,0.0,,,,ST RD 46,N LOWER BIRDIE GALYAN RD,,4000.0,E,39.068217393563096,-86.62608136669328,ST RD,N,RURAL,N,N,N,,DAYLIGHT,CLEAR,DRY,,NO JUNCTION INVOLVED,STRAIGHT/GRADE,ASPHALT,FOLLOWING TOO CLOSELY,REAR END,NLOWERBIRDIEGALYANRDST RD 46E,LN CONTROL,2019-10-02 10:43:00,,,
BLOOMINGTON PD,BLOOMINGTON,2,0.0,0.0,0.0,0.0,,,,S COLLEGE MALL,E COVENANTER DR,,,,39.16458788943268,-86.58298262474986,LOCAL/CITY RD,Y,URBAN,N,N,N,,DAYLIGHT,CLEAR,DRY,,FOUR-WAY INTERSECTION,STRAIGHT/LEVEL,ASPHALT,FAILURE TO YIELD RIGHT OF WAY,LEFT TURN,EASTCOVENANTERDRSOUTHCOLLEGEMALL,TRAFFIC CONTROL SIGNAL,2019-10-02 17:45:00,,,
MONROE SD,BLOOMINGTON,1,0.0,1.0,0.0,0.0,,,,S WALNUT,S WALNUT ST PK,,500.0,S,39.135968342361735,-86.52881433523316,LOCAL/CITY RD,N,URBAN,N,N,N,,DARK (LIGHTED),CLEAR,DRY,,NO JUNCTION INVOLVED,CURVE/GRADE,ASPHALT,UNSAFE SPEED,RAN OFF RD,SOUTHWALNUTSTPKSOUTHWALNUTST,NONE,2019-10-02 00:16:00,,,
INDIANA UNIV BLOOMINGTON PD,BLOOMINGTON,2,0.0,0.0,0.0,0.0,,,,E 3RD,S ROSE AVE,,,,39.164291527027274,-86.47209832595115,LOCAL/CITY RD,N,URBAN,N,N,N,,DAYLIGHT,CLEAR,DRY,,FOUR-WAY INTERSECTION,STRAIGHT/LEVEL,ASPHALT,FAILURE TO YIELD RIGHT OF WAY,RIGHT ANGLE,ROSEAVE 3RDST,STOP SIGN,2019-10-02 17:40:00,,,
BLOOMINGTON PD,BLOOMINGTON,2,0.0,0.0,0.0,0.0,,,,S ROGERS,W PROSPECT ST,,,,39.15611,-86.56144,LOCAL/CITY RD,N,URBAN,N,N,N,,DAYLIGHT,CLOUDY,DRY,,FOUR-WAY INTERSECTION,STRAIGHT/GRADE,ASPHALT,FOLLOWING TOO CLOSELY,REAR END,PROSPECTSTROGERSST,LN CONTROL,2019-10-02 07:45:00,,,
MONROE SD,BLOOMINGTON,2,0.0,0.0,0.0,0.0,,,,ST RD 45,N PRAIRIE GREEN CT,,1400.0,E,39.0493014241675,-86.53632335893663,ST RD,N,RURAL,N,N,N,,DAYLIGHT,CLEAR,DRY,,NO JUNCTION INVOLVED,STRAIGHT/LEVEL,ASPHALT,FAILURE TO YIELD RIGHT OF WAY,HEAD ON BETWEEN TWO MOTOR VEHICLES,NPRAIRIEGREENCTST RD 45E,NONE,2019-10-02 10:17:00,,,
BLOOMINGTON PD,BLOOMINGTON,3,0.0,1.0,0.0,0.0,,,,W GRIMES,S MORTON ST,,250.0,E,41.37291207653101,-85.07822872411701,LOCAL/CITY RD,N,URBAN,N,N,N,,DAYLIGHT,CLEAR,DRY,,NO JUNCTION INVOLVED,STRAIGHT/LEVEL,ASPHALT,FOLLOWING TOO CLOSELY,REAR END,SOUTHMORTONSTWESTGRIMESLN,LN CONTROL,2019-10-02 16:19:00,,,
ISP BLOOMINGTON 33,BLOOMINGTON,2,,0.0,0.0,0.0,,100,D,ST RD 48,I-69,Y,317.0,W,39.23710355349499,-86.62768704481113,INTERSTATE,,URBAN,N,Y,N,,DAYLIGHT,CLEAR,DRY,,Y-INTERSECTION,,ASPHALT,FAILURE TO YIELD RIGHT OF WAY,REAR END,,,2019-10-03 17:00:00,,,
BLOOMINGTON PD,BLOOMINGTON,3,0.0,0.0,0.0,0.0,,,,S LEONARD SPRINGS,ST RD 45,,,,39.16264104046636,-86.41334114978386,LOCAL/CITY RD,N,URBAN,N,N,N,,DAYLIGHT,CLOUDY,DRY,,FOUR-WAY INTERSECTION,STRAIGHT/GRADE,ASPHALT,DRIVER ASLEEP OR FATIGUED,SAME DIRECTION SIDESWIPE,LEONARDSPRINGSRDST RD 45RD,NONE,2019-10-03 11:45:00,,,
MONROE SD,BLOOMINGTON,2,0.0,0.0,0.0,0.0,,,,N CURRY,W WOODYARD,,,,39.158194932774855,-86.57303116771214,LOCAL/CITY RD,N,URBAN,N,N,N,,DAYLIGHT,CLEAR,DRY,,FOUR-WAY INTERSECTION,STRAIGHT/LEVEL,ASPHALT,FAILURE TO YIELD RIGHT OF WAY,RIGHT ANGLE,NCURRYPKWWOODYARDRD,TRAFFIC CONTROL SIGNAL,2019-10-03 19:06:00,,,
BLOOMINGTON PD,BLOOMINGTON,1,0.0,1.0,0.0,0.0,,,,ST RD 45,N SMITH RD,,,,39.109155694762734,-86.53305826642224,LOCAL/CITY RD,N,URBAN,N,N,N,,DARK (NOT LIGHTED),CLEAR,DRY,,T-INTERSECTION,CURVE/GRADE,ASPHALT,FAILURE TO YIELD RIGHT OF WAY,RIGHT ANGLE,E 10THSTNSMITHRD,STOP SIGN,2019-10-03 20:12:00,,True,
BLOOMINGTON PD,BLOOMINGTON,4,0.0,1.0,0.0,0.0,,,,ST RD 45/46,I-69,Y,500.0,W,39.18593716044025,-86.51984270236254,ST RD,N,URBAN,N,N,Y,X-OVER/LN SHIFT,DAYLIGHT,CLEAR,DRY,,NO JUNCTION INVOLVED,STRAIGHT/GRADE,CONCRETE,BRAKE FAILURE OR DEFECTIVE,OPPOSITE DIRECTION SIDESWIPE,NMONROESTST RD 46 W,NONE,2019-10-03 15:26:00,,,
BLOOMINGTON PD,BLOOMINGTON,3,0.0,0.0,0.0,0.0,,,,E 10TH,N INDIANA AVE,,,,39.16423013534336,-86.51774634924068,LOCAL/CITY RD,N,URBAN,N,N,N,,DAYLIGHT,CLEAR,DRY,,FOUR-WAY INTERSECTION,STRAIGHT/GRADE,ASPHALT,DISREGARD SIGNAL/REG SIGN,RIGHT ANGLE,E 10THSTNINDIANAAVE,TRAFFIC CONTROL SIGNAL,2019-10-03 18:20:00,,,
INDIANA UNIV BLOOMINGTON PD,BLOOMINGTON,2,0.0,0.0,0.0,0.0,,,,E 17TH,N DUNN ST,,,,39.17903755608891,-86.54410305200712,LOCAL/CITY RD,N,URBAN,N,N,N,,DARK (LIGHTED),CLEAR,DRY,,FOUR-WAY INTERSECTION,STRAIGHT/GRADE,ASPHALT,FOLLOWING TOO CLOSELY,REAR END,DUNNSTEAST17THST,TRAFFIC CONTROL SIGNAL,2019-10-03 22:45:00,,,
BLOOMINGTON PD,BLOOMINGTON,2,0.0,0.0,0.0,0.0,2455.0,,,E TAMARACK,,,,,41.38015343873212,-85.07445458223569,UNKNOWN,N,URBAN,N,N,N,,DAYLIGHT,CLEAR,DRY,,NO JUNCTION INVOLVED,STRAIGHT/GRADE,ASPHALT,UNSAFE BACKING,BACKING CRASH,TAMARACKTRL,NONE,2019-10-03 10:20:00,,,
BLOOMINGTON PD,BLOOMINGTON,2,0.0,0.0,0.0,0.0,,,,N MADISON,W 16TH ST,,100.0,N,39.13633137068105,-86.54875033784246,LOCAL/CITY RD,Y,URBAN,N,N,N,,DARK (LIGHTED),CLEAR,DRY,,NO JUNCTION INVOLVED,STRAIGHT/LEVEL,ASPHALT,UNSAFE SPEED,SAME DIRECTION SIDESWIPE,NMADISONSTW16THST,NONE,2019-10-03 22:34:00,,,
ISP BLOOMINGTON 33,BLOOMINGTON,1,,0.0,0.0,0.0,7415.0,,,W ST RD 37,,,900.0,S,39.164206973199896,-86.51644731511063,COUNTY RD,,RURAL,N,N,N,,DAYLIGHT,CLEAR,DRY,,NO JUNCTION INVOLVED,,ASPHALT,ANIMAL/OBJECT IN RDWAY,RAN OFF RD,,,2019-10-03 10:18:00,,,
BLOOMINGTON PD,BLOOMINGTON,2,0.0,0.0,0.0,0.0,,,,S WALNUT ST PK,E WINSLOW RD,,,,39.16439386074329,-86.52823771121517,LOCAL/CITY RD,N,URBAN,N,N,Y,WORK ON SHOULDER,DAYLIGHT,CLEAR,DRY,,FOUR-WAY INTERSECTION,STRAIGHT/GRADE,ASPHALT,DISREGARD SIGNAL/REG SIGN,RIGHT ANGLE,EWINSLOWRDSWALNUTSTPK,STOP SIGN,2019-10-04 11:00:00,,,
BLOOMINGTON PD,BLOOMINGTON,2,0.0,0.0,0.0,0.0,,,,S GATES,ST RD 48,,,,39.135929317897656,-86.5311421166836,LOCAL/CITY RD,N,URBAN,N,N,N,,DAYLIGHT,CLEAR,DRY,,FOUR-WAY INTERSECTION,CURVE/LEVEL,ASPHALT,UNSAFE LN MOVEMENT,SAME DIRECTION SIDESWIPE,SGATESDRW 3RDST,TRAFFIC CONTROL SIGNAL,2019-10-04 11:19:00,,,
BLOOMINGTON PD,BLOOMINGTON,2,0.0,1.0,0.0,0.0,,,,E 3RD,S DUNN ST,,,,39.20709292346839,-86.53483372982825,LOCAL/CITY RD,N,URBAN,N,N,N,,DARK (LIGHTED),CLEAR,DRY,,FOUR-WAY INTERSECTION,CURVE/LEVEL,ASPHALT,FOLLOWING TOO CLOSELY,REAR END,E 3RDSTSDUNNST,TRAFFIC CONTROL SIGNAL,2019-10-04 22:15:00,,,
BLOOMINGTON PD,BLOOMINGTON,2,0.0,0.0,0.0,0.0,,,,E SMITH,S GRANT ST,,150.0,E,39.18592420733367,-86.51967554858271,LOCAL/CITY RD,N,URBAN,N,N,N,,DARK (NOT LIGHTED),CLEAR,DRY,,NO JUNCTION INVOLVED,STRAIGHT/GRADE,ASPHALT,OTHER (DRIVER) - EXPLAIN IN NARRATIVE,SAME DIRECTION SIDESWIPE,GRANTSTSMITHAVE,NONE,2019-10-04 22:20:00,,,
MONROE SD,BLOOMINGTON,1,0.0,0.0,0.0,0.0,,,,E TOWER RIDGE,S HUNTERS CREEK RD,,6000.0,W,39.16271,-86.55048,LOCAL/CITY RD,N,RURAL,N,N,N,,DAWN/DUSK,CLEAR,DRY,,NO JUNCTION INVOLVED,CURVE/GRADE,GRAVEL,UNSAFE SPEED,RAN OFF RD,ETOWERRIDGERDSHUNTERSCREEKRD,NONE,2019-10-04 19:10:00,,,
MONROE SD,BLOOMINGTON,2,1.0,0.0,0.0,0.0,,,,I-69 S,,,100.0,S,39.164359653857424,-86.55197921226777,INTERSTATE,N,RURAL,N,N,B,,DAYLIGHT,CLEAR,DRY,,NO JUNCTION INVOLVED,STRAIGHT/LEVEL,ASPHALT,UNSAFE LN MOVEMENT,SAME DIRECTION SIDESWIPE,I-69S114,NONE,2019-10-04 17:00:00,,,
INDIANA UNIV BLOOMINGTON PD,BLOOMINGTON,2,0.0,0.0,0.0,0.0,880.0,,,N FEE,E LAW LN,,,,39.171644162914625,-86.53107006808122,UNKNOWN,Y,URBAN,N,N,N,,DAYLIGHT,CLEAR,DRY,,NO JUNCTION INVOLVED,STRAIGHT/LEVEL,ASPHALT,IMPROPER TURNING,LEFT TURN,NWALNUTGROVEAVE,NONE,2019-10-04 09:30:00,,,
MONROE SD,BLOOMINGTON,2,0.0,0.0,0.0,0.0,,,,S PARK SQUARE,W GIFFORD,,450.0,N,39.01246953256265,-86.37840005828554,LOCAL/CITY RD,N,URBAN,Y,N,N,,DARK (LIGHTED),CLEAR,DRY,,T-INTERSECTION,STRAIGHT/LEVEL,ASPHALT,OBSTRUCTION NOT MARKED,SAME DIRECTION SIDESWIPE,SPARKSQUAREDRWGIFFORDRD,NONE,2019-10-04 06:47:00,,,
BLOOMINGTON PD,BLOOMINGTON,2,0.0,0.0,0.0,0.0,,,,S ROGERS,W RALSTON DR,,,,39.15056,-86.52692,LOCAL/CITY RD,N,URBAN,N,N,N,,DAYLIGHT,CLOUDY,DRY,,FOUR-WAY INTERSECTION,STRAIGHT/GRADE,ASPHALT,OTHER (DRIVER) - EXPLAIN IN NARRATIVE,OPPOSITE DIRECTION SIDESWIPE,RALSTONDRIVEROGERSST,LN CONTROL,2019-10-04 08:47:00,,,
MONROE SD,BLOOMINGTON,1,0.0,0.0,0.0,1.0,,,,S SNODDY,E RHORER RD,,1050.0,N,39.11110747675355,-86.53737781596448,LOCAL/CITY RD,N,RURAL,N,N,N,,DARK (NOT LIGHTED),CLEAR,DRY,,NO JUNCTION INVOLVED,STRAIGHT/GRADE,ASPHALT,ANIMAL/OBJECT IN RDWAY,COLLISION WITH DEER,ERHORERRDSSNODDYRD,NO PASSING ZONE,2019-10-04 02:09:00,,,
ELLETTSVILLE PD,ELLETTSVILLE,2,0.0,1.0,0.0,0.0,,,,ST RD 46,N UNION VALLEY RD,,,,39.15432803335905,-86.53607029942111,ST RD,N,URBAN,N,N,N,,DAYLIGHT,CLEAR,DRY,,FOUR-WAY INTERSECTION,STRAIGHT/LEVEL,ASPHALT,FAILURE TO YIELD RIGHT OF WAY,RIGHT ANGLE,NORTHUNIONVALLEYRDST RD 46 W,TRAFFIC CONTROL SIGNAL,2019-10-05 17:25:00,,,
BLOOMINGTON PD,BLOOMINGTON,3,0.0,0.0,0.0,0.0,,,,ST RD 46,I-69 S,Y,,,39.17900614349569,-86.52705878580257,ST RD,N,URBAN,N,N,Y,X-OVER/LN SHIFT,DAYLIGHT,CLEAR,DRY,,NO JUNCTION INVOLVED,STRAIGHT/GRADE,CONCRETE,FOLLOWING TOO CLOSELY,REAR END,I-69SST RD 46E,NONE,2019-10-05 14:20:00,,,
ELLETTSVILLE PD,ELLETTSVILLE,2,0.0,0.0,0.0,0.0,,,,ST RD 46,N SALE ST,,,,39.15937792303023,-86.5350760933001,ST RD,N,URBAN,N,N,N,,DAYLIGHT,CLEAR,DRY,,NO JUNCTION INVOLVED,STRAIGHT/LEVEL,ASPHALT,UNSAFE LN MOVEMENT,SAME DIRECTION SIDESWIPE,SALESTST RD 46 W,TRAFFIC CONTROL SIGNAL,2019-10-05 12:39:00,,,
BLOOMINGTON PD,BLOOMINGTON,2,0.0,0.0,0.0,0.0,,,,S WALNUT,E MILLER DR,,100.0,S,39.10716779124049,-86.52650647993809,LOCAL/CITY RD,N,URBAN,N,N,N,,DAYLIGHT,CLEAR,DRY,,NO JUNCTION INVOLVED,STRAIGHT/LEVEL,ASPHALT,FAILURE TO YIELD RIGHT OF WAY,SAME DIRECTION SIDESWIPE,EMILLERDRSWALNUTST,NONE,2019-10-05 09:17:00,,,
INDIANA UNIV BLOOMINGTON PD,BLOOMINGTON,2,0.0,0.0,0.0,0.0,,,,E 17TH,N COLLEGE AVE,,,,39.168723470699696,-86.5764221851119,LOCAL/CITY RD,N,URBAN,N,N,N,,DARK (LIGHTED),CLEAR,DRY,,FOUR-WAY INTERSECTION,STRAIGHT/LEVEL,ASPHALT,WRONG WAY ON ONE WAY,OPPOSITE DIRECTION SIDESWIPE,COLLEGEAVEEAST17THST,TRAFFIC CONTROL SIGNAL,2019-10-05 23:25:00,,,
BLOOMINGTON PD,BLOOMINGTON,2,0.0,0.0,0.0,0.0,,,,E 2ND,S WOODLAWN AVE,,50.0,E,39.1668863169434,-86.49492011169471,LOCAL/CITY RD,Y,URBAN,N,N,N,,DAYLIGHT,CLEAR,DRY,,NO JUNCTION INVOLVED,STRAIGHT/LEVEL,ASPHALT,IMPROPER LN USAGE,SAME DIRECTION SIDESWIPE,E 2NDSTSWOODLAWNAVE,NONE,2019-10-05 14:00:00,,,
INDIANA UNIV BLOOMINGTON PD,BLOOMINGTON,1,0.0,0.0,0.0,0.0,,,,N INDIANA,E 6TH ST,,,,39.17325144738366,-86.53362548120411,LOCAL/CITY RD,N,URBAN,N,N,N,,DARK (LIGHTED),CLEAR,DRY,,T-INTERSECTION,STRAIGHT/LEVEL,ASPHALT,UNSAFE SPEED,RAN OFF RD,INDIANAAVESIXTHST,OTHER,2019-10-05 02:16:00,,,
MONROE SD,BLOOMINGTON,1,0.0,0.0,0.0,0.0,,,,ST RD 46,E TRAILWAY DR,,300.0,E,39.153798340387574,-86.53875773146643,ST RD,N,RURAL,N,N,N,,DAYLIGHT,CLEAR,DRY,,NO JUNCTION INVOLVED,CURVE/GRADE,ASPHALT,RAN OFF RD RIGHT,RAN OFF RD,ETRAILWAYRDST RD 46E,NONE,2019-10-05 19:06:00,,,
ELLETTSVILLE PD,ELLETTSVILLE,2,0.0,0.0,0.0,0.0,,,,ST RD 46,W RICHLAND PLAZA DR,,,,39.14972046770339,-86.5335438273086,ST RD,N,URBAN,N,N,N,,DARK (NOT LIGHTED),CLEAR,DRY,,T-INTERSECTION,STRAIGHT/LEVEL,ASPHALT,FOLLOWING TOO CLOSELY,REAR END,RICHLANDPLZST RD 46 W,NONE,2019-10-05 07:54:00,,,
MONROE SD,BLOOMINGTON,1,0.0,0.0,0.0,0.0,,,,W POPCORN,,,2500.0,W,39.14194779201163,-86.58263664593548,COUNTY RD,N,RURAL,N,N,N,,DAYLIGHT,CLEAR,DRY,,NO JUNCTION INVOLVED,CURVE/GRADE,ASPHALT,RAN OFF RD RIGHT,RAN OFF RD,SOUTHKETCHAMRDWESTPOPCORNRD,NONE,2019-10-05 09:17:00,,,
MONROE SD,BLOOMINGTON,2,0.0,0.0,0.0,0.0,,,,W TAPP,S ADAMS ST,,,,39.10733933639612,-86.54491092015883,LOCAL/CITY RD,N,URBAN,N,N,N,,DAYLIGHT,CLEAR,DRY,,TRAFFIC CIRCLE/ROUNDABOUT,STRAIGHT/GRADE,ASPHALT,FOLLOWING TOO CLOSELY,REAR END,SOUTHADAMSSTWESTTAPPRD,ROUNDABOUT INTERSECTION,2019-10-05 18:55:00,,,
MONROE SD,BLOOMINGTON,1,0.0,0.0,0.0,0.0,,,,W WOODYARD,N LOESCH RD,,,,39.16269,-86.41334,LOCAL/CITY RD,N,RURAL,N,N,N,,DARK (NOT LIGHTED),CLEAR,DRY,,T-INTERSECTION,CURVE/LEVEL,ASPHALT,RAN OFF RD RIGHT,RAN OFF RD,NLOESCHRDWWOODYARDRD,LN CONTROL,2019-10-05 23:27:00,,,