Agency,City,Vehicles Involved,Trailers Involved,Number Injured,Number Dead,Number Deer,House Number,Roadway Interchange,Roadway Ramp,Roadway Id,Intersecting Road,Interchange,Feet From,Direction,Latitude,Longitude,Roadway Class,Hit and Run?,Locality,School Zone?,Rumble Strips?,Construction?,Construction Type,Light Condition,Weather Conditions,Surface Condition,Type of Median,Roadway Junction Type,Road Character,Roadway Surface,Primary Factor,Manner of Collision,Unique Location Id,Traffic Control,DateTime,Address Number,Cyclist Involved,Pedestrian Involved
MONROE SD,BLOOMINGTON,2,0.0,0.0,0.0,0.0,,,,N TUNNEL,,,,,39.18621294082899,-86.53455657689919,COUNTY RD,N,RURAL,N,N,N,,DAYLIGHT,RAIN,WET,,T-INTERSECTION,CURVE/GRADE,ASPHALT,FOLLOWING TOO CLOSELY,REAR END,NTUNNELRDST RD 45E,STOP SIGN,2019-10-26 11:16:00,,,
MONROE SD,ELLETTSVILLE,2,0.0,0.0,0.0,0.0,,,,N UNION VALLEY,W LYNW DR,,,,39.16423186996354,-86.51526138411973,LOCAL/CITY RD,N,URBAN,N,N,N,,DAYLIGHT,RAIN,WET,,NO JUNCTION INVOLVED,STRAIGHT/LEVEL,ASPHALT,FOLLOWING TOO CLOSELY,REAR END,NUNIONVALLEYRDWLYNWESTDR,NONE,2019-10-26 15:43:00,,,
BLOOMINGTON PD,BLOOMINGTON,2,0.0,1.0,0.0,0.0,255.0,,,N VINE,,,,,39.164241929133674,-86.5164484094619,UNKNOWN,N,URBAN,N,N,N,,DARK (NOT LIGHTED),CLEAR,DRY,,NO JUNCTION INVOLVED,STRAIGHT/GRADE,ASPHALT,DRIVER ASLEEP OR FATIGUED,SAME DIRECTION SIDESWIPE,NVINEST,NONE,2019-10-26 02:35:00,,,
MONROE SD,BLOOMINGTON,1,0.0,0.0,0.0,0.0,,,,S KENNEDY,E RHORER RD,,200.0,S,39.160729311650044,-86.54850654334459,LOCAL/CITY RD,N,URBAN,N,N,N,,DARK (NOT LIGHTED),RAIN,WET,,NO JUNCTION INVOLVED,STRAIGHT/LEVEL,ASPHALT,OTHER (DRIVER) - EXPLAIN IN NARRATIVE,RAN OFF RD,ERHORERRDSKENNEDYDR,NONE,2019-10-26 18:58:00,,,
MONROE SD,BLOOMINGTON,1,0.0,0.0,0.0,0.0,,,,ST RD 446,E SALT CREEK DR,,,,39.171531026585825,-86.51247736054032,ST RD,N,RURAL,N,N,N,,DAWN/DUSK,RAIN,WET,,NO JUNCTION INVOLVED,STRAIGHT/LEVEL,ASPHALT,ANIMAL/OBJECT IN RDWAY,COLLISION WITH OBJECT IN RD,SALTCREEKDRST RD 446S,NONE,2019-10-26 18:37:00,,,
MONROE SD,BLOOMINGTON,1,0.0,0.0,0.0,0.0,,,,ST RD 46,E ST RD 46,,,,39.16448,-86.56014,ST RD,N,RURAL,N,N,N,,DAYLIGHT,RAIN,WET,,NO JUNCTION INVOLVED,CURVE/GRADE,ASPHALT,SPEED TOO FAST FOR WEATHER CONDITIONS,RAN OFF RD,OLDSTATERD46RDST RD 46E,NONE,2019-10-26 08:55:00,,,
MONROE SD,ELLETTSVILLE,1,0.0,0.0,0.0,0.0,,,,ST RD 46,N COUNTY LINE RD,,,,39.1666,-86.53869,ST RD,N,RURAL,N,Y,N,,DAYLIGHT,RAIN,WET,,FOUR-WAY INTERSECTION,STRAIGHT/LEVEL,ASPHALT,RDWAY SURFACE CONDITION,RAN OFF RD,NCOUNTYLINERDST RD 46 W,STOP SIGN,2019-10-26 13:01:00,,,
BLOOMINGTON PD,BLOOMINGTON,3,0.0,2.0,0.0,0.0,,,,S LIBERTY,ST RD 48,,,,39.07087689788023,-86.5361385686298,LOCAL/CITY RD,N,URBAN,N,N,N,,DARK (LIGHTED),CLEAR,DRY,,FOUR-WAY INTERSECTION,STRAIGHT/GRADE,ASPHALT,DRIVER DISTRACTED - EXPLAIN IN NARRATIVE,REAR END,SLIBERTYDRW 3RDST,TRAFFIC CONTROL SIGNAL,2019-10-27 20:00:00,,,
BLOOMINGTON PD,BLOOMINGTON,3,0.0,0.0,0.0,0.0,,,,S WALNUT,W SMITH AVE,,50.0,N,39.070873491476064,-86.53614471813204,LOCAL/CITY RD,Y,URBAN,N,N,N,,DARK (LIGHTED),CLEAR,DRY,,FOUR-WAY INTERSECTION,STRAIGHT/GRADE,ASPHALT,UNSAFE LN MOVEMENT,SAME DIRECTION SIDESWIPE,ESMITHAVESWALNUTST,NONE,2019-10-27 20:03:00,,,
ISP BLOOMINGTON 33,BLOOMINGTON,1,,1.0,0.0,0.0,,,,I-69 S,,,0.0,S,39.182400415197115,-86.5126351813486,INTERSTATE,,RURAL,N,Y,N,,DAYLIGHT,CLEAR,DRY,,NO JUNCTION INVOLVED,,ASPHALT,,RAN OFF RD,,,2019-10-27 15:49:00,,,
MONROE SD,BLOOMINGTON,1,0.0,0.0,0.0,1.0,,,,I-69 S,,,1000.0,N,39.252017636824654,-86.62069866563219,INTERSTATE,N,RURAL,N,N,N,,DARK (NOT LIGHTED),CLEAR,DRY,,NO JUNCTION INVOLVED,STRAIGHT/LEVEL,ASPHALT,ANIMAL/OBJECT IN RDWAY,COLLISION WITH DEER,I-69S114,NONE,2019-10-27 23:50:00,,,
MONROE SD,BLOOMINGTON,1,0.0,0.0,0.0,0.0,,,,N SHILO,N MILLER RD,,500.0,N,39.160326075889714,-86.52597556305734,COUNTY RD,Y,RURAL,N,N,N,,DARK (NOT LIGHTED),CLEAR,WET,,NO JUNCTION INVOLVED,CURVE/GRADE,ASPHALT,SPEED TOO FAST FOR WEATHER CONDITIONS,RAN OFF RD,MILLERRDSHILORD,NONE,2019-10-27 07:14:00,,,
BLOOMINGTON PD,BLOOMINGTON,2,0.0,0.0,0.0,0.0,,,,N WASHINGTON,E 6TH ST,,,,39.13699784777583,-86.64292414353754,LOCAL/CITY RD,N,URBAN,N,N,N,,DAYLIGHT,CLEAR,DRY,,FOUR-WAY INTERSECTION,STRAIGHT/GRADE,ASPHALT,FAILURE TO YIELD RIGHT OF WAY,RIGHT ANGLE,E6THSTNWASHINGTONST,STOP SIGN,2019-10-27 17:37:00,,,
MONROE SD,BLOOMINGTON,2,0.0,0.0,0.0,0.0,,,,S GARRISON CHAPEL,W RICE RD,,,,39.1666,-86.53479,COUNTY RD,N,RURAL,N,N,N,,DAYLIGHT,CLEAR,DRY,,NO JUNCTION INVOLVED,STRAIGHT/HILLCREST,ASPHALT,OVERCORRECTING/OVERSTEERING,RIGHT TURN,GARRISONCHAPELRDRICERD,STOP SIGN,2019-10-27 16:31:00,,,
MONROE SD,BLOOMINGTON,1,0.0,1.0,0.0,0.0,,,,ST RD 48,,,4800.0,E,39.14298557494259,-86.53892518250792,ST RD,N,RURAL,N,N,N,,DAYLIGHT,CLEAR,DRY,,NO JUNCTION INVOLVED,CURVE/LEVEL,ASPHALT,RAN OFF RD RIGHT,NON-COLLISION,NSTRD43RDST RD 48W,NO PASSING ZONE,2019-10-27 17:04:00,,,
BLOOMINGTON PD,BLOOMINGTON,2,0.0,0.0,0.0,0.0,,,,S CURRY,ST RD 45,,,,39.16421356920227,-86.49826504813444,LOCAL/CITY RD,N,URBAN,N,Y,N,,DARK (LIGHTED),CLEAR,DRY,,FOUR-WAY INTERSECTION,STRAIGHT/GRADE,ASPHALT,FAILURE TO YIELD RIGHT OF WAY,RIGHT TURN,NCURRYPKST RD 45 W,YIELD SIGN,2019-10-28 20:15:00,,,
BLOOMINGTON PD,BLOOMINGTON,2,0.0,1.0,0.0,0.0,,,,S LIBERTY,ST RD 48,,750.0,S,39.20994041418838,-86.58274298967798,LOCAL/CITY RD,N,URBAN,N,N,N,,DARK (NOT LIGHTED),CLEAR,DRY,,FOUR-WAY INTERSECTION,STRAIGHT/LEVEL,ASPHALT,FOLLOWING TOO CLOSELY,REAR END,SOUTHLIBERTYDRWEST3RDST,LN CONTROL,2019-10-28 19:35:00,,,
BLOOMINGTON PD,BLOOMINGTON,3,0.0,0.0,0.0,0.0,,,,S COLLEGE MALL,E BUICK CADILLAC BLVD,,,,39.105658407696176,-86.55128877640418,LOCAL/CITY RD,N,URBAN,N,N,N,,DAYLIGHT,CLOUDY,DRY,,FOUR-WAY INTERSECTION,STRAIGHT/LEVEL,ASPHALT,FOLLOWING TOO CLOSELY,REAR END,EASTBUICKCADILLACBLVDSOUTHCOLLEGEMALL,TRAFFIC CONTROL SIGNAL,2019-10-28 15:55:00,,,
INDIANA UNIV BLOOMINGTON PD,BLOOMINGTON,1,0.0,0.0,0.0,0.0,,,,E 12TH,N INDIANA AVE,,,,39.17157379511679,-86.51905348851405,LOCAL/CITY RD,N,URBAN,N,N,N,,DAYLIGHT,CLEAR,DRY,,NO JUNCTION INVOLVED,STRAIGHT/GRADE,ASPHALT,OTHER (DRIVER) - EXPLAIN IN NARRATIVE,OTHER - EXPLAIN IN NARRATIVE,INDIANAAVETWELVETHST,NONE,2019-10-28 15:00:00,,,
BLOOMINGTON PD,BLOOMINGTON,2,0.0,0.0,0.0,0.0,,,,E 7TH,N JEFFERSON ST,,,,39.16425792860157,-86.50601903441138,LOCAL/CITY RD,N,URBAN,N,N,N,,DARK (NOT LIGHTED),CLEAR,DRY,,FOUR-WAY INTERSECTION,STRAIGHT/GRADE,ASPHALT,FAILURE TO YIELD RIGHT OF WAY,RIGHT ANGLE,E7THSTNJEFFERSONST,STOP SIGN,2019-10-28 19:19:00,,,
BLOOMINGTON PD,BLOOMINGTON,2,0.0,0.0,0.0,0.0,,,,E 8TH,N LINCOLN ST,,,,39.30752200905606,-86.5133943608801,LOCAL/CITY RD,Y,URBAN,N,,N,,UNKNOWN,CLOUDY,DRY,,FOUR-WAY INTERSECTION,STRAIGHT/LEVEL,ASPHALT,IMPROPER LN USAGE,SAME DIRECTION SIDESWIPE,E8THSTNLINCOLNST,STOP SIGN,2019-10-28 20:03:00,,,
ISP BLOOMINGTON 33,BLOOMINGTON,1,,0.0,0.0,1.0,,,,I-69 N,,,317.0,N,-4.453309154406107e-05,-4.905503957529293e-05,INTERSTATE,,RURAL,N,N,N,,DARK (LIGHTED),CLOUDY,DRY,,NO JUNCTION INVOLVED,,CONCRETE,ANIMAL/OBJECT IN RDWAY,COLLISION WITH DEER,,,2019-10-28 21:30:00,,,
BLOOMINGTON PD,BLOOMINGTON,1,0.0,0.0,0.0,1.0,,,,I-69 N,,,100.0,S,39.12227762872488,-86.57141811231452,LOCAL/CITY RD,N,RURAL,N,N,N,,DARK (NOT LIGHTED),CLEAR,DRY,,NO JUNCTION INVOLVED,STRAIGHT/LEVEL,ASPHALT,ANIMAL/OBJECT IN RDWAY,COLLISION WITH DEER,NINTERSTATE69FWY120.5,NONE,2019-10-28 02:07:00,,,
MONROE SD,BLOOMINGTON,1,0.0,0.0,0.0,0.0,,,,N FRONTAGE W,W SIMPSON CHAPEL RD,,,,39.167495806731786,-86.5297969540876,LOCAL/CITY RD,N,RURAL,N,N,N,,DARK (NOT LIGHTED),CLEAR,DRY,,T-INTERSECTION,CURVE/LEVEL,ASPHALT,RAN OFF RD RIGHT,RAN OFF RD,NORTHBURMARDWESTSIMPSONCHAPELRD,NONE,2019-10-28 01:02:00,,,
BLOOMINGTON PD,BLOOMINGTON,1,0.0,0.0,0.0,0.0,,,,S ROGERS,W CHEROKEE DR,,,,39.17057,-86.4956,LOCAL/CITY RD,N,URBAN,N,N,N,,DARK (NOT LIGHTED),CLEAR,DRY,,T-INTERSECTION,STRAIGHT/GRADE,ASPHALT,OTHER LIGHTS DEFECTIVE,REAR END,CHEROKEEDRSROGERSST,NONE,2019-10-28 22:04:00,,True,
MONROE SD,BLOOMINGTON,1,0.0,0.0,0.0,0.0,,,,ST RD 446,S OLD RICHARDSON RD,,,,39.15707100749134,-86.55969505358992,ST RD,N,RURAL,N,N,N,,DAYLIGHT,CLEAR,DRY,,INTERCHANGE,CURVE/GRADE,ASPHALT,UNSAFE SPEED,RAN OFF RD,OLDRICHARDSONRDST RD 446S,LN CONTROL,2019-10-28 14:16:00,,,
BLOOMINGTON PD,BLOOMINGTON,2,0.0,1.0,0.0,0.0,,,,ST RD 45/46,ENTRANCE TO IU  11,,300.0,W,39.1631,-86.52106,ST RD,N,URBAN,N,N,N,,DAYLIGHT,CLOUDY,DRY,,NO JUNCTION INVOLVED,STRAIGHT/GRADE,ASPHALT,UNSAFE LN MOVEMENT,SAME DIRECTION SIDESWIPE,NMILOSAMPSONLNST RD 46E,NONE,2019-10-28 16:10:00,,,
BLOOMINGTON PD,BLOOMINGTON,2,0.0,0.0,0.0,0.0,,,,W 2ND,S WALNUT ST,,,,39.14074586896907,-86.48039850763287,LOCAL/CITY RD,N,URBAN,N,N,N,,DAYLIGHT,CLOUDY,DRY,,FOUR-WAY INTERSECTION,STRAIGHT/LEVEL,ASPHALT,LEFT OF CENTER,LEFT TURN,SWALNUTSTW 2NDST,TRAFFIC CONTROL SIGNAL,2019-10-28 12:35:00,,,
ISP BLOOMINGTON 33,BLOOMINGTON,2,,0.0,0.0,0.0,,100,A,I-69 N,W 3RD ST,Y,0.0,S,39.16417437596098,-86.49660354421364,UNKNOWN,,URBAN,N,N,N,,DAYLIGHT,CLOUDY,DRY,,RAMP,,ASPHALT,FOLLOWING TOO CLOSELY,REAR END,,,2019-10-29 08:50:00,,,
INDIANA UNIV BLOOMINGTON PD,BLOOMINGTON,2,0.0,1.0,0.0,0.0,,,,ST RD 45/46,E 17TH ST,,,,39.19250663079236,-86.51189180955461,ST RD,N,URBAN,N,N,N,,DAYLIGHT,CLEAR,DRY,,T-INTERSECTION,CURVE/LEVEL,ASPHALT,DRIVER DISTRACTED - EXPLAIN IN NARRATIVE,REAR END,EAST17THSTST RD 46,TRAFFIC CONTROL SIGNAL,2019-10-29 16:42:00,,,
INDIANA UNIV BLOOMINGTON PD,BLOOMINGTON,1,0.0,0.0,0.0,0.0,,,,ST RD 45/46,E 17TH ST,,,,39.26677745627525,-86.6657079807335,ST RD,N,URBAN,N,N,N,,DAYLIGHT,CLEAR,DRY,,NO JUNCTION INVOLVED,CURVE/LEVEL,ASPHALT,DRIVER ILLNESS,RAN OFF RD,EAST17THSTST RD 46,LN CONTROL,2019-10-29 16:37:00,,,
BLOOMINGTON PD,BLOOMINGTON,2,0.0,0.0,0.0,0.0,,,,E 3RD,S GRANT ST,,200.0,E,39.21510567094372,-86.59281770028987,LOCAL/CITY RD,N,URBAN,N,N,N,,DAYLIGHT,CLOUDY,DRY,,NO JUNCTION INVOLVED,STRAIGHT/GRADE,ASPHALT,FAILURE TO YIELD RIGHT OF WAY,RIGHT ANGLE,3RDSTGRANTST,NONE,2019-10-29 09:08:00,,,
INDIANA UNIV BLOOMINGTON PD,BLOOMINGTON,2,0.0,0.0,0.0,0.0,,,,N EAGLESON AVE,E LAW LN,,,,39.136317474078375,-86.54877321627657,LOCAL/CITY RD,Y,URBAN,N,N,N,,UNKNOWN,CLOUDY,DRY,,NO JUNCTION INVOLVED,STRAIGHT/LEVEL,ASPHALT,UNSAFE BACKING,BACKING CRASH,ELAWLNEAGLESON AVEAVE,NONE,2019-10-29 16:00:00,,,
BLOOMINGTON PD,BLOOMINGTON,2,0.0,0.0,0.0,0.0,,,,N LINCOLN,E 7TH ST,,50.0,W,39.18624292608197,-86.5316349445091,LOCAL/CITY RD,N,URBAN,N,Y,N,,DARK (LIGHTED),CLEAR,DRY,,NO JUNCTION INVOLVED,STRAIGHT/LEVEL,ASPHALT,IMPROPER TURNING,LEFT TURN,E7THSTNLINCOLNST,NONE,2019-10-29 20:35:00,,,
MONROE SD,BLOOMINGTON,1,0.0,0.0,0.0,0.0,,,,S HARRELL,E SCHACHT RD,,,,39.14193776563156,-86.5826278809373,COUNTY RD,Y,RURAL,N,N,N,,DARK (NOT LIGHTED),CLEAR,DRY,,NO JUNCTION INVOLVED,STRAIGHT/LEVEL,ASPHALT,IMPROPER LN USAGE,OTHER - EXPLAIN IN NARRATIVE,HARRELLRDSCHACHTRD,NONE,2019-10-29 08:31:00,,,
BLOOMINGTON PD,BLOOMINGTON,2,0.0,0.0,0.0,0.0,500.0,,,S MULLER,,,,,39.215124081111846,-86.59268823560899,LOCAL/CITY RD,N,URBAN,N,N,N,,DAYLIGHT,CLOUDY,DRY,,NO JUNCTION INVOLVED,STRAIGHT/LEVEL,ASPHALT,IMPROPER TURNING,RIGHT TURN,SMULLERPKWY,STOP SIGN,2019-10-29 15:34:00,,,
BLOOMINGTON PD,BLOOMINGTON,1,0.0,0.0,0.0,0.0,1730.0,,,S WALNUT,,,,,39.135959173199225,-86.52882402188209,LOCAL/CITY RD,Y,RURAL,N,N,N,,DARK (LIGHTED),CLEAR,DRY,,INTERCHANGE,STRAIGHT/LEVEL,ASPHALT,OVERCORRECTING/OVERSTEERING,OTHER - EXPLAIN IN NARRATIVE,EWINSLOWRD,NONE,2019-10-29 00:44:00,,,
ELLETTSVILLE PD,ELLETTSVILLE,1,0.0,0.0,0.0,1.0,,,,ST RD 46,N DEER PARK DR,,,,39.16455518853448,-86.57621618488609,ST RD,N,URBAN,N,N,N,,DAYLIGHT,CLEAR,DRY,,T-INTERSECTION,STRAIGHT/LEVEL,ASPHALT,ANIMAL/OBJECT IN RDWAY,COLLISION WITH DEER,DEERPARKDRST RD 46 W,NONE,2019-10-29 15:34:00,,,
MONROE SD,BLOOMINGTON,1,0.0,3.0,0.0,0.0,,,,ST RD 46,,,750.0,E,39.1790181175598,-86.53775488384274,ST RD,N,RURAL,N,Y,Y,X-OVER/LN SHIFT,DAYLIGHT,CLEAR,DRY,,NO JUNCTION INVOLVED,CURVE/GRADE,ASPHALT,RAN OFF RD RIGHT,RAN OFF RD,NCURRYPKST RD 46 W,NONE,2019-10-29 12:03:00,,,
MONROE SD,BLOOMINGTON,2,0.0,0.0,0.0,1.0,,,,W ARLINGTON,N SUGAR LN,,,,39.14195,-86.58259,LOCAL/CITY RD,N,RURAL,N,N,N,,DAWN/DUSK,CLEAR,DRY,,NO JUNCTION INVOLVED,STRAIGHT/LEVEL,ASPHALT,ANIMAL/OBJECT IN RDWAY,COLLISION WITH DEER,NSUGARLNWARLINGTONRD,LN CONTROL,2019-10-29 07:25:00,,,
MONROE SD,STINESVILLE,1,0.0,0.0,0.0,0.0,,,,W WALKER,N RED HILL RD,,,,39.2151188601264,-86.59271749347606,LOCAL/CITY RD,N,RURAL,N,N,N,,DAYLIGHT,CLOUDY,DRY,,T-INTERSECTION,STRAIGHT/GRADE,ASPHALT,UNSAFE SPEED,RAN OFF RD,NREDHILLRDWWALKERLN,STOP SIGN,2019-10-29 15:02:00,,,
ISP BLOOMINGTON 33,BLOOMINGTON,2,,0.0,0.0,0.0,,100,C,I-69 S,ST RD 48,Y,317.0,W,38.856979026238086,-86.51747541517051,INTERSTATE,,URBAN,N,N,N,,DAYLIGHT,RAIN,WET,,RAMP,,ASPHALT,SPEED TOO FAST FOR WEATHER CONDITIONS,REAR END,,,2019-10-30 09:30:00,,,
INDIANA UNIV BLOOMINGTON PD,BLOOMINGTON,2,0.0,0.0,0.0,0.0,,,,ST RD 45/46,E 10TH ST,,,,38.88042922067022,-86.04541507185868,ST RD,N,URBAN,N,N,N,,DAYLIGHT,RAIN,WET,,FOUR-WAY INTERSECTION,STRAIGHT/LEVEL,ASPHALT,SPEED TOO FAST FOR WEATHER CONDITIONS,REAR END,ST RD 46UNIONVILLERD,TRAFFIC CONTROL SIGNAL,2019-10-30 17:15:00,,,
BLOOMINGTON PD,BLOOMINGTON,2,0.0,0.0,0.0,0.0,,,,ST RD 45/46,N KINSER PK,,,,39.26587862145214,-86.52301615323992,ST RD,N,URBAN,N,N,Y,LN CLOSURE,DAWN/DUSK,RAIN,WET,,FOUR-WAY INTERSECTION,STRAIGHT/GRADE,ASPHALT,SPEED TOO FAST FOR WEATHER CONDITIONS,REAR END,KINSERPKST RD 45E,TRAFFIC CONTROL SIGNAL,2019-10-30 07:58:00,,,
BLOOMINGTON PD,BLOOMINGTON,2,0.0,0.0,0.0,0.0,,,,N COLLEGE,W 11TH ST,,50.0,S,41.26692067402773,-85.08666986987495,LOCAL/CITY RD,N,URBAN,N,N,N,,DAYLIGHT,RAIN,WET,,FOUR-WAY INTERSECTION,STRAIGHT/GRADE,ASPHALT,OTHER (DRIVER) - EXPLAIN IN NARRATIVE,REAR END,NCOLLEGEAVEW11THST,LN CONTROL,2019-10-30 10:31:00,,,
MONROE SD,BLOOMINGTON,2,0.0,0.0,0.0,0.0,,,,S WALNUT,S FAIRFAX RD,,,,38.948051243969346,-86.52747068861551,LOCAL/CITY RD,N,URBAN,N,N,N,,DAYLIGHT,RAIN,WET,,FOUR-WAY INTERSECTION,STRAIGHT/LEVEL,ASPHALT,SPEED TOO FAST FOR WEATHER CONDITIONS,RIGHT ANGLE,SOUTHFAIRFAXRDSOUTHOLDSTATERD37RD,NONE,2019-10-30 16:24:00,,,
MONROE SD,BLOOMINGTON,2,0.0,0.0,0.0,0.0,,,,S WALNUT,W CHURCH LN,,200.0,N,39.230027089663224,-86.43161322949042,LOCAL/CITY RD,N,URBAN,N,N,N,,DAYLIGHT,RAIN,WET,,NO JUNCTION INVOLVED,CURVE/LEVEL,ASPHALT,FOLLOWING TOO CLOSELY,REAR END,SOLDSTATERD37RDWCHURCHLN,NONE,2019-10-30 17:54:00,,,
MONROE SD,BLOOMINGTON,2,0.0,0.0,0.0,0.0,,,,ST RD 37,S WALNUT ST,,,,39.21601947401242,-86.59273358864345,ST RD,N,RURAL,N,Y,N,,DAYLIGHT,RAIN,WET,,FOUR-WAY INTERSECTION,STRAIGHT/LEVEL,ASPHALT,SPEED TOO FAST FOR WEATHER CONDITIONS,REAR END,OLDSTATE37RDN ST RD 37,TRAFFIC CONTROL SIGNAL,2019-10-30 08:07:00,,,
MONROE SD,BLOOMINGTON,2,0.0,0.0,0.0,0.0,,,,W ARLINGTON,ST RD 46,,,,39.183654808223665,-86.54403828871688,LOCAL/CITY RD,N,RURAL,N,N,N,,DAYLIGHT,CLOUDY,WET,,FOUR-WAY INTERSECTION,STRAIGHT/LEVEL,ASPHALT,FOLLOWING TOO CLOSELY,REAR END,WARLINGTONRDWSTATERD46RD,TRAFFIC CONTROL SIGNAL,2019-10-30 18:24:00,,,
MONROE SD,BLOOMINGTON,3,0.0,1.0,0.0,0.0,,,,S WALNUT,E RHORER RD,,150.0,S,39.12142589264844,-86.528504344689,COUNTY RD,N,RURAL,N,N,N,,DAYLIGHT,CLOUDY,WET,,FOUR-WAY INTERSECTION,STRAIGHT/LEVEL,ASPHALT,IMPROPER TURNING,LEFT TURN,SOLDSTATE37RDWGORDONPK,NONE,2019-10-30 17:43:00,,,
ISP BLOOMINGTON 33,BLOOMINGTON,2,,0.0,0.0,0.0,,,,S CLARIZZ,ST RD 46,,0.0,S,39.08775468210929,-86.42244948690079,LOCAL/CITY RD,,URBAN,N,N,N,,DAYLIGHT,RAIN,WET,,FOUR-WAY INTERSECTION,,ASPHALT,OTHER (VEHICLE) - EXPLAIN IN NARRATIVE,SAME DIRECTION SIDESWIPE,,,2019-10-30 16:55:00,,,
ISP BLOOMINGTON 33,BLOOMINGTON,1,,1.0,0.0,0.0,,,,I-69 N,,,106.0,N,39.16429359602703,-86.4721023189195,INTERSTATE,,RURAL,N,N,N,,DAYLIGHT,RAIN,WET,,NO JUNCTION INVOLVED,,ASPHALT,UNSAFE LN MOVEMENT,,,,2019-10-30 15:05:00,,,
MONROE SD,BLOOMINGTON,2,0.0,0.0,0.0,0.0,,,,N HARTSTRAIT,W RATLIFF RD,,,,39.152592476622154,-86.37112727354261,LOCAL/CITY RD,N,RURAL,N,N,N,,DAYLIGHT,RAIN,WET,,T-INTERSECTION,STRAIGHT/HILLCREST,ASPHALT,LEFT OF CENTER,OPPOSITE DIRECTION SIDESWIPE,NHARTSTRAITRDWRATLIFFRD,NONE,2019-10-30 09:23:00,,,
BLOOMINGTON PD,BLOOMINGTON,2,0.0,0.0,0.0,0.0,,,,N HILLSDALE,E 7TH ST,,75.0,S,39.16460314946534,-86.57916551647712,LOCAL/CITY RD,N,URBAN,N,N,N,,DAYLIGHT,RAIN,WET,,NO JUNCTION INVOLVED,STRAIGHT/LEVEL,ASPHALT,UNSAFE BACKING,BACKING CRASH,E7THSTNHILLSDALEDR,NONE,2019-10-30 08:18:00,,,
INDIANA UNIV BLOOMINGTON PD,BLOOMINGTON,2,0.0,0.0,0.0,0.0,,,,N EAGLESON AVE,E 7TH ST,,380.0,S,39.16282916018061,-86.53367043406453,LOCAL/CITY RD,N,URBAN,N,N,N,,DARK (LIGHTED),RAIN,WET,,NO JUNCTION INVOLVED,STRAIGHT/LEVEL,ASPHALT,FOLLOWING TOO CLOSELY,REAR END,E7THSTEAGLESON AVEAVE,NONE,2019-10-30 19:30:00,,,
INDIANA UNIV BLOOMINGTON PD,BLOOMINGTON,1,0.0,1.0,0.0,0.0,,,,N WOODLAWN,E 17TH ST,,,,39.27177502466444,-86.5231395200518,LOCAL/CITY RD,Y,URBAN,N,N,N,,DAYLIGHT,RAIN,WET,,T-INTERSECTION,STRAIGHT/LEVEL,ASPHALT,FAILURE TO YIELD RIGHT OF WAY,RIGHT TURN,EAST17THSTWOODLAWNAVE,TRAFFIC CONTROL SIGNAL,2019-10-30 16:28:00,,,True
ISP BLOOMINGTON 33,BLOOMINGTON,2,,1.0,0.0,0.0,,,,ST RD 37,,,686.0,S,41.15424103794184,-85.1114478103277,ST RD,,RURAL,N,Y,N,,DAYLIGHT,RAIN,WET,,NO JUNCTION INVOLVED,,ASPHALT,FOLLOWING TOO CLOSELY,REAR END,,,2019-10-30 12:00:00,,,
MONROE SD,BLOOMINGTON,2,0.0,0.0,0.0,0.0,,,,W ST RD 37,N DUNN ST,,800.0,N,39.26997972708348,-86.45976904690475,COUNTY RD,Y,RURAL,N,N,N,,DAYLIGHT,RAIN,WET,,NO JUNCTION INVOLVED,CURVE/GRADE,ASPHALT,LEFT OF CENTER,OTHER - EXPLAIN IN NARRATIVE,NDUNNSTNOLDSTATERD37RD,NONE,2019-10-30 11:42:00,,,
INDIANA UNIV BLOOMINGTON PD,BLOOMINGTON,2,0.0,0.0,0.0,0.0,,,,ST RD 45/46,E 10TH ST,,,,39.16751087949267,-86.53234319948501,ST RD,Y,URBAN,N,N,N,,DAYLIGHT,RAIN,WET,,FOUR-WAY INTERSECTION,STRAIGHT/LEVEL,ASPHALT,FOLLOWING TOO CLOSELY,REAR END,ST RD 46UNIONVILLERD,TRAFFIC CONTROL SIGNAL,2019-10-31 08:30:00,,,
BLOOMINGTON PD,BLOOMINGTON,2,0.0,0.0,0.0,0.0,,,,ST RD 46,E 3RD ST,,100.0,N,39.15158530288461,-86.64366315333965,LOCAL/CITY RD,N,URBAN,N,Y,N,,DARK (LIGHTED),BLOWING SAND/SOIL/SNOW,WET,,NO JUNCTION INVOLVED,STRAIGHT/LEVEL,ASPHALT,FOLLOWING TOO CLOSELY,REAR END,E 3RDSTNSTATERD46RD,NONE,2019-10-31 19:18:00,,,