Agency,City,Vehicles Involved,Trailers Involved,Number Injured,Number Dead,Number Deer,House Number,Roadway Interchange,Roadway Ramp,Roadway Id,Intersecting Road,Interchange,Feet From,Direction,Latitude,Longitude,Roadway Class,Hit and Run?,Locality,School Zone?,Rumble Strips?,Construction?,Construction Type,Light Condition,Weather Conditions,Surface Condition,Type of Median,Roadway Junction Type,Road Character,Roadway Surface,Primary Factor,Manner of Collision,Unique Location Id,Traffic Control,DateTime,Address Number,Cyclist Involved,Pedestrian Involved
BLOOMINGTON PD,BLOOMINGTON,2,0.0,0.0,0.0,0.0,,,,ST RD 45/46,N KINSER PK,,200.0,E,39.168983279490256,-86.66459869577872,ST RD,N,URBAN,N,N,N,,DARK (NOT LIGHTED),RAIN,WATER (STANDING OR MOVING),,FOUR-WAY INTERSECTION,STRAIGHT/GRADE,ASPHALT,FOLLOWING TOO CLOSELY,REAR END,NKINSERPKST RD 4546 W,LN CONTROL,2019-10-31 08:03:00,,,
BLOOMINGTON PD,BLOOMINGTON,2,0.0,0.0,0.0,0.0,,,,ST RD 48,S CURRY PK,,,,39.14194675308201,-86.58262419466418,LOCAL/CITY RD,Y,URBAN,N,N,N,,DARK (LIGHTED),RAIN,WET,,FOUR-WAY INTERSECTION,STRAIGHT/LEVEL,ASPHALT,OTHER (DRIVER) - EXPLAIN IN NARRATIVE,RIGHT ANGLE,3RDSTCURRYPK,TRAFFIC CONTROL SIGNAL,2019-10-31 07:41:00,,,
BLOOMINGTON PD,BLOOMINGTON,2,0.0,0.0,0.0,0.0,,,,S COLLEGE,W 2ND ST,,250.0,S,39.16460450182648,-86.57914469743714,LOCAL/CITY RD,N,URBAN,N,N,N,,DAYLIGHT,RAIN,WET,,NO JUNCTION INVOLVED,STRAIGHT/GRADE,ASPHALT,OTHER (DRIVER) - EXPLAIN IN NARRATIVE,REAR END,2NDSTSCOLLEGEAVE,LN CONTROL,2019-10-31 13:19:00,,,
BLOOMINGTON PD,BLOOMINGTON,2,0.0,0.0,0.0,0.0,,,,N COLLEGE,W 9TH ST,,150.0,S,39.1580676683688,-86.49791935639388,LOCAL/CITY RD,N,URBAN,N,N,N,,DARK (LIGHTED),CLOUDY,DRY,,NO JUNCTION INVOLVED,STRAIGHT/LEVEL,ASPHALT,FOLLOWING TOO CLOSELY,SAME DIRECTION SIDESWIPE,9THSTCOLLEGEAVE,LN CONTROL,2019-10-31 23:03:00,,,
BLOOMINGTON PD,BLOOMINGTON,2,0.0,0.0,0.0,0.0,,,,N COLLEGE,W 9TH ST,,,,39.17430914231131,-86.52701125443265,LOCAL/CITY RD,N,URBAN,N,N,N,,DARK (LIGHTED),SNOW,WET,,FOUR-WAY INTERSECTION,STRAIGHT/LEVEL,ASPHALT,IMPROPER LN USAGE,SAME DIRECTION SIDESWIPE,NCOLLEGEAVEW9THST,NONE,2019-10-31 18:50:00,,,
INDIANA UNIV BLOOMINGTON PD,BLOOMINGTON,2,0.0,1.0,0.0,0.0,,,,ST RD 46,E 7TH ST,,250.0,S,39.16818220652894,-86.5071870767003,ST RD,N,URBAN,N,N,N,,DARK (LIGHTED),CLEAR,WET,,NO JUNCTION INVOLVED,STRAIGHT/LEVEL,ASPHALT,FOLLOWING TOO CLOSELY,REAR END,ST RD 463RDST,NONE,2019-10-31 19:39:00,,,
BLOOMINGTON PD,BLOOMINGTON,2,0.0,0.0,0.0,0.0,,,,W 3RD,S LANDMARK AVE,,100.0,E,39.169465737912596,-86.5310749033168,LOCAL/CITY RD,N,URBAN,N,N,N,,DAYLIGHT,CLOUDY,WET,,NO JUNCTION INVOLVED,STRAIGHT/GRADE,ASPHALT,FOLLOWING TOO CLOSELY,REAR END,SLANDMARKAVEW 3RDST,TRAFFIC CONTROL SIGNAL,2019-10-31 14:00:00,,,
MONROE SD,BLOOMINGTON,2,0.0,0.0,0.0,0.0,,,,S CURRY,W CONSTITUTION AVE,,,,39.266474713256166,-86.5228717066021,COUNTY RD,N,URBAN,N,N,N,,DARK (NOT LIGHTED),RAIN,WET,,FOUR-WAY INTERSECTION,STRAIGHT/LEVEL,ASPHALT,IMPROPER TURNING,HEAD ON BETWEEN TWO MOTOR VEHICLES,CONSTITUTIONAVESOUTHCURRYPK,STOP SIGN,2019-10-31 07:12:00,,,
BLOOMINGTON PD,BLOOMINGTON,2,0.0,0.0,0.0,0.0,,,,E 7TH,N INDIANA AVE,,150.0,W,-1.1255053951853984e-05,-4.965872714935448e-05,LOCAL/CITY RD,N,URBAN,N,N,N,,DAYLIGHT,RAIN,WET,,FOUR-WAY INTERSECTION,STRAIGHT/LEVEL,ASPHALT,UNSAFE LN MOVEMENT,SAME DIRECTION SIDESWIPE,E7THSTNINDIANAAVE,STOP SIGN,2019-10-31 13:36:00,,,
MONROE SD,BLOOMINGTON,1,0.0,0.0,0.0,0.0,,,,N FRONTAGE W,W SIMPSON CHAPEL RD,,,,39.27324244924204,-86.52856637893612,LOCAL/CITY RD,N,URBAN,N,N,N,,DARK (NOT LIGHTED),RAIN,WET,,NO JUNCTION INVOLVED,STRAIGHT/LEVEL,ASPHALT,RAN OFF RD RIGHT,RAN OFF RD,WBURMARDWSIMPSONCHAPELRD,NONE,2019-10-31 20:22:00,,,
MONROE SD,BLOOMINGTON,1,0.0,0.0,0.0,0.0,,,,N RUSSELL,E LANAM RD,,,,39.14697,-86.53886,LOCAL/CITY RD,N,URBAN,N,N,N,,DAYLIGHT,RAIN,WET,,NO JUNCTION INVOLVED,STRAIGHT/GRADE,ASPHALT,RAN OFF RD RIGHT,RAN OFF RD,LANAMRDNRUSSELLRD,NONE,2019-10-31 17:51:00,,,
BLOOMINGTON PD,BLOOMINGTON,2,0.0,0.0,0.0,0.0,,,,W ARLINGTON,N PROW RD,,,,39.11219,-86.43133,LOCAL/CITY RD,N,URBAN,N,N,N,,DAYLIGHT,RAIN,WET,,NO JUNCTION INVOLVED,CURVE/LEVEL,ASPHALT,FAILURE TO YIELD RIGHT OF WAY,RIGHT ANGLE,NPROWRDWARLINGTONRD,STOP SIGN,2019-10-31 08:00:00,,,
MONROE SD,BLOOMINGTON,1,0.0,0.0,0.0,0.0,,,,W WOODYARD,N LOESCH RD,,1000.0,W,39.17147291231854,-86.49797775166265,LOCAL/CITY RD,N,RURAL,N,N,N,,DAWN/DUSK,SNOW,WET,,NO JUNCTION INVOLVED,CURVE/LEVEL,ASPHALT,SPEED TOO FAST FOR WEATHER CONDITIONS,RAN OFF RD,NLOESCHRDWWOODYARDRD,NONE,2019-10-31 16:11:00,,,
BLOOMINGTON PD,BLOOMINGTON,2,0.0,0.0,0.0,0.0,,,,W KIRKWOOD,S COLLEGE AVE,,,,39.16136220749559,-86.53365031394152,LOCAL/CITY RD,N,URBAN,N,N,N,,DAYLIGHT,CLEAR,DRY,,FOUR-WAY INTERSECTION,STRAIGHT/GRADE,ASPHALT,UNSAFE LN MOVEMENT,SAME DIRECTION SIDESWIPE,COLLEGEAVEKIRKWOODAVE,LN CONTROL,2019-11-01 13:33:00,,,
INDIANA UNIV BLOOMINGTON PD,BLOOMINGTON,2,0.0,0.0,0.0,0.0,,,,E 3RD,S HIGHLAND AVE,,,,39.16451487406846,-86.57304149844416,LOCAL/CITY RD,Y,URBAN,N,N,N,,DARK (LIGHTED),CLEAR,DRY,,NO JUNCTION INVOLVED,STRAIGHT/LEVEL,ASPHALT,UNSAFE LN MOVEMENT,SAME DIRECTION SIDESWIPE,HIGHLANDAVE 3RDST,LN CONTROL,2019-11-01 02:00:00,,,
MONROE SD,BLOOMINGTON,1,0.0,0.0,0.0,1.0,,,,ST RD 45,W AIRPORT RD,,300.0,E,39.17968647135829,-86.50729185165312,ST RD,N,RURAL,N,Y,N,,DARK (NOT LIGHTED),CLEAR,DRY,,NO JUNCTION INVOLVED,STRAIGHT/GRADE,ASPHALT,ANIMAL/OBJECT IN RDWAY,COLLISION WITH DEER,ST RD 45 WWESTAIRPORTRD,NONE,2019-11-01 19:05:00,,,
MONROE SD,BLOOMINGTON,2,0.0,0.0,0.0,0.0,,,,W ARLINGTON,ST RD 46,,,,39.179696181002654,-86.50731713122511,COUNTY RD,N,URBAN,N,N,N,,DAYLIGHT,CLEAR,DRY,,FOUR-WAY INTERSECTION,STRAIGHT/LEVEL,ASPHALT,FOLLOWING TOO CLOSELY,REAR END,WESTARLINGTONRDWESTSTATERD46RD,TRAFFIC CONTROL SIGNAL,2019-11-01 09:46:00,,,
MONROE SD,BLOOMINGTON,2,0.0,0.0,0.0,0.0,,,,S ADAMS,W ALLEN ST,,,,39.16451763408006,-86.52985721455455,LOCAL/CITY RD,N,URBAN,N,N,N,,DAYLIGHT,CLEAR,DRY,,FOUR-WAY INTERSECTION,STRAIGHT/LEVEL,ASPHALT,FAILURE TO YIELD RIGHT OF WAY,RIGHT ANGLE,SOUTHADAMSSTWESTALLENST,STOP SIGN,2019-11-01 21:01:00,,,
BLOOMINGTON PD,BLOOMINGTON,2,0.0,0.0,0.0,0.0,,,,E MOORES,S SARE RD,,,,39.17340886347085,-86.51546296433389,LOCAL/CITY RD,N,URBAN,N,N,N,,DARK (LIGHTED),CLEAR,DRY,,FOUR-WAY INTERSECTION,STRAIGHT/GRADE,ASPHALT,DRIVER DISTRACTED - EXPLAIN IN NARRATIVE,REAR END,COLLEGEMALLRDSARERD,TRAFFIC CONTROL SIGNAL,2019-11-01 07:28:00,,,
MONROE SD,BLOOMINGTON,1,0.0,0.0,0.0,0.0,,,,S FAIRFAX,E COMMANDER CT,,,,39.16853,-86.53105,COUNTY RD,N,RURAL,N,N,N,,DARK (NOT LIGHTED),CLEAR,DRY,,T-INTERSECTION,STRAIGHT/HILLCREST,ASPHALT,RAN OFF RD RIGHT,RAN OFF RD,ECOMMANDERCTSFAIRFAXRD,NONE,2019-11-01 19:16:00,,,
MONROE SD,BLOOMINGTON,1,0.0,0.0,0.0,0.0,,,,S FAIRFAX,E NORTON ST,,750.0,N,39.10697,-86.49852,COUNTY RD,N,RURAL,N,N,N,,DARK (NOT LIGHTED),CLOUDY,DRY,,NO JUNCTION INVOLVED,STRAIGHT/GRADE,ASPHALT,OTHER (DRIVER) - EXPLAIN IN NARRATIVE,RAN OFF RD,EASTNORTONSTFAIRFAXRD,NONE,2019-11-01 03:38:00,,,
BLOOMINGTON PD,BLOOMINGTON,2,0.0,1.0,0.0,0.0,,,,S SARE,E ROGERS ST,,,,39.16282661862182,-86.5667578995098,LOCAL/CITY RD,N,URBAN,N,N,N,,DAYLIGHT,CLEAR,DRY,,TRAFFIC CIRCLE/ROUNDABOUT,CURVE/LEVEL,ASPHALT,FOLLOWING TOO CLOSELY,REAR END,EROGERSRDSSARERD,ROUNDABOUT INTERSECTION,2019-11-01 12:06:00,,,
BLOOMINGTON PD,BLOOMINGTON,1,0.0,0.0,0.0,0.0,3811.0,,,ST RD 48,RUNKLE LN,,,,39.2120905942699,-86.58720670428889,LOCAL/CITY RD,Y,URBAN,N,N,N,,,,,,NO JUNCTION INVOLVED,STRAIGHT/LEVEL,ASPHALT,RAN OFF RD RIGHT,RAN OFF RD,W 3RDST,LN CONTROL,2019-11-01 09:45:00,,,
BLOOMINGTON PD,BLOOMINGTON,3,0.0,1.0,0.0,0.0,,,,ST RD 46,S PETE LLIS DR,,,,39.13605781603017,-86.52982277447687,LOCAL/CITY RD,N,URBAN,N,N,N,,DAYLIGHT,CLEAR,DRY,,FOUR-WAY INTERSECTION,STRAIGHT/GRADE,ASPHALT,FOLLOWING TOO CLOSELY,REAR END,E 3RDSTSPETEELLISDR,TRAFFIC CONTROL SIGNAL,2019-11-02 12:02:00,,,
BLOOMINGTON PD,BLOOMINGTON,3,0.0,0.0,0.0,0.0,,,,ST RD 46,S PETE LLIS DR,,,,39.162786731673734,-86.56677707482258,LOCAL/CITY RD,N,URBAN,N,N,N,,DAYLIGHT,CLEAR,DRY,,FOUR-WAY INTERSECTION,STRAIGHT/LEVEL,ASPHALT,FOLLOWING TOO CLOSELY,REAR END,E 3RDSTSPETEELLISDR,TRAFFIC CONTROL SIGNAL,2019-11-02 12:00:00,,,
INDIANA UNIV BLOOMINGTON PD,BLOOMINGTON,2,0.0,0.0,0.0,0.0,,,,N EAGLESON AVE,E 3RD ST,,,,39.21209658299458,-86.58719567016648,LOCAL/CITY RD,Y,URBAN,N,N,N,,DARK (LIGHTED),CLEAR,DRY,,FOUR-WAY INTERSECTION,STRAIGHT/LEVEL,ASPHALT,IMPROPER LN USAGE,SAME DIRECTION SIDESWIPE,EAGLESON AVEAVE 3RDST,LN CONTROL,2019-11-02 01:50:00,,,
MONROE SD,BLOOMINGTON,2,0.0,1.0,0.0,0.0,,,,W VERNAL,N CURRY PK,,800.0,E,39.193649833846855,-86.57145525351936,LOCAL/CITY RD,N,URBAN,N,N,N,,DARK (LIGHTED),CLEAR,DRY,,NO JUNCTION INVOLVED,STRAIGHT/GRADE,ASPHALT,FAILURE TO YIELD RIGHT OF WAY,RIGHT ANGLE,NCURRYPKWVERNALPK,OTHER REGULATORY SIGN/MARKING,2019-11-02 19:13:00,,,
INDIANA UNIV BLOOMINGTON PD,BLOOMINGTON,2,0.0,1.0,0.0,0.0,,,,E 3RD,S OVERHILL DR,,,,39.20802418488317,-86.5766305857264,LOCAL/CITY RD,N,URBAN,N,N,N,,DAYLIGHT,CLEAR,DRY,,T-INTERSECTION,STRAIGHT/LEVEL,ASPHALT,IMPROPER TURNING,LEFT TURN,OVERHILLDR3RDST,STOP SIGN,2019-11-02 12:59:00,,,
ISP BLOOMINGTON 33,BLOOMINGTON,1,,0.0,0.0,1.0,,,,ST RD 37,W SMITHVILLE RD,,106.0,S,39.27025373141529,-86.63633915251673,ST RD,,RURAL,N,Y,N,,DARK (NOT LIGHTED),CLEAR,DRY,,FOUR-WAY INTERSECTION,,ASPHALT,ANIMAL/OBJECT IN RDWAY,COLLISION WITH DEER,,,2019-11-02 22:00:00,,,
INDIANA UNIV BLOOMINGTON PD,BLOOMINGTON,2,0.0,0.0,0.0,0.0,,,,N INDIANA,E 10TH ST,,,,39.164521907090275,-86.57331353802742,LOCAL/CITY RD,N,URBAN,N,N,N,,DARK (LIGHTED),CLEAR,DRY,,FOUR-WAY INTERSECTION,STRAIGHT/LEVEL,ASPHALT,DISREGARD SIGNAL/REG SIGN,LEFT TURN,INDIANAAVETENTHST,TRAFFIC CONTROL SIGNAL,2019-11-02 23:10:00,,,
BLOOMINGTON PD,BLOOMINGTON,2,0.0,1.0,0.0,0.0,,,,S WALNUT,E 2ND ST,,100.0,N,39.17161453840335,-86.50219892997652,LOCAL/CITY RD,N,URBAN,N,N,B,,DAYLIGHT,CLEAR,DRY,,NO JUNCTION INVOLVED,STRAIGHT/GRADE,ASPHALT,FOLLOWING TOO CLOSELY,REAR END,2NDSTWALNUTST,NONE,2019-11-02 13:20:00,,,
MONROE SD,BLOOMINGTON,1,0.0,0.0,0.0,1.0,,,,ST RD 37,,,1000.0,N,39.18641948665282,-86.53773370814261,ST RD,N,RURAL,N,Y,N,,DARK (NOT LIGHTED),CLEAR,DRY,,NO JUNCTION INVOLVED,STRAIGHT/GRADE,ASPHALT,ANIMAL/OBJECT IN RDWAY,COLLISION WITH DEER,S ST RD 37ZIKESRD,NONE,2019-11-02 19:53:00,,,
MONROE SD,BLOOMINGTON,1,0.0,0.0,0.0,1.0,,,,ST RD 446,E RUSH RIDGE RD,,500.0,S,39.17323621286404,-86.53483371406894,ST RD,N,RURAL,N,N,N,,DAYLIGHT,CLEAR,DRY,,NO JUNCTION INVOLVED,CURVE/GRADE,ASPHALT,ANIMAL/OBJECT IN RDWAY,COLLISION WITH DEER,RUSHRIDGERDST RD 446S,NONE,2019-11-02 08:24:00,,,
MONROE SD,BLOOMINGTON,1,0.0,0.0,0.0,1.0,,,,ST RD 446,S KNIGHTRIDGE RD,,600.0,N,39.10716695404362,-86.52651323192043,ST RD,N,RURAL,N,N,N,,DARK (NOT LIGHTED),CLEAR,DRY,,NO JUNCTION INVOLVED,STRAIGHT/LEVEL,ASPHALT,ANIMAL/OBJECT IN RDWAY,COLLISION WITH DEER,SKNIGHTRIDGERDST RD 446S,NONE,2019-11-02 21:40:00,,,
BLOOMINGTON PD,BLOOMINGTON,2,0.0,0.0,0.0,0.0,,,,W 12TH,N SUMMIT ST,,50.0,E,39.10732981201849,-86.54487520973665,LOCAL/CITY RD,Y,URBAN,N,N,N,,DAYLIGHT,CLEAR,DRY,,NO JUNCTION INVOLVED,STRAIGHT/LEVEL,ASPHALT,,HEAD ON BETWEEN TWO MOTOR VEHICLES,NSUMMITSTW12THST,NONE,2019-11-02 17:25:00,,,
BLOOMINGTON PD,BLOOMINGTON,2,0.0,3.0,0.0,0.0,,,,W COUNTRY CLUB,S ROCKPORT RD,,,,39.16634094700374,-86.53357652701843,LOCAL/CITY RD,N,URBAN,N,N,N,,DAYLIGHT,CLEAR,DRY,,NO JUNCTION INVOLVED,STRAIGHT/GRADE,ASPHALT,FAILURE TO YIELD RIGHT OF WAY,HEAD ON BETWEEN TWO MOTOR VEHICLES,SROCKPORTRDWCOUNTRYCLUBRD,TRAFFIC CONTROL SIGNAL,2019-11-02 16:30:00,,,
BLOOMINGTON PD,BLOOMINGTON,2,0.0,0.0,0.0,0.0,,,,S WALNUT,W 4TH ST,,,,39.20762252458893,-86.5798847233522,LOCAL/CITY RD,N,URBAN,N,N,N,,DAYLIGHT,CLEAR,DRY,,T-INTERSECTION,STRAIGHT/GRADE,ASPHALT,DISREGARD SIGNAL/REG SIGN,RIGHT ANGLE,4THSTWALNUTST,TRAFFIC CONTROL SIGNAL,2019-11-03 11:15:00,,,
INDIANA UNIV BLOOMINGTON PD,BLOOMINGTON,2,0.0,0.0,0.0,0.0,,,,ST RD 45/46,E 17TH ST,,,,39.12144752230302,-86.53134505147169,ST RD,N,URBAN,N,N,N,,DAYLIGHT,CLEAR,DRY,,T-INTERSECTION,CURVE/LEVEL,ASPHALT,FOLLOWING TOO CLOSELY,REAR END,EAST17THSTST RD 46,TRAFFIC CONTROL SIGNAL,2019-11-03 11:20:00,,,
MONROE SD,BLOOMINGTON,1,0.0,0.0,0.0,0.0,,,,N LOUDEN,W HOWARD,,5000.0,N,39.16419934509337,-86.49086751189508,COUNTY RD,N,RURAL,N,N,N,,DARK (NOT LIGHTED),CLEAR,DRY,,NO JUNCTION INVOLVED,STRAIGHT/GRADE,ASPHALT,RAN OFF RD RIGHT,RAN OFF RD,HOWARDSRDLOUDENRD,NONE,2019-11-03 17:39:00,,,
BLOOMINGTON PD,BLOOMINGTON,2,0.0,0.0,0.0,0.0,,,,N WALNUT,E 2ND ST,,,,39.221361513736845,-86.54961983562472,LOCAL/CITY RD,N,URBAN,N,N,N,,DARK (LIGHTED),CLEAR,DRY,,NO JUNCTION INVOLVED,STRAIGHT/GRADE,ASPHALT,DISREGARD SIGNAL/REG SIGN,RIGHT ANGLE,E 2NDSTNWALNUTST,TRAFFIC CONTROL SIGNAL,2019-11-03 23:16:00,,,
BLOOMINGTON PD,BLOOMINGTON,1,0.0,0.0,0.0,0.0,1965.0,,,S WALNUT,,,500.0,W,39.20908808006785,-86.61139924954561,LOCAL/CITY RD,N,URBAN,N,N,N,,DARK (LIGHTED),CLEAR,DRY,,NO JUNCTION INVOLVED,STRAIGHT/LEVEL,ASPHALT,DRIVER ASLEEP OR FATIGUED,RAN OFF RD,SWALNUTST,NONE,2019-11-03 01:30:00,,,
ELLETTSVILLE PD,ELLETTSVILLE,2,0.0,0.0,0.0,0.0,,,,ST RD 46,W ALLEN ST,,,,39.16817785969857,-86.50346054076968,LOCAL/CITY RD,N,URBAN,N,N,N,,DAYLIGHT,CLOUDY,DRY,,NO JUNCTION INVOLVED,STRAIGHT/HILLCREST,ASPHALT,FOLLOWING TOO CLOSELY,REAR END,ALLENSTMAINST,LN CONTROL,2019-11-03 12:02:00,,,
BLOOMINGTON PD,BLOOMINGTON,2,0.0,0.0,0.0,0.0,,,,W 3RD,I-69,,,,39.16884945947203,-86.51616543609687,LOCAL/CITY RD,Y,URBAN,N,N,N,,DAYLIGHT,CLEAR,DRY,,FOUR-WAY INTERSECTION,STRAIGHT/LEVEL,CONCRETE,DISREGARD SIGNAL/REG SIGN,SAME DIRECTION SIDESWIPE,SSTATERD37RAMPW 3RDST,TRAFFIC CONTROL SIGNAL,2019-11-04 15:05:00,,,
BLOOMINGTON PD,BLOOMINGTON,2,0.0,0.0,0.0,0.0,,,,E 3RD,S WALNUT ST,,,,39.179001194951,-86.5236447850422,LOCAL/CITY RD,N,URBAN,N,N,N,,DAYLIGHT,CLOUDY,DRY,,FOUR-WAY INTERSECTION,STRAIGHT/LEVEL,ASPHALT,FOLLOWING TOO CLOSELY,REAR END,EAST3RDSTSOUTHWALNUTST,TRAFFIC CONTROL SIGNAL,2019-11-04 10:47:00,,,
BLOOMINGTON PD,BLOOMINGTON,2,0.0,0.0,0.0,0.0,,,,W 2ND,S ROGERS ST,,,,39.04822970076706,-86.53642908957237,LOCAL/CITY RD,N,URBAN,N,N,N,,DARK (LIGHTED),RAIN,WET,,FOUR-WAY INTERSECTION,STRAIGHT/LEVEL,ASPHALT,FAILURE TO YIELD RIGHT OF WAY,LEFT TURN,SROGERSSTW 2NDST,TRAFFIC CONTROL SIGNAL,2019-11-04 21:20:00,,,
BLOOMINGTON PD,BLOOMINGTON,2,0.0,0.0,0.0,0.0,,,,S WALNUT,W SMITH AVE,,150.0,S,39.16656860396448,-86.52835519808364,LOCAL/CITY RD,N,URBAN,N,N,N,,DAYLIGHT,CLEAR,DRY,,NO JUNCTION INVOLVED,STRAIGHT/LEVEL,ASPHALT,FOLLOWING TOO CLOSELY,REAR END,SWALNUTSTWSMITHAVE,NONE,2019-11-04 07:57:00,,,
BLOOMINGTON PD,BLOOMINGTON,2,1.0,0.0,0.0,0.0,,,,E KIRKWOOD,S GRANT ST,,,,39.17160200711673,-86.50219920842358,LOCAL/CITY RD,N,URBAN,N,N,N,,DAYLIGHT,CLOUDY,DRY,,FOUR-WAY INTERSECTION,STRAIGHT/LEVEL,ASPHALT,FAILURE TO YIELD RIGHT OF WAY,SAME DIRECTION SIDESWIPE,EKIRKWOODAVESGRANTST,STOP SIGN,2019-11-04 11:10:00,,,
BLOOMINGTON PD,BLOOMINGTON,1,0.0,1.0,0.0,0.0,,120,A,I-69 N,,,,,39.16431758006636,-86.47207479055798,INTERSTATE,N,URBAN,N,Y,N,,DAYLIGHT,CLEAR,DRY,,RAMP,CURVE/GRADE,ASPHALT,BRAKE FAILURE OR DEFECTIVE,RAN OFF RD,I-69E,NONE,2019-11-04 10:07:00,,,
MONROE SD,BLOOMINGTON,1,0.0,0.0,0.0,0.0,,,,N OARD,W VERNAL PK,,,,39.186379655401154,-86.53772870814251,LOCAL/CITY RD,N,RURAL,N,N,N,,DARK (NOT LIGHTED),RAIN,WET,,T-INTERSECTION,CURVE/GRADE,ASPHALT,SPEED TOO FAST FOR WEATHER CONDITIONS,RAN OFF RD,OARDRDVERNALPK,NONE,2019-11-04 19:47:00,,,
BLOOMINGTON PD,BLOOMINGTON,2,0.0,0.0,0.0,0.0,,,,N PARK,E 10TH ST,,,,39.164596586198726,-86.5829806946434,LOCAL/CITY RD,Y,URBAN,N,N,N,,DAWN/DUSK,CLOUDY,WET,,FOUR-WAY INTERSECTION,STRAIGHT/GRADE,ASPHALT,OTHER (DRIVER) - EXPLAIN IN NARRATIVE,OTHER - EXPLAIN IN NARRATIVE,E 10THSTNPARKAVE,NONE,2019-11-04 17:30:00,,,
MONROE SD,BLOOMINGTON,1,0.0,0.0,0.0,1.0,,,,N UNION VALLEY,MAEFIELD DR,,,,39.16139,-86.53499,LOCAL/CITY RD,N,URBAN,N,N,N,,DARK (LIGHTED),CLOUDY,ICE,,FOUR-WAY INTERSECTION,STRAIGHT/HILLCREST,ASPHALT,ANIMAL/OBJECT IN RDWAY,COLLISION WITH DEER,MAEFIELDDRNUNIONVALLEYRD,NONE,2019-11-04 06:45:00,,,
MONROE SD,BLOOMINGTON,1,0.0,0.0,0.0,0.0,7525.0,,,S FAIRFAX,,,400.0,S,39.17041654169712,-86.53489441310082,COUNTY RD,N,RURAL,N,N,N,,DAYLIGHT,CLOUDY,DRY,,NO JUNCTION INVOLVED,CURVE/LEVEL,ASPHALT,ANIMAL/OBJECT IN RDWAY,RAN OFF RD,7525FAIRFAXRDBERNICEDR,NO PASSING ZONE,2019-11-04 11:04:00,,,
MONROE SD,BLOOMINGTON,1,0.0,0.0,0.0,1.0,,,,ST RD 37,W INGRAM RD,,800.0,N,39.170442678989616,-86.53489642825188,ST RD,N,RURAL,N,Y,N,,DARK (NOT LIGHTED),RAIN,WET,,NO JUNCTION INVOLVED,STRAIGHT/LEVEL,ASPHALT,ANIMAL/OBJECT IN RDWAY,COLLISION WITH DEER,N ST RD 37WINGRAMRD,LN CONTROL,2019-11-04 18:44:00,,,
MONROE SD,ELLETTSVILLE,3,0.0,1.0,0.0,0.0,,,,ST RD 46,,,1250.0,W,39.1676472325443,-86.50005986816255,ST RD,N,RURAL,N,Y,N,,DAYLIGHT,CLEAR,DRY,,NO JUNCTION INVOLVED,STRAIGHT/GRADE,ASPHALT,FOLLOWING TOO CLOSELY,REAR END,ST RD 46 WWARLINGTONRD,LN CONTROL,2019-11-04 07:28:00,,,
MONROE SD,BLOOMINGTON,1,0.0,0.0,0.0,0.0,,,,W MAPLE GROVE,N BOTTOM RD,,6000.0,W,39.16438999922235,-86.55634722508525,LOCAL/CITY RD,N,RURAL,N,N,N,,DARK (NOT LIGHTED),RAIN,WET,,NO JUNCTION INVOLVED,CURVE/LEVEL,ASPHALT,RAN OFF RD RIGHT,RAN OFF RD,NBOTTOMRDWMAPLEGROVERD,OTHER REGULATORY SIGN/MARKING,2019-11-04 19:27:00,,,
INDIANA UNIV BLOOMINGTON PD,BLOOMINGTON,1,0.0,2.0,0.0,0.0,,,,ST RD 45,ST RD 45/46,,,,39.15124517255099,-86.58262024995797,ST RD,N,URBAN,N,N,N,,DARK (NOT LIGHTED),CLEAR,DRY,,FOUR-WAY INTERSECTION,STRAIGHT/LEVEL,ASPHALT,FAILURE TO YIELD RIGHT OF WAY,LEFT/RIGHT TURN,10THSTST RD 45N,TRAFFIC CONTROL SIGNAL,2019-11-05 23:43:00,,,True
MONROE SD,BLOOMINGTON,1,0.0,0.0,0.0,1.0,,,,ST RD 37,E SMITHVILLE RD,,,,39.16847821842703,-86.52696559355834,ST RD,N,RURAL,N,N,N,,DARK (NOT LIGHTED),CLEAR,DRY,,FOUR-WAY INTERSECTION,STRAIGHT/GRADE,ASPHALT,ANIMAL/OBJECT IN RDWAY,COLLISION WITH DEER,SMITHVILLERDS ST RD 37,NONE,2019-11-05 17:59:00,,,
MONROE SD,BLOOMINGTON,1,0.0,0.0,0.0,1.0,,,,ST RD 45,E BETHEL LN,,300.0,E,39.27325419389654,-86.52855582175242,ST RD,N,RURAL,N,N,N,,DARK (NOT LIGHTED),CLEAR,DRY,,T-INTERSECTION,STRAIGHT/LEVEL,ASPHALT,ANIMAL/OBJECT IN RDWAY,COLLISION WITH DEER,EBETHELLNST RD 45E,NONE,2019-11-05 19:19:00,,,