Agency,City,Vehicles Involved,Trailers Involved,Number Injured,Number Dead,Number Deer,House Number,Roadway Interchange,Roadway Ramp,Roadway Id,Intersecting Road,Interchange,Feet From,Direction,Latitude,Longitude,Roadway Class,Hit and Run?,Locality,School Zone?,Rumble Strips?,Construction?,Construction Type,Light Condition,Weather Conditions,Surface Condition,Type of Median,Roadway Junction Type,Road Character,Roadway Surface,Primary Factor,Manner of Collision,Unique Location Id,Traffic Control,DateTime,Address Number,Cyclist Involved,Pedestrian Involved
BLOOMINGTON PD,BLOOMINGTON,2,0.0,0.0,0.0,0.0,,,,N MORTON,W 9TH ST,,,,39.19065696687389,-86.58318593404374,LOCAL/CITY RD,N,URBAN,N,N,N,,DAYLIGHT,CLOUDY,WET,,T-INTERSECTION,STRAIGHT/LEVEL,ASPHALT,FAILURE TO YIELD RIGHT OF WAY,OPPOSITE DIRECTION SIDESWIPE,9THSTMORTONST,LN CONTROL,2019-12-16 12:14:00,,,
INDIANA UNIV BLOOMINGTON PD,BLOOMINGTON,1,0.0,0.0,0.0,0.0,,,,N EAGLESON AVE,E 10TH ST,,,,39.1435481758883,-86.58034710847076,LOCAL/CITY RD,N,URBAN,N,N,N,,DARK (NOT LIGHTED),SLEET/HAIL/FREEZING RAIN,WET,,FOUR-WAY INTERSECTION,STRAIGHT/LEVEL,ASPHALT,PEDESTRIAN ACTION,LEFT TURN,EAGLESON AVEAVETENTHST,TRAFFIC CONTROL SIGNAL,2019-12-16 22:05:00,,,True
BLOOMINGTON PD,BLOOMINGTON,1,0.0,0.0,0.0,0.0,,,,N WALNUT,W ST RD 37,,681.0,S,39.07804956367036,-86.5835061071129,LOCAL/CITY RD,Y,URBAN,N,N,N,,DARK (NOT LIGHTED),SNOW,SNOW/SLUSH,,NO JUNCTION INVOLVED,STRAIGHT/GRADE,ASPHALT,SPEED TOO FAST FOR WEATHER CONDITIONS,RAN OFF RD,NWALNUTSTOLDSTATERD37RD,LN CONTROL,2019-12-16 01:45:00,,,
BLOOMINGTON PD,BLOOMINGTON,1,0.0,1.0,0.0,1.0,,,,W BLOOMFIELD,S BASSWOOD DR,,2000.0,E,39.078107780963926,-86.58348331231872,LOCAL/CITY RD,N,URBAN,N,N,N,,DAYLIGHT,SNOW,SNOW/SLUSH,,NO JUNCTION INVOLVED,CURVE/GRADE,ASPHALT,ANIMAL/OBJECT IN RDWAY,COLLISION WITH DEER,SBASSWOODDRWBLOOMFIELDRD,NONE,2019-12-16 12:34:00,,,
ISP BLOOMINGTON 33,BLOOMINGTON,1,,0.0,0.0,0.0,,,,I-69 N,,,106.0,N,39.16636926677207,-86.57832224806683,INTERSTATE,,RURAL,N,N,N,,DAYLIGHT,SLEET/HAIL/FREEZING RAIN,SNOW/SLUSH,,NO JUNCTION INVOLVED,,ASPHALT,SPEED TOO FAST FOR WEATHER CONDITIONS,OTHER - EXPLAIN IN NARRATIVE,,,2019-12-16 15:35:00,,,
MONROE SD,BLOOMINGTON,1,0.0,0.0,0.0,0.0,,,,I-69 N,,,,,39.136044124309755,-86.53878940175396,ST RD,N,RURAL,N,Y,N,,DAYLIGHT,SLEET/HAIL/FREEZING RAIN,SNOW/SLUSH,,NO JUNCTION INVOLVED,CURVE/LEVEL,ASPHALT,RAN OFF RD RIGHT,RAN OFF RD,NORMANDERSONRDST RD 37,NONE,2019-12-16 16:09:00,,,
MONROE SD,BLOOMINGTON,2,1.0,1.0,0.0,0.0,,,,I-69 N,,,100.0,S,39.20117420537699,-86.60176452290355,INTERSTATE,N,RURAL,N,Y,N,,DARK (NOT LIGHTED),SLEET/HAIL/FREEZING RAIN,WET,,NO JUNCTION INVOLVED,STRAIGHT/LEVEL,ASPHALT,OTHER (DRIVER) - EXPLAIN IN NARRATIVE,SAME DIRECTION SIDESWIPE,I-69 NNWALNUTST,NONE,2019-12-16 17:45:00,,,
MONROE SD,BLOOMINGTON,1,0.0,0.0,0.0,0.0,,,,I-69 N,,,100.0,S,39.209919764280016,-86.58272162746597,INTERSTATE,N,RURAL,N,Y,N,,DARK (NOT LIGHTED),SLEET/HAIL/FREEZING RAIN,SNOW/SLUSH,,NO JUNCTION INVOLVED,STRAIGHT/LEVEL,ASPHALT,RAN OFF RD RIGHT,RAN OFF RD,I-69 N122.0,NONE,2019-12-16 17:36:00,,,
MONROE SD,ELLETTSVILLE,1,0.0,0.0,0.0,0.0,,,,N THOMAS,,,3000.0,S,39.135968476785614,-86.53112531057344,COUNTY RD,N,RURAL,N,N,N,,DAYLIGHT,SNOW,SNOW/SLUSH,,NO JUNCTION INVOLVED,STRAIGHT/HILLCREST,ASPHALT,RAN OFF RD RIGHT,RAN OFF RD,NTHOMASRDSALEST,NONE,2019-12-16 07:58:00,,,
BLOOMINGTON PD,BLOOMINGTON,2,0.0,0.0,0.0,0.0,,,,S COLLEGE MALL,ENTRANCE TO JACKSON CREEK SHOPPING CENTER,,,,39.17144088119261,-86.49540546805882,LOCAL/CITY RD,N,URBAN,N,N,N,,DAYLIGHT,CLOUDY,WET,,T-INTERSECTION,STRAIGHT/GRADE,ASPHALT,FAILURE TO YIELD RIGHT OF WAY,OPPOSITE DIRECTION SIDESWIPE,COLLEGEMALLRDENTRANCETOKROGERDR,STOP SIGN,2019-12-16 12:26:00,,,
BLOOMINGTON PD,BLOOMINGTON,2,0.0,0.0,0.0,0.0,,,,W 7TH,S DUNN ST,,,,39.16421451119002,-86.51641429341569,LOCAL/CITY RD,Y,,N,N,N,,DAYLIGHT,RAIN,WET,,FOUR-WAY INTERSECTION,STRAIGHT/LEVEL,ASPHALT,DISREGARD SIGNAL/REG SIGN,OTHER - EXPLAIN IN NARRATIVE,SDUNNSTW7THST,STOP SIGN,2019-12-16 15:05:00,,,
BLOOMINGTON PD,BLOOMINGTON,2,0.0,0.0,0.0,0.0,,,,ST RD 46,KINGSTON DR S,,,,,,LOCAL/CITY RD,N,URBAN,N,N,N,,DAYLIGHT,CLEAR,DRY,,FOUR-WAY INTERSECTION,STRAIGHT/LEVEL,ASPHALT,DISREGARD SIGNAL/REG SIGN,RIGHT ANGLE,3RDSTKINGSTONDR,TRAFFIC CONTROL SIGNAL,2019-12-17 12:09:00,,,
BLOOMINGTON PD,BLOOMINGTON,2,0.0,2.0,0.0,0.0,,,,S WALNUT,W GRIMES LN,,,,39.070935550479184,-86.53643942554386,LOCAL/CITY RD,N,URBAN,N,N,N,,DAYLIGHT,CLOUDY,WET,,FOUR-WAY INTERSECTION,STRAIGHT/GRADE,ASPHALT,FAILURE TO YIELD RIGHT OF WAY,RIGHT ANGLE,GRIMESLNWALNUTST,TRAFFIC CONTROL SIGNAL,2019-12-17 13:04:00,,,
INDIANA UNIV BLOOMINGTON PD,BLOOMINGTON,2,0.0,1.0,0.0,0.0,,,,ST RD 45/46,E 17TH ST,,,,39.1642874719008,-86.47211933239626,ST RD,N,URBAN,N,N,N,,DAYLIGHT,CLEAR,WET,,T-INTERSECTION,STRAIGHT/LEVEL,ASPHALT,FAILURE TO YIELD RIGHT OF WAY,LEFT TURN,EAST17THSTST RD 46,TRAFFIC CONTROL SIGNAL,2019-12-17 13:28:00,,,
ELLETTSVILLE PD,ELLETTSVILLE,1,0.0,0.0,0.0,0.0,,,,N MATTHEWS,ST RD 46,,,,39.164262734140394,-86.50939811476688,LOCAL/CITY RD,N,URBAN,N,N,N,,DAWN/DUSK,SNOW,SNOW/SLUSH,,NO JUNCTION INVOLVED,CURVE/LEVEL,ASPHALT,RDWAY SURFACE CONDITION,RAN OFF RD,MAINSTMATTHEWSDRDR,NONE,2019-12-17 07:00:00,,,
MONROE SD,BLOOMINGTON,3,0.0,0.0,0.0,0.0,,,,ST RD 37,S VICTOR PK,,,,39.16310035471383,-86.52592242063174,ST RD,N,URBAN,N,Y,N,,DARK (LIGHTED),CLEAR,WET,,FOUR-WAY INTERSECTION,STRAIGHT/LEVEL,ASPHALT,DISREGARD SIGNAL/REG SIGN,RIGHT ANGLE,S ST RD 37VICTORPK,NONE,2019-12-17 18:13:00,,,
INDIANA UNIV BLOOMINGTON PD,BLOOMINGTON,2,0.0,0.0,0.0,0.0,,,,E 10TH,N FEE LN,,,,39.149764853843045,-86.57327284628475,LOCAL/CITY RD,N,URBAN,N,N,N,,DAYLIGHT,CLEAR,WET,,T-INTERSECTION,STRAIGHT/LEVEL,ASPHALT,FOLLOWING TOO CLOSELY,REAR END,FEELNTENTHST,TRAFFIC CONTROL SIGNAL,2019-12-17 15:00:00,,,
MONROE SD,BLOOMINGTON,1,0.0,0.0,0.0,0.0,,,,N MT TABOR,N BOTTOM RD,,,,39.24098556147042,-86.63202720746523,LOCAL/CITY RD,N,URBAN,N,N,N,,DAYLIGHT,CLEAR,LOOSE MATERIAL ON RD,,T-INTERSECTION,CURVE/LEVEL,ASPHALT,RAN OFF RD RIGHT,RAN OFF RD,NBOTTOMRDNMTTABORRD,NONE,2019-12-17 14:39:00,,,
BLOOMINGTON PD,BLOOMINGTON,2,0.0,0.0,0.0,0.0,,,,S HENDERSON,E MILLER DR,,200.0,S,39.13651568213357,-86.56036875085115,LOCAL/CITY RD,N,URBAN,N,N,N,,DARK (LIGHTED),SNOW,SNOW/SLUSH,,NO JUNCTION INVOLVED,STRAIGHT/LEVEL,ASPHALT,DISREGARD SIGNAL/REG SIGN,RIGHT ANGLE,HENDERSONSTMILLERDR,STOP SIGN,2019-12-17 03:45:00,,,
BLOOMINGTON PD,BLOOMINGTON,1,0.0,0.0,0.0,0.0,,,,S LEONARD SPRINGS,W HEATHERWOOD LN,,,,39.16453,-86.57327,LOCAL/CITY RD,N,URBAN,N,N,N,,DARK (NOT LIGHTED),SNOW,SNOW/SLUSH,,T-INTERSECTION,STRAIGHT/GRADE,ASPHALT,RDWAY SURFACE CONDITION,RAN OFF RD,SLEONARDSPRINGSRDWHEATHERWOODLN,NONE,2019-12-17 07:05:00,,,
BLOOMINGTON PD,BLOOMINGTON,3,0.0,0.0,0.0,0.0,,,,S LEONARD SPRINGS,W MAYBURY MALL  ,,,,39.17162,-86.50215,LOCAL/CITY RD,N,URBAN,N,N,N,,DAYLIGHT,CLEAR,WET,,T-INTERSECTION,STRAIGHT/LEVEL,ASPHALT,FOLLOWING TOO CLOSELY,OTHER - EXPLAIN IN NARRATIVE,SLEONARDSPRINGSRDWMAYBERRYMALLST,NONE,2019-12-17 10:55:00,,,
MONROE SD,BLOOMINGTON,2,0.0,4.0,0.0,0.0,,,,S ROCKPORT,S HARMONY RD,,450.0,N,39.13595842048058,-86.52881640367727,LOCAL/CITY RD,N,RURAL,N,N,N,,DAYLIGHT,CLEAR,ICE,,NO JUNCTION INVOLVED,CURVE/GRADE,ASPHALT,LEFT OF CENTER,HEAD ON BETWEEN TWO MOTOR VEHICLES,SHARMONYRDSROCKPORTRD,NONE,2019-12-17 12:24:00,,,
MONROE SD,BLOOMINGTON,1,0.0,0.0,0.0,0.0,,,,S SHIELDS RIDGE,E RAMP CREEK RD,,1000.0,S,39.13681159528378,-86.57323526730752,COUNTY RD,N,RURAL,N,N,N,,DAWN/DUSK,SNOW,SNOW/SLUSH,,INTERCHANGE,CURVE/LEVEL,ASPHALT,RAN OFF RD RIGHT,RAN OFF RD,ERAMPCREEKRDSSHIELDSRIDGERD,NO PASSING ZONE,2019-12-17 07:21:00,,,
ISP BLOOMINGTON 33,BLOOMINGTON,1,,0.0,0.0,0.0,,,,ST RD 446,S KNIGHTRIDGE RD,,0.0,S,39.17160702147112,-86.50218275484252,ST RD,,RURAL,N,N,N,,DAYLIGHT,SNOW,SNOW/SLUSH,,NO JUNCTION INVOLVED,,ASPHALT,UNSAFE SPEED,RAN OFF RD,,,2019-12-17 08:45:00,,,
MONROE SD,ELLETTSVILLE,1,0.0,0.0,0.0,0.0,9315.0,,,ST RD 46,N SISCOE LN,,240.0,S,39.13599,-86.52881,UNKNOWN,Y,RURAL,N,N,N,,DARK (NOT LIGHTED),CLEAR,DRY,,NO JUNCTION INVOLVED,CURVE/GRADE,ASPHALT,RAN OFF RD RIGHT,RAN OFF RD,WSTATERD46RD,NONE,2019-12-17 20:30:00,,,
MONROE SD,BLOOMINGTON,2,0.0,0.0,0.0,0.0,,,,ST RD 48,S FIELDSTONE BLVD,,,,39.135921355864085,-86.53115169546417,ST RD,N,URBAN,N,N,N,,DAYLIGHT,CLOUDY,ICE,,T-INTERSECTION,STRAIGHT/GRADE,ASPHALT,FOLLOWING TOO CLOSELY,REAR END,FIELDSTONEBLVDST RD 48W,STOP SIGN,2019-12-17 09:25:00,,,
ISP BLOOMINGTON 33,BLOOMINGTON,3,,0.0,0.0,0.0,,,,ST RD 48,I-69,,264.0,W,39.17163796141818,-86.5335727302208,ST RD,,URBAN,N,N,N,,DAYLIGHT,CLEAR,DRY,,RAMP,,CONCRETE,FAILURE TO YIELD RIGHT OF WAY,LEFT TURN,,,2019-12-18 16:55:00,,,
BLOOMINGTON PD,BLOOMINGTON,2,0.0,0.0,0.0,0.0,,,,W BLOOMFIELD,I-69,Y,,,39.16311746113428,-86.52264401897419,LOCAL/CITY RD,Y,URBAN,N,N,N,,DAYLIGHT,CLEAR,DRY,,FOUR-WAY INTERSECTION,STRAIGHT/LEVEL,CONCRETE,FAILURE TO YIELD RIGHT OF WAY,SAME DIRECTION SIDESWIPE,SOUTHINTERSTATE69RAMPWESTBLOOMFIELDRD,TRAFFIC CONTROL SIGNAL,2019-12-18 15:00:00,,,
BLOOMINGTON PD,BLOOMINGTON,1,0.0,0.0,0.0,0.0,,,,I-69 S,W TAPP RD,Y,400.0,S,39.177132806127,-86.51253670010713,INTERSTATE,N,URBAN,N,N,N,,DARK (NOT LIGHTED),CLOUDY,WET,,NO JUNCTION INVOLVED,STRAIGHT/LEVEL,CONCRETE,DRIVER ASLEEP OR FATIGUED,RAN OFF RD,I-69STAPPRD,NONE,2019-12-18 01:22:00,,,
INDIANA UNIV BLOOMINGTON PD,BLOOMINGTON,2,0.0,0.0,0.0,0.0,,,,S SWAIN,E 3RD ST,,,,39.640349781104185,-86.85658122596456,LOCAL/CITY RD,N,URBAN,N,N,N,,DAYLIGHT,CLEAR,DRY,,T-INTERSECTION,STRAIGHT/GRADE,ASPHALT,FOLLOWING TOO CLOSELY,REAR END,SWAINAVE 3RDST,NONE,2019-12-18 12:19:00,,,
BLOOMINGTON PD,BLOOMINGTON,3,0.0,0.0,0.0,0.0,,,,W 3RD,S LANDMARK AVE,,,,39.16458202333813,-86.57916707171405,LOCAL/CITY RD,N,URBAN,N,N,N,,DARK (LIGHTED),CLEAR,DRY,,FOUR-WAY INTERSECTION,STRAIGHT/GRADE,ASPHALT,FOLLOWING TOO CLOSELY,REAR END,3RDSTLANDMARKAVE,TRAFFIC CONTROL SIGNAL,2019-12-18 22:05:00,,,
MONROE SD,BLOOMINGTON,2,0.0,0.0,0.0,0.0,,,,E SMITHVILLE,ST RD 37,,,,39.17967298295045,-86.50731674550538,COUNTY RD,N,RURAL,N,N,N,,DAYLIGHT,CLEAR,LOOSE MATERIAL ON RD,,NO JUNCTION INVOLVED,STRAIGHT/GRADE,ASPHALT,FOLLOWING TOO CLOSELY,REAR TO REAR,ESMITHVILLERDS ST RD 37,LN CONTROL,2019-12-18 07:23:00,,,
MONROE SD,BLOOMINGTON,2,0.0,0.0,0.0,0.0,,,,S VICTOR,ST RD 37,,,,39.17156100549957,-86.51570328307432,COUNTY RD,N,RURAL,N,N,N,,DAYLIGHT,CLEAR,DRY,,FOUR-WAY INTERSECTION,STRAIGHT/LEVEL,ASPHALT,FOLLOWING TOO CLOSELY,REAR END,SVICTORPKRDSOUTHSTATERD37RD,NONE,2019-12-18 13:50:00,,,
BLOOMINGTON PD,BLOOMINGTON,2,0.0,0.0,0.0,0.0,,,,E 17TH,N LINCOLN ST,,,,39.085233858091804,-86.54275466026385,LOCAL/CITY RD,N,URBAN,N,N,N,,DAYLIGHT,CLEAR,DRY,,FOUR-WAY INTERSECTION,STRAIGHT/GRADE,ASPHALT,FAILURE TO YIELD RIGHT OF WAY,RIGHT ANGLE,E17THSTNLINCOLNST,STOP SIGN,2019-12-18 14:49:00,,,
INDIANA UNIV BLOOMINGTON PD,BLOOMINGTON,2,0.0,0.0,0.0,0.0,,,,E LINGELBACH,N EAGLESON AVE,,,,39.223158187906755,-86.60911364740454,LOCAL/CITY RD,N,URBAN,N,N,N,,DAYLIGHT,CLOUDY,DRY,,T-INTERSECTION,STRAIGHT/LEVEL,ASPHALT,FAILURE TO YIELD RIGHT OF WAY,RIGHT ANGLE,EAGLESON AVEAVELINGELBACHLN,STOP SIGN,2019-12-18 08:30:00,,,
MONROE SD,BLOOMINGTON,1,0.0,0.0,0.0,1.0,,,,S WALNUT,W WAYSIDE DR,,600.0,N,39.149747164105584,-86.56893065152843,LOCAL/CITY RD,N,URBAN,N,N,N,,DARK (LIGHTED),CLEAR,DRY,,NO JUNCTION INVOLVED,STRAIGHT/GRADE,ASPHALT,ANIMAL/OBJECT IN RDWAY,COLLISION WITH DEER,SOLD37RDWAYSIDEDR,LN CONTROL,2019-12-18 04:50:00,,,
BLOOMINGTON PD,BLOOMINGTON,2,0.0,1.0,0.0,0.0,,,,N WALNUT,ST RD 45/46,,,,-4.0117101970158156e-05,-1.2198626094765748e-05,ST RD,Y,URBAN,N,N,N,,DARK (LIGHTED),CLEAR,DRY,,NO JUNCTION INVOLVED,STRAIGHT/LEVEL,ASPHALT,DISREGARD SIGNAL/REG SIGN,RIGHT ANGLE,NWALNUTSTST RD 4546E,TRAFFIC CONTROL SIGNAL,2019-12-19 06:40:00,,,
BLOOMINGTON PD,BLOOMINGTON,2,0.0,0.0,0.0,0.0,,,,W 3RD,S LANDMARK AVE,,,,39.179007777077175,-86.52113408534358,LOCAL/CITY RD,N,URBAN,N,N,N,,DAYLIGHT,CLEAR,DRY,,FOUR-WAY INTERSECTION,STRAIGHT/LEVEL,ASPHALT,FAILURE TO YIELD RIGHT OF WAY,SAME DIRECTION SIDESWIPE,LANDMARKAVEW 3RDST,TRAFFIC CONTROL SIGNAL,2019-12-19 14:49:00,,,
MONROE SD,BLOOMINGTON,2,0.0,0.0,0.0,0.0,,,,DANIELS,W ZENITH DR,,,,39.16882877775074,-86.51618951179701,LOCAL/CITY RD,N,URBAN,N,N,N,,DAYLIGHT,CLEAR,DRY,,T-INTERSECTION,STRAIGHT/LEVEL,ASPHALT,FAILURE TO YIELD RIGHT OF WAY,RIGHT ANGLE,DANIELSWAYZENITHDR,NONE,2019-12-19 16:42:00,,,
BLOOMINGTON PD,BLOOMINGTON,2,0.0,0.0,0.0,0.0,,,,E 16TH,N DUNN ST,,50.0,W,39.15013371741688,-86.48501570613155,LOCAL/CITY RD,Y,URBAN,N,N,N,,DAYLIGHT,CLEAR,DRY,,NO JUNCTION INVOLVED,STRAIGHT/GRADE,ASPHALT,,BACKING CRASH,E16THSTNDUNNST,NONE,2019-12-19 15:20:00,,,
BLOOMINGTON PD,BLOOMINGTON,2,0.0,0.0,0.0,0.0,,,,S HENDERSON,E GRIMES LN,,,,41.252580587585115,-85.08956437284287,LOCAL/CITY RD,N,URBAN,N,N,N,,DARK (LIGHTED),CLEAR,DRY,,FOUR-WAY INTERSECTION,STRAIGHT/LEVEL,ASPHALT,FAILURE TO YIELD RIGHT OF WAY,RIGHT ANGLE,EGRIMESLNSHENDERSONST,STOP SIGN,2019-12-19 19:07:00,,,
ISP BLOOMINGTON 33,BLOOMINGTON,2,,0.0,0.0,0.0,,,,S ROCKPORT,W TAPP RD,,0.0,S,39.29926237284309,-86.51852820974601,LOCAL/CITY RD,,RURAL,N,N,N,,DARK (LIGHTED),CLEAR,DRY,,FOUR-WAY INTERSECTION,,ASPHALT,FAILURE TO YIELD RIGHT OF WAY,RIGHT ANGLE,,,2019-12-19 07:15:00,,,
INDIANA UNIV BLOOMINGTON PD,BLOOMINGTON,2,0.0,0.0,0.0,0.0,,,,S ROSE,E JONES AVE,,200.0,N,39.149765064075424,-86.56893349775937,LOCAL/CITY RD,N,URBAN,N,N,N,,DAYLIGHT,CLEAR,DRY,,NO JUNCTION INVOLVED,STRAIGHT/GRADE,ASPHALT,FAILURE TO YIELD RIGHT OF WAY,LEFT TURN,EJONESAVESROSEAVE,NONE,2019-12-19 17:17:00,,,
BLOOMINGTON PD,BLOOMINGTON,2,0.0,0.0,0.0,0.0,,,,S WALNUT,W 2ND ST,,100.0,S,-3.630828742130837e-05,-2.6220656657579694e-05,LOCAL/CITY RD,N,URBAN,N,N,N,,DARK (LIGHTED),CLEAR,DRY,,FOUR-WAY INTERSECTION,STRAIGHT/LEVEL,ASPHALT,FOLLOWING TOO CLOSELY,REAR END,SWALNUTSTW 2NDST,TRAFFIC CONTROL SIGNAL,2019-12-19 18:50:00,,,
MONROE SD,BLOOMINGTON,2,0.0,0.0,0.0,0.0,,,,W FAIRINGTON,S LEONARD SPRINGS RD,,1100.0,E,39.16551812093257,-86.52695126888884,LOCAL/CITY RD,N,URBAN,N,N,N,,DARK (NOT LIGHTED),CLEAR,DRY,,NO JUNCTION INVOLVED,STRAIGHT/LEVEL,ASPHALT,UNSAFE BACKING,BACKING CRASH,FAIRINGTONDRLEONARDSPRINGSRD,NONE,2019-12-19 06:17:00,,,
INDIANA UNIV BLOOMINGTON PD,BLOOMINGTON,2,0.0,0.0,0.0,0.0,,,,E 10TH,N WOODLAWN AVE,,,,39.218075597508516,-86.59271566249704,LOCAL/CITY RD,N,URBAN,N,N,N,,DARK (LIGHTED),CLEAR,DRY,,FOUR-WAY INTERSECTION,STRAIGHT/LEVEL,ASPHALT,FAILURE TO YIELD RIGHT OF WAY,LEFT TURN,10THSTWOODLAWNAVE,TRAFFIC CONTROL SIGNAL,2019-12-20 17:45:00,,,
BLOOMINGTON PD,BLOOMINGTON,2,0.0,0.0,0.0,0.0,,,,S COLLEGE,W 1ST,,,,39.07947284171197,-86.66652340211884,LOCAL/CITY RD,N,URBAN,N,N,N,,DAYLIGHT,CLEAR,DRY,,T-INTERSECTION,STRAIGHT/LEVEL,ASPHALT,IMPROPER TURNING,LEFT TURN,SCOLLEGEAVEW1STST,TRAFFIC CONTROL SIGNAL,2019-12-20 10:30:00,,,
ISP BLOOMINGTON 33,BLOOMINGTON,2,,0.0,0.0,0.0,,,,ST RD 37,S VICTOR PK,,500.0,N,39.163591468503135,-86.64990592688386,ST RD,,RURAL,N,N,N,,DAWN/DUSK,CLOUDY,DRY,,NO JUNCTION INVOLVED,,ASPHALT,DRIVER DISTRACTED - EXPLAIN IN NARRATIVE,REAR END,,,2019-12-20 16:43:00,,,
BLOOMINGTON PD,BLOOMINGTON,2,0.0,0.0,0.0,0.0,,,,W KIRKWOOD,S ADAMS ST,,,,39.14392811083676,-86.58263732227053,LOCAL/CITY RD,N,URBAN,N,N,N,,DARK (LIGHTED),CLEAR,DRY,,FOUR-WAY INTERSECTION,CURVE/GRADE,ASPHALT,IMPROPER LN USAGE,SAME DIRECTION SIDESWIPE,SADAMSSTWKIRKWOODAVE,TRAFFIC CONTROL SIGNAL,2019-12-20 19:12:00,,,
BLOOMINGTON PD,BLOOMINGTON,2,0.0,0.0,0.0,0.0,,,,N INDIANA,E 7TH ST,,,,39.09985685021914,-86.51784146994457,LOCAL/CITY RD,N,URBAN,N,N,N,,DARK (LIGHTED),CLEAR,DRY,,FOUR-WAY INTERSECTION,STRAIGHT/LEVEL,ASPHALT,DISREGARD SIGNAL/REG SIGN,OTHER - EXPLAIN IN NARRATIVE,E7THSTNINDIANAAVE,STOP SIGN,2019-12-20 18:28:00,,,
ELLETTSVILLE PD,ELLETTSVILLE,1,0.0,0.0,0.0,1.0,,,,ST RD 46,N JACCOB ST,,500.0,E,39.086543681529754,-86.63844828268837,ST RD,N,URBAN,N,N,N,,DARK (LIGHTED),CLEAR,DRY,,NO JUNCTION INVOLVED,STRAIGHT/LEVEL,ASPHALT,ANIMAL/OBJECT IN RDWAY,COLLISION WITH DEER,NJACOBSTST RD 46 W,LN CONTROL,2019-12-20 21:10:00,,,
ISP BLOOMINGTON 33,BLOOMINGTON,1,,0.0,0.0,0.0,7559.0,,,ST RD 48,,,0.0,S,39.064281047525526,-86.5413591021725,ST RD,,RURAL,N,N,N,,DAYLIGHT,CLEAR,DRY,,NO JUNCTION INVOLVED,,ASPHALT,ANIMAL/OBJECT IN RDWAY,RAN OFF RD,,,2019-12-20 12:26:00,,,
BLOOMINGTON PD,BLOOMINGTON,2,0.0,0.0,0.0,0.0,,,,W 11TH,W FOUNTAIN DR,,,,39.164268378415855,-86.50910092681512,LOCAL/CITY RD,N,URBAN,N,N,N,,DAYLIGHT,CLEAR,DRY,,NO JUNCTION INVOLVED,STRAIGHT/LEVEL,ASPHALT,UNSAFE LN MOVEMENT,OTHER - EXPLAIN IN NARRATIVE,11THSTFOUNTAINDR,NONE,2019-12-20 03:04:00,,,
BLOOMINGTON PD,BLOOMINGTON,2,0.0,0.0,0.0,0.0,,,,W ARCH HAVEN,S LANDMARK AVE,,100.0,E,39.07948628004497,-86.66655856936048,LOCAL/CITY RD,N,URBAN,N,N,N,,DAYLIGHT,CLEAR,DRY,,NO JUNCTION INVOLVED,STRAIGHT/LEVEL,ASPHALT,UNSAFE BACKING,BACKING CRASH,SLANDMARKAVEWARCHHAVENDR,NONE,2019-12-20 00:12:00,,,
ISP BLOOMINGTON 33,BLOOMINGTON,1,,0.0,0.0,0.0,,,,W GIFFORD,S APPLE TREE PL,,950.0,E,39.16364,-86.64987,LOCAL/CITY RD,,URBAN,N,N,N,,DAYLIGHT,CLEAR,DRY,,NO JUNCTION INVOLVED,,ASPHALT,,RAN OFF RD,,,2019-12-20 11:40:00,,,
MONROE SD,BLOOMINGTON,2,0.0,0.0,0.0,0.0,,,,S ORCHARD,S WALNUT ST,,,,39.154921130342004,-86.56323222230859,COUNTY RD,N,RURAL,N,N,N,,DAYLIGHT,CLEAR,DRY,,NO JUNCTION INVOLVED,STRAIGHT/HILLCREST,ASPHALT,FOLLOWING TOO CLOSELY,REAR END,ORCHARDLNWALNUTST,NONE,2019-12-21 14:50:00,,,
INDIANA UNIV BLOOMINGTON PD,BLOOMINGTON,2,0.0,0.0,0.0,0.0,,,,E 3RD,S MITCHELL ST,,,,39.166566654562885,-86.53563262848144,LOCAL/CITY RD,N,URBAN,N,N,N,,DAYLIGHT,CLEAR,DRY,,Y-INTERSECTION,STRAIGHT/LEVEL,ASPHALT,UNSAFE LN MOVEMENT,SAME DIRECTION SIDESWIPE,MITCHELLST3RDST,NONE,2019-12-21 16:15:00,,,
MONROE SD,BLOOMINGTON,1,0.0,0.0,0.0,0.0,,,,E N SHORE,E SPILLWAY DR,,,,39.20996,-86.58271,LOCAL/CITY RD,N,RURAL,N,N,N,,DARK (NOT LIGHTED),CLEAR,DRY,,T-INTERSECTION,CURVE/GRADE,ASPHALT,RAN OFF RD RIGHT,RAN OFF RD,ENORTHSHOREDRESPILLWAYRD,NONE,2019-12-21 23:44:00,,,
MONROE SD,BLOOMINGTON,2,0.0,1.0,0.0,0.0,,,,E RHORER,S HARRELL RD,,,,39.170441877159114,-86.53610073862257,LOCAL/CITY RD,N,RURAL,N,N,N,,DAYLIGHT,CLEAR,DRY,,T-INTERSECTION,STRAIGHT/LEVEL,ASPHALT,FAILURE TO YIELD RIGHT OF WAY,LEFT TURN,ERHORERRDSHARRELLRD,STOP SIGN,2019-12-21 09:18:00,,,